[2026-10-01T07:05:14.041+0000] {processor.py:186} INFO - Started process (PID=171) to work on /opt/airflow/dags/dbt_pipeline.py
[2026-10-01T07:05:14.044+0000] {processor.py:914} INFO - Processing file /opt/airflow/dags/dbt_pipeline.py for tasks to queue
[2026-10-01T07:05:14.048+0000] {logging_mixin.py:190} INFO - [2026-10-01T07:05:14.048+0000] {dagbag.py:588} INFO - Filling up the DagBag from /opt/airflow/dags/dbt_pipeline.py
[2026-10-01T07:05:14.109+0000] {processor.py:925} INFO - DAG(s) 'my_data_pipeline' retrieved from /opt/airflow/dags/dbt_pipeline.py
[2026-10-01T07:05:14.411+0000] {logging_mixin.py:190} INFO - [2026-10-01T07:05:14.410+0000] {override.py:1912} INFO - Created Permission View: can delete on DAG:my_data_pipeline
[2026-10-01T07:05:14.425+0000] {logging_mixin.py:190} INFO - [2026-10-01T07:05:14.425+0000] {override.py:1912} INFO - Created Permission View: can edit on DAG:my_data_pipeline
[2026-10-01T07:05:14.434+0000] {logging_mixin.py:190} INFO - [2026-10-01T07:05:14.434+0000] {override.py:1912} INFO - Created Permission View: can read on DAG:my_data_pipeline
[2026-10-01T07:05:14.445+0000] {logging_mixin.py:190} INFO - [2026-10-01T07:05:14.445+0000] {override.py:1912} INFO - Created Permission View: can delete on DAG Run:my_data_pipeline
[2026-10-01T07:05:14.452+0000] {logging_mixin.py:190} INFO - [2026-10-01T07:05:14.452+0000] {override.py:1912} INFO - Created Permission View: can create on DAG Run:my_data_pipeline
[2026-10-01T07:05:14.460+0000] {logging_mixin.py:190} INFO - [2026-10-01T07:05:14.460+0000] {override.py:1912} INFO - Created Permission View: menu access on DAG Run:my_data_pipeline
[2026-10-01T07:05:14.468+0000] {logging_mixin.py:190} INFO - [2026-10-01T07:05:14.468+0000] {override.py:1912} INFO - Created Permission View: can read on DAG Run:my_data_pipeline
[2026-10-01T07:05:14.470+0000] {logging_mixin.py:190} INFO - [2026-10-01T07:05:14.469+0000] {dag.py:3239} INFO - Sync 1 DAGs
[2026-10-01T07:05:14.485+0000] {logging_mixin.py:190} INFO - [2026-10-01T07:05:14.485+0000] {dag.py:3262} INFO - Creating ORM DAG for my_data_pipeline
[2026-10-01T07:05:14.502+0000] {logging_mixin.py:190} INFO - [2026-10-01T07:05:14.501+0000] {dag.py:4180} INFO - Setting next_dagrun for my_data_pipeline to 2026-09-30 00:00:00+00:00, run_after=2026-10-01 00:00:00+00:00
[2026-10-01T07:05:14.530+0000] {processor.py:208} INFO - Processing /opt/airflow/dags/dbt_pipeline.py took 0.500 seconds
[2026-10-01T07:05:44.850+0000] {processor.py:186} INFO - Started process (PID=183) to work on /opt/airflow/dags/dbt_pipeline.py
[2026-10-01T07:05:44.852+0000] {processor.py:914} INFO - Processing file /opt/airflow/dags/dbt_pipeline.py for tasks to queue
[2026-10-01T07:05:44.857+0000] {logging_mixin.py:190} INFO - [2026-10-01T07:05:44.856+0000] {dagbag.py:588} INFO - Filling up the DagBag from /opt/airflow/dags/dbt_pipeline.py
[2026-10-01T07:05:44.887+0000] {processor.py:925} INFO - DAG(s) 'my_data_pipeline' retrieved from /opt/airflow/dags/dbt_pipeline.py
[2026-10-01T07:05:44.919+0000] {logging_mixin.py:190} INFO - [2026-10-01T07:05:44.919+0000] {dag.py:3239} INFO - Sync 1 DAGs
[2026-10-01T07:05:44.944+0000] {logging_mixin.py:190} INFO - [2026-10-01T07:05:44.944+0000] {dag.py:4180} INFO - Setting next_dagrun for my_data_pipeline to 2026-09-30 00:00:00+00:00, run_after=2026-10-01 00:00:00+00:00
[2026-10-01T07:05:44.973+0000] {processor.py:208} INFO - Processing /opt/airflow/dags/dbt_pipeline.py took 0.128 seconds
[2026-10-01T07:06:15.151+0000] {processor.py:186} INFO - Started process (PID=188) to work on /opt/airflow/dags/dbt_pipeline.py
[2026-10-01T07:06:15.153+0000] {processor.py:914} INFO - Processing file /opt/airflow/dags/dbt_pipeline.py for tasks to queue
[2026-10-01T07:06:15.157+0000] {logging_mixin.py:190} INFO - [2026-10-01T07:06:15.156+0000] {dagbag.py:588} INFO - Filling up the DagBag from /opt/airflow/dags/dbt_pipeline.py
[2026-10-01T07:06:15.188+0000] {processor.py:925} INFO - DAG(s) 'my_data_pipeline' retrieved from /opt/airflow/dags/dbt_pipeline.py
[2026-10-01T07:06:15.222+0000] {logging_mixin.py:190} INFO - [2026-10-01T07:06:15.222+0000] {dag.py:3239} INFO - Sync 1 DAGs
[2026-10-01T07:06:15.246+0000] {logging_mixin.py:190} INFO - [2026-10-01T07:06:15.246+0000] {dag.py:4180} INFO - Setting next_dagrun for my_data_pipeline to 2026-09-30 00:00:00+00:00, run_after=2026-10-01 00:00:00+00:00
[2026-10-01T07:06:15.275+0000] {processor.py:208} INFO - Processing /opt/airflow/dags/dbt_pipeline.py took 0.132 seconds
[2026-10-01T07:06:45.585+0000] {processor.py:186} INFO - Started process (PID=207) to work on /opt/airflow/dags/dbt_pipeline.py
[2026-10-01T07:06:45.587+0000] {processor.py:914} INFO - Processing file /opt/airflow/dags/dbt_pipeline.py for tasks to queue
[2026-10-01T07:06:45.589+0000] {logging_mixin.py:190} INFO - [2026-10-01T07:06:45.589+0000] {dagbag.py:588} INFO - Filling up the DagBag from /opt/airflow/dags/dbt_pipeline.py
[2026-10-01T07:06:45.618+0000] {processor.py:925} INFO - DAG(s) 'my_data_pipeline' retrieved from /opt/airflow/dags/dbt_pipeline.py
[2026-10-01T07:06:45.651+0000] {logging_mixin.py:190} INFO - [2026-10-01T07:06:45.651+0000] {dag.py:3239} INFO - Sync 1 DAGs
[2026-10-01T07:06:45.684+0000] {logging_mixin.py:190} INFO - [2026-10-01T07:06:45.684+0000] {dag.py:4180} INFO - Setting next_dagrun for my_data_pipeline to 2026-09-30 00:00:00+00:00, run_after=2026-10-01 00:00:00+00:00
[2026-10-01T07:06:45.708+0000] {processor.py:208} INFO - Processing /opt/airflow/dags/dbt_pipeline.py took 0.130 seconds
[2026-10-01T07:07:15.927+0000] {processor.py:186} INFO - Started process (PID=212) to work on /opt/airflow/dags/dbt_pipeline.py
[2026-10-01T07:07:15.928+0000] {processor.py:914} INFO - Processing file /opt/airflow/dags/dbt_pipeline.py for tasks to queue
[2026-10-01T07:07:15.930+0000] {logging_mixin.py:190} INFO - [2026-10-01T07:07:15.930+0000] {dagbag.py:588} INFO - Filling up the DagBag from /opt/airflow/dags/dbt_pipeline.py
[2026-10-01T07:07:15.952+0000] {processor.py:925} INFO - DAG(s) 'my_data_pipeline' retrieved from /opt/airflow/dags/dbt_pipeline.py
[2026-10-01T07:07:15.980+0000] {logging_mixin.py:190} INFO - [2026-10-01T07:07:15.980+0000] {dag.py:3239} INFO - Sync 1 DAGs
[2026-10-01T07:07:16.006+0000] {logging_mixin.py:190} INFO - [2026-10-01T07:07:16.006+0000] {dag.py:4180} INFO - Setting next_dagrun for my_data_pipeline to 2026-09-30 00:00:00+00:00, run_after=2026-10-01 00:00:00+00:00
[2026-10-01T07:07:16.026+0000] {processor.py:208} INFO - Processing /opt/airflow/dags/dbt_pipeline.py took 0.106 seconds
[2026-10-01T07:07:46.360+0000] {processor.py:186} INFO - Started process (PID=217) to work on /opt/airflow/dags/dbt_pipeline.py
[2026-10-01T07:07:46.362+0000] {processor.py:914} INFO - Processing file /opt/airflow/dags/dbt_pipeline.py for tasks to queue
[2026-10-01T07:07:46.365+0000] {logging_mixin.py:190} INFO - [2026-10-01T07:07:46.365+0000] {dagbag.py:588} INFO - Filling up the DagBag from /opt/airflow/dags/dbt_pipeline.py
[2026-10-01T07:07:46.392+0000] {processor.py:925} INFO - DAG(s) 'my_data_pipeline' retrieved from /opt/airflow/dags/dbt_pipeline.py
[2026-10-01T07:07:46.417+0000] {logging_mixin.py:190} INFO - [2026-10-01T07:07:46.416+0000] {dag.py:3239} INFO - Sync 1 DAGs
[2026-10-01T07:07:46.435+0000] {logging_mixin.py:190} INFO - [2026-10-01T07:07:46.435+0000] {dag.py:4180} INFO - Setting next_dagrun for my_data_pipeline to 2026-09-30 00:00:00+00:00, run_after=2026-10-01 00:00:00+00:00
[2026-10-01T07:07:46.453+0000] {processor.py:208} INFO - Processing /opt/airflow/dags/dbt_pipeline.py took 0.098 seconds
[2026-10-01T07:08:16.743+0000] {processor.py:186} INFO - Started process (PID=222) to work on /opt/airflow/dags/dbt_pipeline.py
[2026-10-01T07:08:16.744+0000] {processor.py:914} INFO - Processing file /opt/airflow/dags/dbt_pipeline.py for tasks to queue
[2026-10-01T07:08:16.747+0000] {logging_mixin.py:190} INFO - [2026-10-01T07:08:16.746+0000] {dagbag.py:588} INFO - Filling up the DagBag from /opt/airflow/dags/dbt_pipeline.py
[2026-10-01T07:08:16.774+0000] {processor.py:925} INFO - DAG(s) 'my_data_pipeline' retrieved from /opt/airflow/dags/dbt_pipeline.py
[2026-10-01T07:08:16.801+0000] {logging_mixin.py:190} INFO - [2026-10-01T07:08:16.801+0000] {dag.py:3239} INFO - Sync 1 DAGs
[2026-10-01T07:08:16.825+0000] {logging_mixin.py:190} INFO - [2026-10-01T07:08:16.824+0000] {dag.py:4180} INFO - Setting next_dagrun for my_data_pipeline to 2026-09-30 00:00:00+00:00, run_after=2026-10-01 00:00:00+00:00
[2026-10-01T07:08:16.843+0000] {processor.py:208} INFO - Processing /opt/airflow/dags/dbt_pipeline.py took 0.106 seconds
[2026-10-01T07:08:47.101+0000] {processor.py:186} INFO - Started process (PID=227) to work on /opt/airflow/dags/dbt_pipeline.py
[2026-10-01T07:08:47.102+0000] {processor.py:914} INFO - Processing file /opt/airflow/dags/dbt_pipeline.py for tasks to queue
[2026-10-01T07:08:47.104+0000] {logging_mixin.py:190} INFO - [2026-10-01T07:08:47.104+0000] {dagbag.py:588} INFO - Filling up the DagBag from /opt/airflow/dags/dbt_pipeline.py
[2026-10-01T07:08:47.135+0000] {processor.py:925} INFO - DAG(s) 'my_data_pipeline' retrieved from /opt/airflow/dags/dbt_pipeline.py
[2026-10-01T07:08:47.166+0000] {logging_mixin.py:190} INFO - [2026-10-01T07:08:47.166+0000] {dag.py:3239} INFO - Sync 1 DAGs
[2026-10-01T07:08:47.190+0000] {logging_mixin.py:190} INFO - [2026-10-01T07:08:47.189+0000] {dag.py:4180} INFO - Setting next_dagrun for my_data_pipeline to 2026-09-30 00:00:00+00:00, run_after=2026-10-01 00:00:00+00:00
[2026-10-01T07:08:47.210+0000] {processor.py:208} INFO - Processing /opt/airflow/dags/dbt_pipeline.py took 0.113 seconds
[2026-10-01T07:09:17.419+0000] {processor.py:186} INFO - Started process (PID=279) to work on /opt/airflow/dags/dbt_pipeline.py
[2026-10-01T07:09:17.420+0000] {processor.py:914} INFO - Processing file /opt/airflow/dags/dbt_pipeline.py for tasks to queue
[2026-10-01T07:09:17.424+0000] {logging_mixin.py:190} INFO - [2026-10-01T07:09:17.424+0000] {dagbag.py:588} INFO - Filling up the DagBag from /opt/airflow/dags/dbt_pipeline.py
[2026-10-01T07:09:17.464+0000] {processor.py:925} INFO - DAG(s) 'my_data_pipeline' retrieved from /opt/airflow/dags/dbt_pipeline.py
[2026-10-01T07:09:17.512+0000] {logging_mixin.py:190} INFO - [2026-10-01T07:09:17.511+0000] {dag.py:3239} INFO - Sync 1 DAGs
[2026-10-01T07:09:17.539+0000] {logging_mixin.py:190} INFO - [2026-10-01T07:09:17.539+0000] {dag.py:4180} INFO - Setting next_dagrun for my_data_pipeline to 2026-10-01 00:00:00+00:00, run_after=2026-10-02 00:00:00+00:00
[2026-10-01T07:09:17.563+0000] {processor.py:208} INFO - Processing /opt/airflow/dags/dbt_pipeline.py took 0.153 seconds
[2026-10-01T07:09:47.692+0000] {processor.py:186} INFO - Started process (PID=352) to work on /opt/airflow/dags/dbt_pipeline.py
[2026-10-01T07:09:47.695+0000] {processor.py:914} INFO - Processing file /opt/airflow/dags/dbt_pipeline.py for tasks to queue
[2026-10-01T07:09:47.700+0000] {logging_mixin.py:190} INFO - [2026-10-01T07:09:47.699+0000] {dagbag.py:588} INFO - Filling up the DagBag from /opt/airflow/dags/dbt_pipeline.py
[2026-10-01T07:09:47.734+0000] {processor.py:925} INFO - DAG(s) 'my_data_pipeline' retrieved from /opt/airflow/dags/dbt_pipeline.py
[2026-10-01T07:09:47.771+0000] {logging_mixin.py:190} INFO - [2026-10-01T07:09:47.771+0000] {dag.py:3239} INFO - Sync 1 DAGs
[2026-10-01T07:09:47.809+0000] {logging_mixin.py:190} INFO - [2026-10-01T07:09:47.808+0000] {dag.py:4180} INFO - Setting next_dagrun for my_data_pipeline to 2026-10-01 00:00:00+00:00, run_after=2026-10-02 00:00:00+00:00
[2026-10-01T07:09:47.844+0000] {processor.py:208} INFO - Processing /opt/airflow/dags/dbt_pipeline.py took 0.160 seconds
[2026-10-01T07:10:18.082+0000] {processor.py:186} INFO - Started process (PID=364) to work on /opt/airflow/dags/dbt_pipeline.py
[2026-10-01T07:10:18.084+0000] {processor.py:914} INFO - Processing file /opt/airflow/dags/dbt_pipeline.py for tasks to queue
[2026-10-01T07:10:18.086+0000] {logging_mixin.py:190} INFO - [2026-10-01T07:10:18.086+0000] {dagbag.py:588} INFO - Filling up the DagBag from /opt/airflow/dags/dbt_pipeline.py
[2026-10-01T07:10:18.120+0000] {processor.py:925} INFO - DAG(s) 'my_data_pipeline' retrieved from /opt/airflow/dags/dbt_pipeline.py
[2026-10-01T07:10:18.158+0000] {logging_mixin.py:190} INFO - [2026-10-01T07:10:18.158+0000] {dag.py:3239} INFO - Sync 1 DAGs
[2026-10-01T07:10:18.183+0000] {logging_mixin.py:190} INFO - [2026-10-01T07:10:18.183+0000] {dag.py:4180} INFO - Setting next_dagrun for my_data_pipeline to 2026-10-01 00:00:00+00:00, run_after=2026-10-02 00:00:00+00:00
[2026-10-01T07:10:18.208+0000] {processor.py:208} INFO - Processing /opt/airflow/dags/dbt_pipeline.py took 0.130 seconds
[2026-10-01T07:10:48.317+0000] {processor.py:186} INFO - Started process (PID=369) to work on /opt/airflow/dags/dbt_pipeline.py
[2026-10-01T07:10:48.319+0000] {processor.py:914} INFO - Processing file /opt/airflow/dags/dbt_pipeline.py for tasks to queue
[2026-10-01T07:10:48.324+0000] {logging_mixin.py:190} INFO - [2026-10-01T07:10:48.323+0000] {dagbag.py:588} INFO - Filling up the DagBag from /opt/airflow/dags/dbt_pipeline.py
[2026-10-01T07:10:48.365+0000] {processor.py:925} INFO - DAG(s) 'my_data_pipeline' retrieved from /opt/airflow/dags/dbt_pipeline.py
[2026-10-01T07:10:48.401+0000] {logging_mixin.py:190} INFO - [2026-10-01T07:10:48.401+0000] {dag.py:3239} INFO - Sync 1 DAGs
[2026-10-01T07:10:48.427+0000] {logging_mixin.py:190} INFO - [2026-10-01T07:10:48.427+0000] {dag.py:4180} INFO - Setting next_dagrun for my_data_pipeline to 2026-10-01 00:00:00+00:00, run_after=2026-10-02 00:00:00+00:00
[2026-10-01T07:10:48.448+0000] {processor.py:208} INFO - Processing /opt/airflow/dags/dbt_pipeline.py took 0.135 seconds
[2026-10-01T07:11:18.675+0000] {processor.py:186} INFO - Started process (PID=389) to work on /opt/airflow/dags/dbt_pipeline.py
[2026-10-01T07:11:18.677+0000] {processor.py:914} INFO - Processing file /opt/airflow/dags/dbt_pipeline.py for tasks to queue
[2026-10-01T07:11:18.680+0000] {logging_mixin.py:190} INFO - [2026-10-01T07:11:18.679+0000] {dagbag.py:588} INFO - Filling up the DagBag from /opt/airflow/dags/dbt_pipeline.py
[2026-10-01T07:11:18.714+0000] {processor.py:925} INFO - DAG(s) 'my_data_pipeline' retrieved from /opt/airflow/dags/dbt_pipeline.py
[2026-10-01T07:11:18.757+0000] {logging_mixin.py:190} INFO - [2026-10-01T07:11:18.757+0000] {dag.py:3239} INFO - Sync 1 DAGs
[2026-10-01T07:11:18.793+0000] {logging_mixin.py:190} INFO - [2026-10-01T07:11:18.793+0000] {dag.py:4180} INFO - Setting next_dagrun for my_data_pipeline to 2026-10-01 00:00:00+00:00, run_after=2026-10-02 00:00:00+00:00
[2026-10-01T07:11:18.825+0000] {processor.py:208} INFO - Processing /opt/airflow/dags/dbt_pipeline.py took 0.155 seconds
[2026-10-01T07:11:48.916+0000] {processor.py:186} INFO - Started process (PID=394) to work on /opt/airflow/dags/dbt_pipeline.py
[2026-10-01T07:11:48.918+0000] {processor.py:914} INFO - Processing file /opt/airflow/dags/dbt_pipeline.py for tasks to queue
[2026-10-01T07:11:48.920+0000] {logging_mixin.py:190} INFO - [2026-10-01T07:11:48.920+0000] {dagbag.py:588} INFO - Filling up the DagBag from /opt/airflow/dags/dbt_pipeline.py
[2026-10-01T07:11:48.952+0000] {processor.py:925} INFO - DAG(s) 'my_data_pipeline' retrieved from /opt/airflow/dags/dbt_pipeline.py
[2026-10-01T07:11:48.981+0000] {logging_mixin.py:190} INFO - [2026-10-01T07:11:48.981+0000] {dag.py:3239} INFO - Sync 1 DAGs
[2026-10-01T07:11:49.004+0000] {logging_mixin.py:190} INFO - [2026-10-01T07:11:49.004+0000] {dag.py:4180} INFO - Setting next_dagrun for my_data_pipeline to 2026-10-01 00:00:00+00:00, run_after=2026-10-02 00:00:00+00:00
[2026-10-01T07:11:49.031+0000] {processor.py:208} INFO - Processing /opt/airflow/dags/dbt_pipeline.py took 0.122 seconds
[2026-10-01T07:12:19.151+0000] {processor.py:186} INFO - Started process (PID=406) to work on /opt/airflow/dags/dbt_pipeline.py
[2026-10-01T07:12:19.152+0000] {processor.py:914} INFO - Processing file /opt/airflow/dags/dbt_pipeline.py for tasks to queue
[2026-10-01T07:12:19.155+0000] {logging_mixin.py:190} INFO - [2026-10-01T07:12:19.155+0000] {dagbag.py:588} INFO - Filling up the DagBag from /opt/airflow/dags/dbt_pipeline.py
[2026-10-01T07:12:19.186+0000] {processor.py:925} INFO - DAG(s) 'my_data_pipeline' retrieved from /opt/airflow/dags/dbt_pipeline.py
[2026-10-01T07:12:19.219+0000] {logging_mixin.py:190} INFO - [2026-10-01T07:12:19.219+0000] {dag.py:3239} INFO - Sync 1 DAGs
[2026-10-01T07:12:19.242+0000] {logging_mixin.py:190} INFO - [2026-10-01T07:12:19.242+0000] {dag.py:4180} INFO - Setting next_dagrun for my_data_pipeline to 2026-10-01 00:00:00+00:00, run_after=2026-10-02 00:00:00+00:00
[2026-10-01T07:12:19.270+0000] {processor.py:208} INFO - Processing /opt/airflow/dags/dbt_pipeline.py took 0.126 seconds
[2026-10-01T07:12:49.466+0000] {processor.py:186} INFO - Started process (PID=411) to work on /opt/airflow/dags/dbt_pipeline.py
[2026-10-01T07:12:49.467+0000] {processor.py:914} INFO - Processing file /opt/airflow/dags/dbt_pipeline.py for tasks to queue
[2026-10-01T07:12:49.471+0000] {logging_mixin.py:190} INFO - [2026-10-01T07:12:49.471+0000] {dagbag.py:588} INFO - Filling up the DagBag from /opt/airflow/dags/dbt_pipeline.py
[2026-10-01T07:12:49.501+0000] {processor.py:925} INFO - DAG(s) 'my_data_pipeline' retrieved from /opt/airflow/dags/dbt_pipeline.py
[2026-10-01T07:12:49.536+0000] {logging_mixin.py:190} INFO - [2026-10-01T07:12:49.536+0000] {dag.py:3239} INFO - Sync 1 DAGs
[2026-10-01T07:12:49.557+0000] {logging_mixin.py:190} INFO - [2026-10-01T07:12:49.557+0000] {dag.py:4180} INFO - Setting next_dagrun for my_data_pipeline to 2026-10-01 00:00:00+00:00, run_after=2026-10-02 00:00:00+00:00
[2026-10-01T07:12:49.577+0000] {processor.py:208} INFO - Processing /opt/airflow/dags/dbt_pipeline.py took 0.116 seconds
[2026-10-01T07:13:19.717+0000] {processor.py:186} INFO - Started process (PID=416) to work on /opt/airflow/dags/dbt_pipeline.py
[2026-10-01T07:13:19.718+0000] {processor.py:914} INFO - Processing file /opt/airflow/dags/dbt_pipeline.py for tasks to queue
[2026-10-01T07:13:19.722+0000] {logging_mixin.py:190} INFO - [2026-10-01T07:13:19.721+0000] {dagbag.py:588} INFO - Filling up the DagBag from /opt/airflow/dags/dbt_pipeline.py
[2026-10-01T07:13:19.753+0000] {processor.py:925} INFO - DAG(s) 'my_data_pipeline' retrieved from /opt/airflow/dags/dbt_pipeline.py
[2026-10-01T07:13:19.786+0000] {logging_mixin.py:190} INFO - [2026-10-01T07:13:19.786+0000] {dag.py:3239} INFO - Sync 1 DAGs
[2026-10-01T07:13:19.815+0000] {logging_mixin.py:190} INFO - [2026-10-01T07:13:19.815+0000] {dag.py:4180} INFO - Setting next_dagrun for my_data_pipeline to 2026-10-01 00:00:00+00:00, run_after=2026-10-02 00:00:00+00:00
[2026-10-01T07:13:19.846+0000] {processor.py:208} INFO - Processing /opt/airflow/dags/dbt_pipeline.py took 0.133 seconds
[2026-10-01T07:13:50.006+0000] {processor.py:186} INFO - Started process (PID=424) to work on /opt/airflow/dags/dbt_pipeline.py
[2026-10-01T07:13:50.008+0000] {processor.py:914} INFO - Processing file /opt/airflow/dags/dbt_pipeline.py for tasks to queue
[2026-10-01T07:13:50.011+0000] {logging_mixin.py:190} INFO - [2026-10-01T07:13:50.010+0000] {dagbag.py:588} INFO - Filling up the DagBag from /opt/airflow/dags/dbt_pipeline.py
[2026-10-01T07:13:50.042+0000] {processor.py:925} INFO - DAG(s) 'my_data_pipeline' retrieved from /opt/airflow/dags/dbt_pipeline.py
[2026-10-01T07:13:50.076+0000] {logging_mixin.py:190} INFO - [2026-10-01T07:13:50.076+0000] {dag.py:3239} INFO - Sync 1 DAGs
[2026-10-01T07:13:50.106+0000] {logging_mixin.py:190} INFO - [2026-10-01T07:13:50.106+0000] {dag.py:4180} INFO - Setting next_dagrun for my_data_pipeline to 2026-10-01 00:00:00+00:00, run_after=2026-10-02 00:00:00+00:00
[2026-10-01T07:13:50.129+0000] {processor.py:208} INFO - Processing /opt/airflow/dags/dbt_pipeline.py took 0.132 seconds
[2026-10-01T07:14:09.197+0000] {processor.py:186} INFO - Started process (PID=443) to work on /opt/airflow/dags/dbt_pipeline.py
[2026-10-01T07:14:09.199+0000] {processor.py:914} INFO - Processing file /opt/airflow/dags/dbt_pipeline.py for tasks to queue
[2026-10-01T07:14:09.201+0000] {logging_mixin.py:190} INFO - [2026-10-01T07:14:09.201+0000] {dagbag.py:588} INFO - Filling up the DagBag from /opt/airflow/dags/dbt_pipeline.py
[2026-10-01T07:14:09.242+0000] {processor.py:925} INFO - DAG(s) 'my_data_pipeline' retrieved from /opt/airflow/dags/dbt_pipeline.py
[2026-10-01T07:14:09.376+0000] {logging_mixin.py:190} INFO - [2026-10-01T07:14:09.376+0000] {dag.py:3239} INFO - Sync 1 DAGs
[2026-10-01T07:14:09.425+0000] {processor.py:208} INFO - Processing /opt/airflow/dags/dbt_pipeline.py took 0.235 seconds
[2026-10-01T07:14:39.519+0000] {processor.py:186} INFO - Started process (PID=448) to work on /opt/airflow/dags/dbt_pipeline.py
[2026-10-01T07:14:39.520+0000] {processor.py:914} INFO - Processing file /opt/airflow/dags/dbt_pipeline.py for tasks to queue
[2026-10-01T07:14:39.523+0000] {logging_mixin.py:190} INFO - [2026-10-01T07:14:39.522+0000] {dagbag.py:588} INFO - Filling up the DagBag from /opt/airflow/dags/dbt_pipeline.py
[2026-10-01T07:14:39.557+0000] {processor.py:925} INFO - DAG(s) 'my_data_pipeline' retrieved from /opt/airflow/dags/dbt_pipeline.py
[2026-10-01T07:14:39.592+0000] {logging_mixin.py:190} INFO - [2026-10-01T07:14:39.592+0000] {dag.py:3239} INFO - Sync 1 DAGs
[2026-10-01T07:14:39.634+0000] {processor.py:208} INFO - Processing /opt/airflow/dags/dbt_pipeline.py took 0.120 seconds
[2026-10-01T07:15:09.863+0000] {processor.py:186} INFO - Started process (PID=453) to work on /opt/airflow/dags/dbt_pipeline.py
[2026-10-01T07:15:09.865+0000] {processor.py:914} INFO - Processing file /opt/airflow/dags/dbt_pipeline.py for tasks to queue
[2026-10-01T07:15:09.867+0000] {logging_mixin.py:190} INFO - [2026-10-01T07:15:09.867+0000] {dagbag.py:588} INFO - Filling up the DagBag from /opt/airflow/dags/dbt_pipeline.py
[2026-10-01T07:15:09.897+0000] {processor.py:925} INFO - DAG(s) 'my_data_pipeline' retrieved from /opt/airflow/dags/dbt_pipeline.py
[2026-10-01T07:15:09.928+0000] {logging_mixin.py:190} INFO - [2026-10-01T07:15:09.928+0000] {dag.py:3239} INFO - Sync 1 DAGs
[2026-10-01T07:15:09.973+0000] {processor.py:208} INFO - Processing /opt/airflow/dags/dbt_pipeline.py took 0.116 seconds
[2026-10-01T07:15:40.133+0000] {processor.py:186} INFO - Started process (PID=458) to work on /opt/airflow/dags/dbt_pipeline.py
[2026-10-01T07:15:40.135+0000] {processor.py:914} INFO - Processing file /opt/airflow/dags/dbt_pipeline.py for tasks to queue
[2026-10-01T07:15:40.140+0000] {logging_mixin.py:190} INFO - [2026-10-01T07:15:40.139+0000] {dagbag.py:588} INFO - Filling up the DagBag from /opt/airflow/dags/dbt_pipeline.py
[2026-10-01T07:15:40.184+0000] {processor.py:925} INFO - DAG(s) 'my_data_pipeline' retrieved from /opt/airflow/dags/dbt_pipeline.py
[2026-10-01T07:15:40.227+0000] {logging_mixin.py:190} INFO - [2026-10-01T07:15:40.227+0000] {dag.py:3239} INFO - Sync 1 DAGs
[2026-10-01T07:15:40.280+0000] {processor.py:208} INFO - Processing /opt/airflow/dags/dbt_pipeline.py took 0.158 seconds
[2026-10-01T07:16:08.461+0000] {processor.py:186} INFO - Started process (PID=463) to work on /opt/airflow/dags/dbt_pipeline.py
[2026-10-01T07:16:08.463+0000] {processor.py:914} INFO - Processing file /opt/airflow/dags/dbt_pipeline.py for tasks to queue
[2026-10-01T07:16:08.466+0000] {logging_mixin.py:190} INFO - [2026-10-01T07:16:08.465+0000] {dagbag.py:588} INFO - Filling up the DagBag from /opt/airflow/dags/dbt_pipeline.py
[2026-10-01T07:16:08.525+0000] {processor.py:925} INFO - DAG(s) 'my_data_pipeline' retrieved from /opt/airflow/dags/dbt_pipeline.py
[2026-10-01T07:16:08.640+0000] {logging_mixin.py:190} INFO - [2026-10-01T07:16:08.640+0000] {dag.py:3239} INFO - Sync 1 DAGs
[2026-10-01T07:16:08.682+0000] {processor.py:208} INFO - Processing /opt/airflow/dags/dbt_pipeline.py took 0.226 seconds
[2026-10-01T07:16:19.596+0000] {processor.py:186} INFO - Started process (PID=468) to work on /opt/airflow/dags/dbt_pipeline.py
[2026-10-01T07:16:19.597+0000] {processor.py:914} INFO - Processing file /opt/airflow/dags/dbt_pipeline.py for tasks to queue
[2026-10-01T07:16:19.600+0000] {logging_mixin.py:190} INFO - [2026-10-01T07:16:19.599+0000] {dagbag.py:588} INFO - Filling up the DagBag from /opt/airflow/dags/dbt_pipeline.py
[2026-10-01T07:16:19.650+0000] {processor.py:925} INFO - DAG(s) 'my_data_pipeline' retrieved from /opt/airflow/dags/dbt_pipeline.py
[2026-10-01T07:16:19.674+0000] {logging_mixin.py:190} INFO - [2026-10-01T07:16:19.673+0000] {dag.py:3239} INFO - Sync 1 DAGs
[2026-10-01T07:16:19.737+0000] {processor.py:208} INFO - Processing /opt/airflow/dags/dbt_pipeline.py took 0.149 seconds
[2026-10-01T07:16:49.822+0000] {processor.py:186} INFO - Started process (PID=480) to work on /opt/airflow/dags/dbt_pipeline.py
[2026-10-01T07:16:49.824+0000] {processor.py:914} INFO - Processing file /opt/airflow/dags/dbt_pipeline.py for tasks to queue
[2026-10-01T07:16:49.827+0000] {logging_mixin.py:190} INFO - [2026-10-01T07:16:49.826+0000] {dagbag.py:588} INFO - Filling up the DagBag from /opt/airflow/dags/dbt_pipeline.py
[2026-10-01T07:16:49.866+0000] {processor.py:925} INFO - DAG(s) 'my_data_pipeline' retrieved from /opt/airflow/dags/dbt_pipeline.py
[2026-10-01T07:16:49.911+0000] {logging_mixin.py:190} INFO - [2026-10-01T07:16:49.911+0000] {dag.py:3239} INFO - Sync 1 DAGs
[2026-10-01T07:16:49.960+0000] {processor.py:208} INFO - Processing /opt/airflow/dags/dbt_pipeline.py took 0.149 seconds
[2026-10-01T07:17:20.204+0000] {processor.py:186} INFO - Started process (PID=492) to work on /opt/airflow/dags/dbt_pipeline.py
[2026-10-01T07:17:20.206+0000] {processor.py:914} INFO - Processing file /opt/airflow/dags/dbt_pipeline.py for tasks to queue
[2026-10-01T07:17:20.208+0000] {logging_mixin.py:190} INFO - [2026-10-01T07:17:20.208+0000] {dagbag.py:588} INFO - Filling up the DagBag from /opt/airflow/dags/dbt_pipeline.py
[2026-10-01T07:17:20.240+0000] {processor.py:925} INFO - DAG(s) 'my_data_pipeline' retrieved from /opt/airflow/dags/dbt_pipeline.py
[2026-10-01T07:17:20.271+0000] {logging_mixin.py:190} INFO - [2026-10-01T07:17:20.271+0000] {dag.py:3239} INFO - Sync 1 DAGs
[2026-10-01T07:17:20.322+0000] {processor.py:208} INFO - Processing /opt/airflow/dags/dbt_pipeline.py took 0.122 seconds
[2026-10-01T07:17:50.451+0000] {processor.py:186} INFO - Started process (PID=589) to work on /opt/airflow/dags/dbt_pipeline.py
[2026-10-01T07:17:50.453+0000] {processor.py:914} INFO - Processing file /opt/airflow/dags/dbt_pipeline.py for tasks to queue
[2026-10-01T07:17:50.455+0000] {logging_mixin.py:190} INFO - [2026-10-01T07:17:50.455+0000] {dagbag.py:588} INFO - Filling up the DagBag from /opt/airflow/dags/dbt_pipeline.py
[2026-10-01T07:17:50.483+0000] {processor.py:925} INFO - DAG(s) 'my_data_pipeline' retrieved from /opt/airflow/dags/dbt_pipeline.py
[2026-10-01T07:17:50.518+0000] {logging_mixin.py:190} INFO - [2026-10-01T07:17:50.517+0000] {dag.py:3239} INFO - Sync 1 DAGs
[2026-10-01T07:17:50.565+0000] {processor.py:208} INFO - Processing /opt/airflow/dags/dbt_pipeline.py took 0.121 seconds
[2026-10-01T07:18:20.814+0000] {processor.py:186} INFO - Started process (PID=614) to work on /opt/airflow/dags/dbt_pipeline.py
[2026-10-01T07:18:20.816+0000] {processor.py:914} INFO - Processing file /opt/airflow/dags/dbt_pipeline.py for tasks to queue
[2026-10-01T07:18:20.818+0000] {logging_mixin.py:190} INFO - [2026-10-01T07:18:20.818+0000] {dagbag.py:588} INFO - Filling up the DagBag from /opt/airflow/dags/dbt_pipeline.py
[2026-10-01T07:18:20.848+0000] {processor.py:925} INFO - DAG(s) 'my_data_pipeline' retrieved from /opt/airflow/dags/dbt_pipeline.py
[2026-10-01T07:18:20.885+0000] {logging_mixin.py:190} INFO - [2026-10-01T07:18:20.885+0000] {dag.py:3239} INFO - Sync 1 DAGs
[2026-10-01T07:18:20.927+0000] {processor.py:208} INFO - Processing /opt/airflow/dags/dbt_pipeline.py took 0.119 seconds
[2026-10-01T07:18:51.230+0000] {processor.py:186} INFO - Started process (PID=637) to work on /opt/airflow/dags/dbt_pipeline.py
[2026-10-01T07:18:51.232+0000] {processor.py:914} INFO - Processing file /opt/airflow/dags/dbt_pipeline.py for tasks to queue
[2026-10-01T07:18:51.235+0000] {logging_mixin.py:190} INFO - [2026-10-01T07:18:51.234+0000] {dagbag.py:588} INFO - Filling up the DagBag from /opt/airflow/dags/dbt_pipeline.py
[2026-10-01T07:18:51.274+0000] {processor.py:925} INFO - DAG(s) 'my_data_pipeline' retrieved from /opt/airflow/dags/dbt_pipeline.py
[2026-10-01T07:18:51.310+0000] {logging_mixin.py:190} INFO - [2026-10-01T07:18:51.309+0000] {dag.py:3239} INFO - Sync 1 DAGs
[2026-10-01T07:18:51.365+0000] {processor.py:208} INFO - Processing /opt/airflow/dags/dbt_pipeline.py took 0.142 seconds
[2026-10-01T07:19:21.638+0000] {processor.py:186} INFO - Started process (PID=643) to work on /opt/airflow/dags/dbt_pipeline.py
[2026-10-01T07:19:21.640+0000] {processor.py:914} INFO - Processing file /opt/airflow/dags/dbt_pipeline.py for tasks to queue
[2026-10-01T07:19:21.643+0000] {logging_mixin.py:190} INFO - [2026-10-01T07:19:21.643+0000] {dagbag.py:588} INFO - Filling up the DagBag from /opt/airflow/dags/dbt_pipeline.py
[2026-10-01T07:19:21.675+0000] {processor.py:925} INFO - DAG(s) 'my_data_pipeline' retrieved from /opt/airflow/dags/dbt_pipeline.py
[2026-10-01T07:19:21.708+0000] {logging_mixin.py:190} INFO - [2026-10-01T07:19:21.708+0000] {dag.py:3239} INFO - Sync 1 DAGs
[2026-10-01T07:19:21.753+0000] {processor.py:208} INFO - Processing /opt/airflow/dags/dbt_pipeline.py took 0.122 seconds
[2026-10-01T07:19:51.994+0000] {processor.py:186} INFO - Started process (PID=648) to work on /opt/airflow/dags/dbt_pipeline.py
[2026-10-01T07:19:51.995+0000] {processor.py:914} INFO - Processing file /opt/airflow/dags/dbt_pipeline.py for tasks to queue
[2026-10-01T07:19:52.000+0000] {logging_mixin.py:190} INFO - [2026-10-01T07:19:51.999+0000] {dagbag.py:588} INFO - Filling up the DagBag from /opt/airflow/dags/dbt_pipeline.py
[2026-10-01T07:19:52.032+0000] {processor.py:925} INFO - DAG(s) 'my_data_pipeline' retrieved from /opt/airflow/dags/dbt_pipeline.py
[2026-10-01T07:19:52.080+0000] {logging_mixin.py:190} INFO - [2026-10-01T07:19:52.080+0000] {dag.py:3239} INFO - Sync 1 DAGs
[2026-10-01T07:19:52.140+0000] {processor.py:208} INFO - Processing /opt/airflow/dags/dbt_pipeline.py took 0.156 seconds
[2026-10-01T07:20:22.492+0000] {processor.py:186} INFO - Started process (PID=659) to work on /opt/airflow/dags/dbt_pipeline.py
[2026-10-01T07:20:22.493+0000] {processor.py:914} INFO - Processing file /opt/airflow/dags/dbt_pipeline.py for tasks to queue
[2026-10-01T07:20:22.497+0000] {logging_mixin.py:190} INFO - [2026-10-01T07:20:22.496+0000] {dagbag.py:588} INFO - Filling up the DagBag from /opt/airflow/dags/dbt_pipeline.py
[2026-10-01T07:20:22.531+0000] {processor.py:925} INFO - DAG(s) 'my_data_pipeline' retrieved from /opt/airflow/dags/dbt_pipeline.py
[2026-10-01T07:20:22.565+0000] {logging_mixin.py:190} INFO - [2026-10-01T07:20:22.565+0000] {dag.py:3239} INFO - Sync 1 DAGs
[2026-10-01T07:20:22.622+0000] {processor.py:208} INFO - Processing /opt/airflow/dags/dbt_pipeline.py took 0.135 seconds
[2026-10-01T07:20:52.781+0000] {processor.py:186} INFO - Started process (PID=665) to work on /opt/airflow/dags/dbt_pipeline.py
[2026-10-01T07:20:52.783+0000] {processor.py:914} INFO - Processing file /opt/airflow/dags/dbt_pipeline.py for tasks to queue
[2026-10-01T07:20:52.787+0000] {logging_mixin.py:190} INFO - [2026-10-01T07:20:52.786+0000] {dagbag.py:588} INFO - Filling up the DagBag from /opt/airflow/dags/dbt_pipeline.py
[2026-10-01T07:20:52.823+0000] {processor.py:925} INFO - DAG(s) 'my_data_pipeline' retrieved from /opt/airflow/dags/dbt_pipeline.py
[2026-10-01T07:20:52.864+0000] {logging_mixin.py:190} INFO - [2026-10-01T07:20:52.863+0000] {dag.py:3239} INFO - Sync 1 DAGs
[2026-10-01T07:20:52.919+0000] {processor.py:208} INFO - Processing /opt/airflow/dags/dbt_pipeline.py took 0.148 seconds
[2026-10-01T07:21:23.318+0000] {processor.py:186} INFO - Started process (PID=670) to work on /opt/airflow/dags/dbt_pipeline.py
[2026-10-01T07:21:23.320+0000] {processor.py:914} INFO - Processing file /opt/airflow/dags/dbt_pipeline.py for tasks to queue
[2026-10-01T07:21:23.323+0000] {logging_mixin.py:190} INFO - [2026-10-01T07:21:23.322+0000] {dagbag.py:588} INFO - Filling up the DagBag from /opt/airflow/dags/dbt_pipeline.py
[2026-10-01T07:21:23.368+0000] {processor.py:925} INFO - DAG(s) 'my_data_pipeline' retrieved from /opt/airflow/dags/dbt_pipeline.py
[2026-10-01T07:21:23.417+0000] {logging_mixin.py:190} INFO - [2026-10-01T07:21:23.417+0000] {dag.py:3239} INFO - Sync 1 DAGs
[2026-10-01T07:21:23.489+0000] {processor.py:208} INFO - Processing /opt/airflow/dags/dbt_pipeline.py took 0.184 seconds
[2026-10-01T07:21:53.633+0000] {processor.py:186} INFO - Started process (PID=675) to work on /opt/airflow/dags/dbt_pipeline.py
[2026-10-01T07:21:53.635+0000] {processor.py:914} INFO - Processing file /opt/airflow/dags/dbt_pipeline.py for tasks to queue
[2026-10-01T07:21:53.638+0000] {logging_mixin.py:190} INFO - [2026-10-01T07:21:53.637+0000] {dagbag.py:588} INFO - Filling up the DagBag from /opt/airflow/dags/dbt_pipeline.py
[2026-10-01T07:21:53.661+0000] {processor.py:925} INFO - DAG(s) 'my_data_pipeline' retrieved from /opt/airflow/dags/dbt_pipeline.py
[2026-10-01T07:21:53.693+0000] {logging_mixin.py:190} INFO - [2026-10-01T07:21:53.693+0000] {dag.py:3239} INFO - Sync 1 DAGs
[2026-10-01T07:21:53.736+0000] {processor.py:208} INFO - Processing /opt/airflow/dags/dbt_pipeline.py took 0.109 seconds
[2026-10-01T07:22:23.961+0000] {processor.py:186} INFO - Started process (PID=680) to work on /opt/airflow/dags/dbt_pipeline.py
[2026-10-01T07:22:23.963+0000] {processor.py:914} INFO - Processing file /opt/airflow/dags/dbt_pipeline.py for tasks to queue
[2026-10-01T07:22:23.968+0000] {logging_mixin.py:190} INFO - [2026-10-01T07:22:23.967+0000] {dagbag.py:588} INFO - Filling up the DagBag from /opt/airflow/dags/dbt_pipeline.py
[2026-10-01T07:22:24.010+0000] {processor.py:925} INFO - DAG(s) 'my_data_pipeline' retrieved from /opt/airflow/dags/dbt_pipeline.py
[2026-10-01T07:22:24.045+0000] {logging_mixin.py:190} INFO - [2026-10-01T07:22:24.045+0000] {dag.py:3239} INFO - Sync 1 DAGs
[2026-10-01T07:22:24.097+0000] {processor.py:208} INFO - Processing /opt/airflow/dags/dbt_pipeline.py took 0.152 seconds
[2026-10-01T07:22:54.405+0000] {processor.py:186} INFO - Started process (PID=685) to work on /opt/airflow/dags/dbt_pipeline.py
[2026-10-01T07:22:54.407+0000] {processor.py:914} INFO - Processing file /opt/airflow/dags/dbt_pipeline.py for tasks to queue
[2026-10-01T07:22:54.413+0000] {logging_mixin.py:190} INFO - [2026-10-01T07:22:54.413+0000] {dagbag.py:588} INFO - Filling up the DagBag from /opt/airflow/dags/dbt_pipeline.py
[2026-10-01T07:22:54.459+0000] {processor.py:925} INFO - DAG(s) 'my_data_pipeline' retrieved from /opt/airflow/dags/dbt_pipeline.py
[2026-10-01T07:22:54.516+0000] {logging_mixin.py:190} INFO - [2026-10-01T07:22:54.515+0000] {dag.py:3239} INFO - Sync 1 DAGs
[2026-10-01T07:22:54.592+0000] {processor.py:208} INFO - Processing /opt/airflow/dags/dbt_pipeline.py took 0.200 seconds
[2026-10-01T07:23:24.775+0000] {processor.py:186} INFO - Started process (PID=706) to work on /opt/airflow/dags/dbt_pipeline.py
[2026-10-01T07:23:24.777+0000] {processor.py:914} INFO - Processing file /opt/airflow/dags/dbt_pipeline.py for tasks to queue
[2026-10-01T07:23:24.779+0000] {logging_mixin.py:190} INFO - [2026-10-01T07:23:24.779+0000] {dagbag.py:588} INFO - Filling up the DagBag from /opt/airflow/dags/dbt_pipeline.py
[2026-10-01T07:23:24.803+0000] {processor.py:925} INFO - DAG(s) 'my_data_pipeline' retrieved from /opt/airflow/dags/dbt_pipeline.py
[2026-10-01T07:23:24.834+0000] {logging_mixin.py:190} INFO - [2026-10-01T07:23:24.833+0000] {dag.py:3239} INFO - Sync 1 DAGs
[2026-10-01T07:23:24.876+0000] {processor.py:208} INFO - Processing /opt/airflow/dags/dbt_pipeline.py took 0.106 seconds
[2026-10-01T07:23:55.069+0000] {processor.py:186} INFO - Started process (PID=727) to work on /opt/airflow/dags/dbt_pipeline.py
[2026-10-01T07:23:55.071+0000] {processor.py:914} INFO - Processing file /opt/airflow/dags/dbt_pipeline.py for tasks to queue
[2026-10-01T07:23:55.077+0000] {logging_mixin.py:190} INFO - [2026-10-01T07:23:55.075+0000] {dagbag.py:588} INFO - Filling up the DagBag from /opt/airflow/dags/dbt_pipeline.py
[2026-10-01T07:23:55.115+0000] {processor.py:925} INFO - DAG(s) 'my_data_pipeline' retrieved from /opt/airflow/dags/dbt_pipeline.py
[2026-10-01T07:23:55.181+0000] {logging_mixin.py:190} INFO - [2026-10-01T07:23:55.180+0000] {dag.py:3239} INFO - Sync 1 DAGs
[2026-10-01T07:23:55.231+0000] {logging_mixin.py:190} INFO - [2026-10-01T07:23:55.230+0000] {dag.py:4180} INFO - Setting next_dagrun for my_data_pipeline to 2026-09-30 10:00:00+00:00, run_after=2026-10-01 10:00:00+00:00
[2026-10-01T07:23:55.268+0000] {processor.py:208} INFO - Processing /opt/airflow/dags/dbt_pipeline.py took 0.208 seconds
[2026-10-01T07:24:25.448+0000] {processor.py:186} INFO - Started process (PID=788) to work on /opt/airflow/dags/dbt_pipeline.py
[2026-10-01T07:24:25.451+0000] {processor.py:914} INFO - Processing file /opt/airflow/dags/dbt_pipeline.py for tasks to queue
[2026-10-01T07:24:25.455+0000] {logging_mixin.py:190} INFO - [2026-10-01T07:24:25.454+0000] {dagbag.py:588} INFO - Filling up the DagBag from /opt/airflow/dags/dbt_pipeline.py
[2026-10-01T07:24:25.494+0000] {processor.py:925} INFO - DAG(s) 'my_data_pipeline' retrieved from /opt/airflow/dags/dbt_pipeline.py
[2026-10-01T07:24:25.527+0000] {logging_mixin.py:190} INFO - [2026-10-01T07:24:25.527+0000] {dag.py:3239} INFO - Sync 1 DAGs
[2026-10-01T07:24:25.562+0000] {processor.py:208} INFO - Processing /opt/airflow/dags/dbt_pipeline.py took 0.122 seconds
[2026-10-01T07:24:55.740+0000] {processor.py:186} INFO - Started process (PID=793) to work on /opt/airflow/dags/dbt_pipeline.py
[2026-10-01T07:24:55.742+0000] {processor.py:914} INFO - Processing file /opt/airflow/dags/dbt_pipeline.py for tasks to queue
[2026-10-01T07:24:55.745+0000] {logging_mixin.py:190} INFO - [2026-10-01T07:24:55.745+0000] {dagbag.py:588} INFO - Filling up the DagBag from /opt/airflow/dags/dbt_pipeline.py
[2026-10-01T07:24:55.778+0000] {processor.py:925} INFO - DAG(s) 'my_data_pipeline' retrieved from /opt/airflow/dags/dbt_pipeline.py
[2026-10-01T07:24:55.806+0000] {logging_mixin.py:190} INFO - [2026-10-01T07:24:55.806+0000] {dag.py:3239} INFO - Sync 1 DAGs
[2026-10-01T07:24:55.855+0000] {processor.py:208} INFO - Processing /opt/airflow/dags/dbt_pipeline.py took 0.122 seconds
[2026-10-01T07:25:26.037+0000] {processor.py:186} INFO - Started process (PID=798) to work on /opt/airflow/dags/dbt_pipeline.py
[2026-10-01T07:25:26.039+0000] {processor.py:914} INFO - Processing file /opt/airflow/dags/dbt_pipeline.py for tasks to queue
[2026-10-01T07:25:26.043+0000] {logging_mixin.py:190} INFO - [2026-10-01T07:25:26.042+0000] {dagbag.py:588} INFO - Filling up the DagBag from /opt/airflow/dags/dbt_pipeline.py
[2026-10-01T07:25:26.080+0000] {processor.py:925} INFO - DAG(s) 'my_data_pipeline' retrieved from /opt/airflow/dags/dbt_pipeline.py
[2026-10-01T07:25:26.124+0000] {logging_mixin.py:190} INFO - [2026-10-01T07:25:26.123+0000] {dag.py:3239} INFO - Sync 1 DAGs
[2026-10-01T07:25:26.186+0000] {processor.py:208} INFO - Processing /opt/airflow/dags/dbt_pipeline.py took 0.157 seconds
[2026-10-01T07:25:56.332+0000] {processor.py:186} INFO - Started process (PID=803) to work on /opt/airflow/dags/dbt_pipeline.py
[2026-10-01T07:25:56.333+0000] {processor.py:914} INFO - Processing file /opt/airflow/dags/dbt_pipeline.py for tasks to queue
[2026-10-01T07:25:56.337+0000] {logging_mixin.py:190} INFO - [2026-10-01T07:25:56.337+0000] {dagbag.py:588} INFO - Filling up the DagBag from /opt/airflow/dags/dbt_pipeline.py
[2026-10-01T07:25:56.370+0000] {processor.py:925} INFO - DAG(s) 'my_data_pipeline' retrieved from /opt/airflow/dags/dbt_pipeline.py
[2026-10-01T07:25:56.402+0000] {logging_mixin.py:190} INFO - [2026-10-01T07:25:56.402+0000] {dag.py:3239} INFO - Sync 1 DAGs
[2026-10-01T07:25:56.450+0000] {processor.py:208} INFO - Processing /opt/airflow/dags/dbt_pipeline.py took 0.125 seconds
[2026-10-01T07:26:26.652+0000] {processor.py:186} INFO - Started process (PID=808) to work on /opt/airflow/dags/dbt_pipeline.py
[2026-10-01T07:26:26.654+0000] {processor.py:914} INFO - Processing file /opt/airflow/dags/dbt_pipeline.py for tasks to queue
[2026-10-01T07:26:26.657+0000] {logging_mixin.py:190} INFO - [2026-10-01T07:26:26.657+0000] {dagbag.py:588} INFO - Filling up the DagBag from /opt/airflow/dags/dbt_pipeline.py
[2026-10-01T07:26:26.695+0000] {processor.py:925} INFO - DAG(s) 'my_data_pipeline' retrieved from /opt/airflow/dags/dbt_pipeline.py
[2026-10-01T07:26:26.731+0000] {logging_mixin.py:190} INFO - [2026-10-01T07:26:26.731+0000] {dag.py:3239} INFO - Sync 1 DAGs
[2026-10-01T07:26:26.787+0000] {processor.py:208} INFO - Processing /opt/airflow/dags/dbt_pipeline.py took 0.144 seconds
[2026-10-01T07:26:56.943+0000] {processor.py:186} INFO - Started process (PID=813) to work on /opt/airflow/dags/dbt_pipeline.py
[2026-10-01T07:26:56.945+0000] {processor.py:914} INFO - Processing file /opt/airflow/dags/dbt_pipeline.py for tasks to queue
[2026-10-01T07:26:56.951+0000] {logging_mixin.py:190} INFO - [2026-10-01T07:26:56.950+0000] {dagbag.py:588} INFO - Filling up the DagBag from /opt/airflow/dags/dbt_pipeline.py
[2026-10-01T07:26:56.998+0000] {processor.py:925} INFO - DAG(s) 'my_data_pipeline' retrieved from /opt/airflow/dags/dbt_pipeline.py
[2026-10-01T07:26:57.059+0000] {logging_mixin.py:190} INFO - [2026-10-01T07:26:57.058+0000] {dag.py:3239} INFO - Sync 1 DAGs
[2026-10-01T07:26:57.127+0000] {processor.py:208} INFO - Processing /opt/airflow/dags/dbt_pipeline.py took 0.189 seconds
[2026-10-01T07:27:27.270+0000] {processor.py:186} INFO - Started process (PID=818) to work on /opt/airflow/dags/dbt_pipeline.py
[2026-10-01T07:27:27.272+0000] {processor.py:914} INFO - Processing file /opt/airflow/dags/dbt_pipeline.py for tasks to queue
[2026-10-01T07:27:27.275+0000] {logging_mixin.py:190} INFO - [2026-10-01T07:27:27.275+0000] {dagbag.py:588} INFO - Filling up the DagBag from /opt/airflow/dags/dbt_pipeline.py
[2026-10-01T07:27:27.330+0000] {processor.py:925} INFO - DAG(s) 'my_data_pipeline' retrieved from /opt/airflow/dags/dbt_pipeline.py
[2026-10-01T07:27:27.382+0000] {logging_mixin.py:190} INFO - [2026-10-01T07:27:27.381+0000] {dag.py:3239} INFO - Sync 1 DAGs
[2026-10-01T07:27:27.438+0000] {processor.py:208} INFO - Processing /opt/airflow/dags/dbt_pipeline.py took 0.179 seconds
[2026-10-01T07:27:57.634+0000] {processor.py:186} INFO - Started process (PID=837) to work on /opt/airflow/dags/dbt_pipeline.py
[2026-10-01T07:27:57.635+0000] {processor.py:914} INFO - Processing file /opt/airflow/dags/dbt_pipeline.py for tasks to queue
[2026-10-01T07:27:57.638+0000] {logging_mixin.py:190} INFO - [2026-10-01T07:27:57.638+0000] {dagbag.py:588} INFO - Filling up the DagBag from /opt/airflow/dags/dbt_pipeline.py
[2026-10-01T07:27:57.676+0000] {processor.py:925} INFO - DAG(s) 'my_data_pipeline' retrieved from /opt/airflow/dags/dbt_pipeline.py
[2026-10-01T07:27:57.713+0000] {logging_mixin.py:190} INFO - [2026-10-01T07:27:57.713+0000] {dag.py:3239} INFO - Sync 1 DAGs
[2026-10-01T07:27:57.767+0000] {processor.py:208} INFO - Processing /opt/airflow/dags/dbt_pipeline.py took 0.140 seconds
[2026-10-01T07:28:27.946+0000] {processor.py:186} INFO - Started process (PID=842) to work on /opt/airflow/dags/dbt_pipeline.py
[2026-10-01T07:28:27.948+0000] {processor.py:914} INFO - Processing file /opt/airflow/dags/dbt_pipeline.py for tasks to queue
[2026-10-01T07:28:27.952+0000] {logging_mixin.py:190} INFO - [2026-10-01T07:28:27.951+0000] {dagbag.py:588} INFO - Filling up the DagBag from /opt/airflow/dags/dbt_pipeline.py
[2026-10-01T07:28:27.995+0000] {processor.py:925} INFO - DAG(s) 'my_data_pipeline' retrieved from /opt/airflow/dags/dbt_pipeline.py
[2026-10-01T07:28:28.035+0000] {logging_mixin.py:190} INFO - [2026-10-01T07:28:28.035+0000] {dag.py:3239} INFO - Sync 1 DAGs
[2026-10-01T07:28:28.096+0000] {processor.py:208} INFO - Processing /opt/airflow/dags/dbt_pipeline.py took 0.161 seconds
[2026-10-01T07:28:58.280+0000] {processor.py:186} INFO - Started process (PID=847) to work on /opt/airflow/dags/dbt_pipeline.py
[2026-10-01T07:28:58.281+0000] {processor.py:914} INFO - Processing file /opt/airflow/dags/dbt_pipeline.py for tasks to queue
[2026-10-01T07:28:58.284+0000] {logging_mixin.py:190} INFO - [2026-10-01T07:28:58.284+0000] {dagbag.py:588} INFO - Filling up the DagBag from /opt/airflow/dags/dbt_pipeline.py
[2026-10-01T07:28:58.322+0000] {processor.py:925} INFO - DAG(s) 'my_data_pipeline' retrieved from /opt/airflow/dags/dbt_pipeline.py
[2026-10-01T07:28:58.360+0000] {logging_mixin.py:190} INFO - [2026-10-01T07:28:58.359+0000] {dag.py:3239} INFO - Sync 1 DAGs
[2026-10-01T07:28:58.413+0000] {processor.py:208} INFO - Processing /opt/airflow/dags/dbt_pipeline.py took 0.139 seconds
[2026-10-01T07:29:28.656+0000] {processor.py:186} INFO - Started process (PID=903) to work on /opt/airflow/dags/dbt_pipeline.py
[2026-10-01T07:29:28.659+0000] {processor.py:914} INFO - Processing file /opt/airflow/dags/dbt_pipeline.py for tasks to queue
[2026-10-01T07:29:28.668+0000] {logging_mixin.py:190} INFO - [2026-10-01T07:29:28.667+0000] {dagbag.py:588} INFO - Filling up the DagBag from /opt/airflow/dags/dbt_pipeline.py
[2026-10-01T07:29:28.714+0000] {processor.py:925} INFO - DAG(s) 'my_data_pipeline' retrieved from /opt/airflow/dags/dbt_pipeline.py
[2026-10-01T07:29:28.767+0000] {logging_mixin.py:190} INFO - [2026-10-01T07:29:28.766+0000] {dag.py:3239} INFO - Sync 1 DAGs
[2026-10-01T07:29:28.842+0000] {processor.py:208} INFO - Processing /opt/airflow/dags/dbt_pipeline.py took 0.199 seconds
[2026-10-01T07:29:58.961+0000] {processor.py:186} INFO - Started process (PID=931) to work on /opt/airflow/dags/dbt_pipeline.py
[2026-10-01T07:29:58.964+0000] {processor.py:914} INFO - Processing file /opt/airflow/dags/dbt_pipeline.py for tasks to queue
[2026-10-01T07:29:58.969+0000] {logging_mixin.py:190} INFO - [2026-10-01T07:29:58.969+0000] {dagbag.py:588} INFO - Filling up the DagBag from /opt/airflow/dags/dbt_pipeline.py
[2026-10-01T07:29:59.008+0000] {processor.py:925} INFO - DAG(s) 'my_data_pipeline' retrieved from /opt/airflow/dags/dbt_pipeline.py
[2026-10-01T07:29:59.052+0000] {logging_mixin.py:190} INFO - [2026-10-01T07:29:59.051+0000] {dag.py:3239} INFO - Sync 1 DAGs
[2026-10-01T07:29:59.109+0000] {processor.py:208} INFO - Processing /opt/airflow/dags/dbt_pipeline.py took 0.156 seconds
[2026-10-01T07:30:29.456+0000] {processor.py:186} INFO - Started process (PID=936) to work on /opt/airflow/dags/dbt_pipeline.py
[2026-10-01T07:30:29.457+0000] {processor.py:914} INFO - Processing file /opt/airflow/dags/dbt_pipeline.py for tasks to queue
[2026-10-01T07:30:29.463+0000] {logging_mixin.py:190} INFO - [2026-10-01T07:30:29.462+0000] {dagbag.py:588} INFO - Filling up the DagBag from /opt/airflow/dags/dbt_pipeline.py
[2026-10-01T07:30:29.501+0000] {processor.py:925} INFO - DAG(s) 'my_data_pipeline' retrieved from /opt/airflow/dags/dbt_pipeline.py
[2026-10-01T07:30:29.539+0000] {logging_mixin.py:190} INFO - [2026-10-01T07:30:29.539+0000] {dag.py:3239} INFO - Sync 1 DAGs
[2026-10-01T07:30:29.590+0000] {processor.py:208} INFO - Processing /opt/airflow/dags/dbt_pipeline.py took 0.140 seconds
[2026-10-01T07:30:59.775+0000] {processor.py:186} INFO - Started process (PID=941) to work on /opt/airflow/dags/dbt_pipeline.py
[2026-10-01T07:30:59.776+0000] {processor.py:914} INFO - Processing file /opt/airflow/dags/dbt_pipeline.py for tasks to queue
[2026-10-01T07:30:59.780+0000] {logging_mixin.py:190} INFO - [2026-10-01T07:30:59.779+0000] {dagbag.py:588} INFO - Filling up the DagBag from /opt/airflow/dags/dbt_pipeline.py
[2026-10-01T07:30:59.826+0000] {processor.py:925} INFO - DAG(s) 'my_data_pipeline' retrieved from /opt/airflow/dags/dbt_pipeline.py
[2026-10-01T07:30:59.868+0000] {logging_mixin.py:190} INFO - [2026-10-01T07:30:59.868+0000] {dag.py:3239} INFO - Sync 1 DAGs
[2026-10-01T07:30:59.928+0000] {processor.py:208} INFO - Processing /opt/airflow/dags/dbt_pipeline.py took 0.161 seconds
[2026-10-01T07:31:30.252+0000] {processor.py:186} INFO - Started process (PID=946) to work on /opt/airflow/dags/dbt_pipeline.py
[2026-10-01T07:31:30.254+0000] {processor.py:914} INFO - Processing file /opt/airflow/dags/dbt_pipeline.py for tasks to queue
[2026-10-01T07:31:30.258+0000] {logging_mixin.py:190} INFO - [2026-10-01T07:31:30.257+0000] {dagbag.py:588} INFO - Filling up the DagBag from /opt/airflow/dags/dbt_pipeline.py
[2026-10-01T07:31:30.298+0000] {processor.py:925} INFO - DAG(s) 'my_data_pipeline' retrieved from /opt/airflow/dags/dbt_pipeline.py
[2026-10-01T07:31:30.335+0000] {logging_mixin.py:190} INFO - [2026-10-01T07:31:30.335+0000] {dag.py:3239} INFO - Sync 1 DAGs
[2026-10-01T07:31:30.393+0000] {processor.py:208} INFO - Processing /opt/airflow/dags/dbt_pipeline.py took 0.149 seconds
[2026-10-01T07:32:00.664+0000] {processor.py:186} INFO - Started process (PID=951) to work on /opt/airflow/dags/dbt_pipeline.py
[2026-10-01T07:32:00.665+0000] {processor.py:914} INFO - Processing file /opt/airflow/dags/dbt_pipeline.py for tasks to queue
[2026-10-01T07:32:00.668+0000] {logging_mixin.py:190} INFO - [2026-10-01T07:32:00.668+0000] {dagbag.py:588} INFO - Filling up the DagBag from /opt/airflow/dags/dbt_pipeline.py
[2026-10-01T07:32:00.701+0000] {processor.py:925} INFO - DAG(s) 'my_data_pipeline' retrieved from /opt/airflow/dags/dbt_pipeline.py
[2026-10-01T07:32:00.737+0000] {logging_mixin.py:190} INFO - [2026-10-01T07:32:00.737+0000] {dag.py:3239} INFO - Sync 1 DAGs
[2026-10-01T07:32:00.785+0000] {processor.py:208} INFO - Processing /opt/airflow/dags/dbt_pipeline.py took 0.126 seconds
[2026-10-01T07:32:31.118+0000] {processor.py:186} INFO - Started process (PID=956) to work on /opt/airflow/dags/dbt_pipeline.py
[2026-10-01T07:32:31.120+0000] {processor.py:914} INFO - Processing file /opt/airflow/dags/dbt_pipeline.py for tasks to queue
[2026-10-01T07:32:31.123+0000] {logging_mixin.py:190} INFO - [2026-10-01T07:32:31.123+0000] {dagbag.py:588} INFO - Filling up the DagBag from /opt/airflow/dags/dbt_pipeline.py
[2026-10-01T07:32:31.161+0000] {processor.py:925} INFO - DAG(s) 'my_data_pipeline' retrieved from /opt/airflow/dags/dbt_pipeline.py
[2026-10-01T07:32:31.189+0000] {logging_mixin.py:190} INFO - [2026-10-01T07:32:31.189+0000] {dag.py:3239} INFO - Sync 1 DAGs
[2026-10-01T07:32:31.236+0000] {processor.py:208} INFO - Processing /opt/airflow/dags/dbt_pipeline.py took 0.127 seconds
[2026-10-01T07:33:01.484+0000] {processor.py:186} INFO - Started process (PID=961) to work on /opt/airflow/dags/dbt_pipeline.py
[2026-10-01T07:33:01.486+0000] {processor.py:914} INFO - Processing file /opt/airflow/dags/dbt_pipeline.py for tasks to queue
[2026-10-01T07:33:01.488+0000] {logging_mixin.py:190} INFO - [2026-10-01T07:33:01.488+0000] {dagbag.py:588} INFO - Filling up the DagBag from /opt/airflow/dags/dbt_pipeline.py
[2026-10-01T07:33:01.526+0000] {processor.py:925} INFO - DAG(s) 'my_data_pipeline' retrieved from /opt/airflow/dags/dbt_pipeline.py
[2026-10-01T07:33:01.558+0000] {logging_mixin.py:190} INFO - [2026-10-01T07:33:01.558+0000] {dag.py:3239} INFO - Sync 1 DAGs
[2026-10-01T07:33:01.610+0000] {processor.py:208} INFO - Processing /opt/airflow/dags/dbt_pipeline.py took 0.132 seconds
[2026-10-01T07:33:31.950+0000] {processor.py:186} INFO - Started process (PID=966) to work on /opt/airflow/dags/dbt_pipeline.py
[2026-10-01T07:33:31.951+0000] {processor.py:914} INFO - Processing file /opt/airflow/dags/dbt_pipeline.py for tasks to queue
[2026-10-01T07:33:31.954+0000] {logging_mixin.py:190} INFO - [2026-10-01T07:33:31.954+0000] {dagbag.py:588} INFO - Filling up the DagBag from /opt/airflow/dags/dbt_pipeline.py
[2026-10-01T07:33:31.984+0000] {processor.py:925} INFO - DAG(s) 'my_data_pipeline' retrieved from /opt/airflow/dags/dbt_pipeline.py
[2026-10-01T07:33:32.012+0000] {logging_mixin.py:190} INFO - [2026-10-01T07:33:32.012+0000] {dag.py:3239} INFO - Sync 1 DAGs
[2026-10-01T07:33:32.057+0000] {processor.py:208} INFO - Processing /opt/airflow/dags/dbt_pipeline.py took 0.112 seconds
[2026-10-01T07:34:02.291+0000] {processor.py:186} INFO - Started process (PID=971) to work on /opt/airflow/dags/dbt_pipeline.py
[2026-10-01T07:34:02.294+0000] {processor.py:914} INFO - Processing file /opt/airflow/dags/dbt_pipeline.py for tasks to queue
[2026-10-01T07:34:02.298+0000] {logging_mixin.py:190} INFO - [2026-10-01T07:34:02.297+0000] {dagbag.py:588} INFO - Filling up the DagBag from /opt/airflow/dags/dbt_pipeline.py
[2026-10-01T07:34:02.338+0000] {processor.py:925} INFO - DAG(s) 'my_data_pipeline' retrieved from /opt/airflow/dags/dbt_pipeline.py
[2026-10-01T07:34:02.377+0000] {logging_mixin.py:190} INFO - [2026-10-01T07:34:02.376+0000] {dag.py:3239} INFO - Sync 1 DAGs
[2026-10-01T07:34:02.434+0000] {processor.py:208} INFO - Processing /opt/airflow/dags/dbt_pipeline.py took 0.149 seconds
[2026-10-01T07:34:32.690+0000] {processor.py:186} INFO - Started process (PID=976) to work on /opt/airflow/dags/dbt_pipeline.py
[2026-10-01T07:34:32.693+0000] {processor.py:914} INFO - Processing file /opt/airflow/dags/dbt_pipeline.py for tasks to queue
[2026-10-01T07:34:32.696+0000] {logging_mixin.py:190} INFO - [2026-10-01T07:34:32.695+0000] {dagbag.py:588} INFO - Filling up the DagBag from /opt/airflow/dags/dbt_pipeline.py
[2026-10-01T07:34:32.731+0000] {processor.py:925} INFO - DAG(s) 'my_data_pipeline' retrieved from /opt/airflow/dags/dbt_pipeline.py
[2026-10-01T07:34:32.765+0000] {logging_mixin.py:190} INFO - [2026-10-01T07:34:32.765+0000] {dag.py:3239} INFO - Sync 1 DAGs
[2026-10-01T07:34:32.816+0000] {processor.py:208} INFO - Processing /opt/airflow/dags/dbt_pipeline.py took 0.133 seconds
[2026-10-01T07:35:03.089+0000] {processor.py:186} INFO - Started process (PID=998) to work on /opt/airflow/dags/dbt_pipeline.py
[2026-10-01T07:35:03.092+0000] {processor.py:914} INFO - Processing file /opt/airflow/dags/dbt_pipeline.py for tasks to queue
[2026-10-01T07:35:03.097+0000] {logging_mixin.py:190} INFO - [2026-10-01T07:35:03.097+0000] {dagbag.py:588} INFO - Filling up the DagBag from /opt/airflow/dags/dbt_pipeline.py
[2026-10-01T07:35:03.149+0000] {processor.py:925} INFO - DAG(s) 'my_data_pipeline' retrieved from /opt/airflow/dags/dbt_pipeline.py
[2026-10-01T07:35:03.190+0000] {logging_mixin.py:190} INFO - [2026-10-01T07:35:03.190+0000] {dag.py:3239} INFO - Sync 1 DAGs
[2026-10-01T07:35:03.272+0000] {processor.py:208} INFO - Processing /opt/airflow/dags/dbt_pipeline.py took 0.193 seconds
[2026-10-01T07:35:33.569+0000] {processor.py:186} INFO - Started process (PID=1014) to work on /opt/airflow/dags/dbt_pipeline.py
[2026-10-01T07:35:33.571+0000] {processor.py:914} INFO - Processing file /opt/airflow/dags/dbt_pipeline.py for tasks to queue
[2026-10-01T07:35:33.574+0000] {logging_mixin.py:190} INFO - [2026-10-01T07:35:33.574+0000] {dagbag.py:588} INFO - Filling up the DagBag from /opt/airflow/dags/dbt_pipeline.py
[2026-10-01T07:35:33.608+0000] {processor.py:925} INFO - DAG(s) 'my_data_pipeline' retrieved from /opt/airflow/dags/dbt_pipeline.py
[2026-10-01T07:35:33.642+0000] {logging_mixin.py:190} INFO - [2026-10-01T07:35:33.642+0000] {dag.py:3239} INFO - Sync 1 DAGs
[2026-10-01T07:35:33.668+0000] {logging_mixin.py:190} INFO - [2026-10-01T07:35:33.668+0000] {dag.py:4180} INFO - Setting next_dagrun for my_data_pipeline to 2026-09-30 10:00:00+00:00, run_after=2026-10-01 10:00:00+00:00
[2026-10-01T07:35:33.699+0000] {processor.py:208} INFO - Processing /opt/airflow/dags/dbt_pipeline.py took 0.137 seconds
[2026-10-01T07:36:03.910+0000] {processor.py:186} INFO - Started process (PID=1019) to work on /opt/airflow/dags/dbt_pipeline.py
[2026-10-01T07:36:03.912+0000] {processor.py:914} INFO - Processing file /opt/airflow/dags/dbt_pipeline.py for tasks to queue
[2026-10-01T07:36:03.916+0000] {logging_mixin.py:190} INFO - [2026-10-01T07:36:03.916+0000] {dagbag.py:588} INFO - Filling up the DagBag from /opt/airflow/dags/dbt_pipeline.py
[2026-10-01T07:36:03.959+0000] {processor.py:925} INFO - DAG(s) 'my_data_pipeline' retrieved from /opt/airflow/dags/dbt_pipeline.py
[2026-10-01T07:36:03.994+0000] {logging_mixin.py:190} INFO - [2026-10-01T07:36:03.994+0000] {dag.py:3239} INFO - Sync 1 DAGs
[2026-10-01T07:36:04.023+0000] {logging_mixin.py:190} INFO - [2026-10-01T07:36:04.023+0000] {dag.py:4180} INFO - Setting next_dagrun for my_data_pipeline to 2026-09-30 10:00:00+00:00, run_after=2026-10-01 10:00:00+00:00
[2026-10-01T07:36:04.057+0000] {processor.py:208} INFO - Processing /opt/airflow/dags/dbt_pipeline.py took 0.152 seconds
[2026-10-01T07:36:34.389+0000] {processor.py:186} INFO - Started process (PID=1024) to work on /opt/airflow/dags/dbt_pipeline.py
[2026-10-01T07:36:34.390+0000] {processor.py:914} INFO - Processing file /opt/airflow/dags/dbt_pipeline.py for tasks to queue
[2026-10-01T07:36:34.393+0000] {logging_mixin.py:190} INFO - [2026-10-01T07:36:34.393+0000] {dagbag.py:588} INFO - Filling up the DagBag from /opt/airflow/dags/dbt_pipeline.py
[2026-10-01T07:36:34.435+0000] {processor.py:925} INFO - DAG(s) 'my_data_pipeline' retrieved from /opt/airflow/dags/dbt_pipeline.py
[2026-10-01T07:36:34.465+0000] {logging_mixin.py:190} INFO - [2026-10-01T07:36:34.465+0000] {dag.py:3239} INFO - Sync 1 DAGs
[2026-10-01T07:36:34.487+0000] {logging_mixin.py:190} INFO - [2026-10-01T07:36:34.487+0000] {dag.py:4180} INFO - Setting next_dagrun for my_data_pipeline to 2026-09-30 10:00:00+00:00, run_after=2026-10-01 10:00:00+00:00
[2026-10-01T07:36:34.508+0000] {processor.py:208} INFO - Processing /opt/airflow/dags/dbt_pipeline.py took 0.125 seconds
[2026-10-01T07:37:04.776+0000] {processor.py:186} INFO - Started process (PID=1029) to work on /opt/airflow/dags/dbt_pipeline.py
[2026-10-01T07:37:04.777+0000] {processor.py:914} INFO - Processing file /opt/airflow/dags/dbt_pipeline.py for tasks to queue
[2026-10-01T07:37:04.781+0000] {logging_mixin.py:190} INFO - [2026-10-01T07:37:04.780+0000] {dagbag.py:588} INFO - Filling up the DagBag from /opt/airflow/dags/dbt_pipeline.py
[2026-10-01T07:37:04.822+0000] {processor.py:925} INFO - DAG(s) 'my_data_pipeline' retrieved from /opt/airflow/dags/dbt_pipeline.py
[2026-10-01T07:37:04.854+0000] {logging_mixin.py:190} INFO - [2026-10-01T07:37:04.854+0000] {dag.py:3239} INFO - Sync 1 DAGs
[2026-10-01T07:37:04.873+0000] {logging_mixin.py:190} INFO - [2026-10-01T07:37:04.873+0000] {dag.py:4180} INFO - Setting next_dagrun for my_data_pipeline to 2026-09-30 10:00:00+00:00, run_after=2026-10-01 10:00:00+00:00
[2026-10-01T07:37:04.902+0000] {processor.py:208} INFO - Processing /opt/airflow/dags/dbt_pipeline.py took 0.132 seconds
[2026-10-01T07:37:35.246+0000] {processor.py:186} INFO - Started process (PID=1034) to work on /opt/airflow/dags/dbt_pipeline.py
[2026-10-01T07:37:35.248+0000] {processor.py:914} INFO - Processing file /opt/airflow/dags/dbt_pipeline.py for tasks to queue
[2026-10-01T07:37:35.251+0000] {logging_mixin.py:190} INFO - [2026-10-01T07:37:35.250+0000] {dagbag.py:588} INFO - Filling up the DagBag from /opt/airflow/dags/dbt_pipeline.py
[2026-10-01T07:37:35.287+0000] {processor.py:925} INFO - DAG(s) 'my_data_pipeline' retrieved from /opt/airflow/dags/dbt_pipeline.py
[2026-10-01T07:37:35.314+0000] {logging_mixin.py:190} INFO - [2026-10-01T07:37:35.314+0000] {dag.py:3239} INFO - Sync 1 DAGs
[2026-10-01T07:37:35.335+0000] {logging_mixin.py:190} INFO - [2026-10-01T07:37:35.335+0000] {dag.py:4180} INFO - Setting next_dagrun for my_data_pipeline to 2026-09-30 10:00:00+00:00, run_after=2026-10-01 10:00:00+00:00
[2026-10-01T07:37:35.366+0000] {processor.py:208} INFO - Processing /opt/airflow/dags/dbt_pipeline.py took 0.126 seconds
[2026-10-01T07:38:05.723+0000] {processor.py:186} INFO - Started process (PID=1039) to work on /opt/airflow/dags/dbt_pipeline.py
[2026-10-01T07:38:05.725+0000] {processor.py:914} INFO - Processing file /opt/airflow/dags/dbt_pipeline.py for tasks to queue
[2026-10-01T07:38:05.728+0000] {logging_mixin.py:190} INFO - [2026-10-01T07:38:05.728+0000] {dagbag.py:588} INFO - Filling up the DagBag from /opt/airflow/dags/dbt_pipeline.py
[2026-10-01T07:38:05.763+0000] {processor.py:925} INFO - DAG(s) 'my_data_pipeline' retrieved from /opt/airflow/dags/dbt_pipeline.py
[2026-10-01T07:38:05.799+0000] {logging_mixin.py:190} INFO - [2026-10-01T07:38:05.799+0000] {dag.py:3239} INFO - Sync 1 DAGs
[2026-10-01T07:38:05.827+0000] {logging_mixin.py:190} INFO - [2026-10-01T07:38:05.827+0000] {dag.py:4180} INFO - Setting next_dagrun for my_data_pipeline to 2026-09-30 10:00:00+00:00, run_after=2026-10-01 10:00:00+00:00
[2026-10-01T07:38:05.847+0000] {processor.py:208} INFO - Processing /opt/airflow/dags/dbt_pipeline.py took 0.132 seconds
[2026-10-01T07:38:36.182+0000] {processor.py:186} INFO - Started process (PID=1044) to work on /opt/airflow/dags/dbt_pipeline.py
[2026-10-01T07:38:36.184+0000] {processor.py:914} INFO - Processing file /opt/airflow/dags/dbt_pipeline.py for tasks to queue
[2026-10-01T07:38:36.188+0000] {logging_mixin.py:190} INFO - [2026-10-01T07:38:36.188+0000] {dagbag.py:588} INFO - Filling up the DagBag from /opt/airflow/dags/dbt_pipeline.py
[2026-10-01T07:38:36.231+0000] {processor.py:925} INFO - DAG(s) 'my_data_pipeline' retrieved from /opt/airflow/dags/dbt_pipeline.py
[2026-10-01T07:38:36.262+0000] {logging_mixin.py:190} INFO - [2026-10-01T07:38:36.261+0000] {dag.py:3239} INFO - Sync 1 DAGs
[2026-10-01T07:38:36.285+0000] {logging_mixin.py:190} INFO - [2026-10-01T07:38:36.285+0000] {dag.py:4180} INFO - Setting next_dagrun for my_data_pipeline to 2026-09-30 10:00:00+00:00, run_after=2026-10-01 10:00:00+00:00
[2026-10-01T07:38:36.305+0000] {processor.py:208} INFO - Processing /opt/airflow/dags/dbt_pipeline.py took 0.131 seconds
[2026-10-01T07:39:06.631+0000] {processor.py:186} INFO - Started process (PID=1049) to work on /opt/airflow/dags/dbt_pipeline.py
[2026-10-01T07:39:06.635+0000] {processor.py:914} INFO - Processing file /opt/airflow/dags/dbt_pipeline.py for tasks to queue
[2026-10-01T07:39:06.642+0000] {logging_mixin.py:190} INFO - [2026-10-01T07:39:06.641+0000] {dagbag.py:588} INFO - Filling up the DagBag from /opt/airflow/dags/dbt_pipeline.py
[2026-10-01T07:39:06.694+0000] {processor.py:925} INFO - DAG(s) 'my_data_pipeline' retrieved from /opt/airflow/dags/dbt_pipeline.py
[2026-10-01T07:39:06.747+0000] {logging_mixin.py:190} INFO - [2026-10-01T07:39:06.747+0000] {dag.py:3239} INFO - Sync 1 DAGs
[2026-10-01T07:39:06.785+0000] {logging_mixin.py:190} INFO - [2026-10-01T07:39:06.785+0000] {dag.py:4180} INFO - Setting next_dagrun for my_data_pipeline to 2026-09-30 10:00:00+00:00, run_after=2026-10-01 10:00:00+00:00
[2026-10-01T07:39:06.827+0000] {processor.py:208} INFO - Processing /opt/airflow/dags/dbt_pipeline.py took 0.208 seconds
[2026-10-01T07:39:37.085+0000] {processor.py:186} INFO - Started process (PID=1054) to work on /opt/airflow/dags/dbt_pipeline.py
[2026-10-01T07:39:37.088+0000] {processor.py:914} INFO - Processing file /opt/airflow/dags/dbt_pipeline.py for tasks to queue
[2026-10-01T07:39:37.093+0000] {logging_mixin.py:190} INFO - [2026-10-01T07:39:37.092+0000] {dagbag.py:588} INFO - Filling up the DagBag from /opt/airflow/dags/dbt_pipeline.py
[2026-10-01T07:39:37.133+0000] {processor.py:925} INFO - DAG(s) 'my_data_pipeline' retrieved from /opt/airflow/dags/dbt_pipeline.py
[2026-10-01T07:39:37.176+0000] {logging_mixin.py:190} INFO - [2026-10-01T07:39:37.176+0000] {dag.py:3239} INFO - Sync 1 DAGs
[2026-10-01T07:39:37.210+0000] {logging_mixin.py:190} INFO - [2026-10-01T07:39:37.210+0000] {dag.py:4180} INFO - Setting next_dagrun for my_data_pipeline to 2026-09-30 10:00:00+00:00, run_after=2026-10-01 10:00:00+00:00
[2026-10-01T07:39:37.247+0000] {processor.py:208} INFO - Processing /opt/airflow/dags/dbt_pipeline.py took 0.170 seconds
[2026-10-01T07:40:07.573+0000] {processor.py:186} INFO - Started process (PID=1059) to work on /opt/airflow/dags/dbt_pipeline.py
[2026-10-01T07:40:07.575+0000] {processor.py:914} INFO - Processing file /opt/airflow/dags/dbt_pipeline.py for tasks to queue
[2026-10-01T07:40:07.580+0000] {logging_mixin.py:190} INFO - [2026-10-01T07:40:07.580+0000] {dagbag.py:588} INFO - Filling up the DagBag from /opt/airflow/dags/dbt_pipeline.py
[2026-10-01T07:40:07.623+0000] {processor.py:925} INFO - DAG(s) 'my_data_pipeline' retrieved from /opt/airflow/dags/dbt_pipeline.py
[2026-10-01T07:40:07.661+0000] {logging_mixin.py:190} INFO - [2026-10-01T07:40:07.661+0000] {dag.py:3239} INFO - Sync 1 DAGs
[2026-10-01T07:40:07.690+0000] {logging_mixin.py:190} INFO - [2026-10-01T07:40:07.690+0000] {dag.py:4180} INFO - Setting next_dagrun for my_data_pipeline to 2026-09-30 10:00:00+00:00, run_after=2026-10-01 10:00:00+00:00
[2026-10-01T07:40:07.725+0000] {processor.py:208} INFO - Processing /opt/airflow/dags/dbt_pipeline.py took 0.161 seconds
[2026-10-01T07:40:37.984+0000] {processor.py:186} INFO - Started process (PID=1064) to work on /opt/airflow/dags/dbt_pipeline.py
[2026-10-01T07:40:37.986+0000] {processor.py:914} INFO - Processing file /opt/airflow/dags/dbt_pipeline.py for tasks to queue
[2026-10-01T07:40:37.988+0000] {logging_mixin.py:190} INFO - [2026-10-01T07:40:37.988+0000] {dagbag.py:588} INFO - Filling up the DagBag from /opt/airflow/dags/dbt_pipeline.py
[2026-10-01T07:40:38.024+0000] {processor.py:925} INFO - DAG(s) 'my_data_pipeline' retrieved from /opt/airflow/dags/dbt_pipeline.py
[2026-10-01T07:40:38.057+0000] {logging_mixin.py:190} INFO - [2026-10-01T07:40:38.057+0000] {dag.py:3239} INFO - Sync 1 DAGs
[2026-10-01T07:40:38.081+0000] {logging_mixin.py:190} INFO - [2026-10-01T07:40:38.081+0000] {dag.py:4180} INFO - Setting next_dagrun for my_data_pipeline to 2026-09-30 10:00:00+00:00, run_after=2026-10-01 10:00:00+00:00
[2026-10-01T07:40:38.106+0000] {processor.py:208} INFO - Processing /opt/airflow/dags/dbt_pipeline.py took 0.129 seconds
[2026-10-01T07:41:08.452+0000] {processor.py:186} INFO - Started process (PID=1069) to work on /opt/airflow/dags/dbt_pipeline.py
[2026-10-01T07:41:08.454+0000] {processor.py:914} INFO - Processing file /opt/airflow/dags/dbt_pipeline.py for tasks to queue
[2026-10-01T07:41:08.458+0000] {logging_mixin.py:190} INFO - [2026-10-01T07:41:08.458+0000] {dagbag.py:588} INFO - Filling up the DagBag from /opt/airflow/dags/dbt_pipeline.py
[2026-10-01T07:41:08.497+0000] {processor.py:925} INFO - DAG(s) 'my_data_pipeline' retrieved from /opt/airflow/dags/dbt_pipeline.py
[2026-10-01T07:41:08.533+0000] {logging_mixin.py:190} INFO - [2026-10-01T07:41:08.532+0000] {dag.py:3239} INFO - Sync 1 DAGs
[2026-10-01T07:41:08.560+0000] {logging_mixin.py:190} INFO - [2026-10-01T07:41:08.560+0000] {dag.py:4180} INFO - Setting next_dagrun for my_data_pipeline to 2026-09-30 10:00:00+00:00, run_after=2026-10-01 10:00:00+00:00
[2026-10-01T07:41:08.594+0000] {processor.py:208} INFO - Processing /opt/airflow/dags/dbt_pipeline.py took 0.150 seconds
[2026-10-01T07:41:38.846+0000] {processor.py:186} INFO - Started process (PID=1074) to work on /opt/airflow/dags/dbt_pipeline.py
[2026-10-01T07:41:38.848+0000] {processor.py:914} INFO - Processing file /opt/airflow/dags/dbt_pipeline.py for tasks to queue
[2026-10-01T07:41:38.851+0000] {logging_mixin.py:190} INFO - [2026-10-01T07:41:38.851+0000] {dagbag.py:588} INFO - Filling up the DagBag from /opt/airflow/dags/dbt_pipeline.py
[2026-10-01T07:41:38.887+0000] {processor.py:925} INFO - DAG(s) 'my_data_pipeline' retrieved from /opt/airflow/dags/dbt_pipeline.py
[2026-10-01T07:41:38.926+0000] {logging_mixin.py:190} INFO - [2026-10-01T07:41:38.926+0000] {dag.py:3239} INFO - Sync 1 DAGs
[2026-10-01T07:41:38.953+0000] {logging_mixin.py:190} INFO - [2026-10-01T07:41:38.953+0000] {dag.py:4180} INFO - Setting next_dagrun for my_data_pipeline to 2026-09-30 10:00:00+00:00, run_after=2026-10-01 10:00:00+00:00
[2026-10-01T07:41:38.986+0000] {processor.py:208} INFO - Processing /opt/airflow/dags/dbt_pipeline.py took 0.148 seconds
[2026-10-01T07:42:09.290+0000] {processor.py:186} INFO - Started process (PID=1079) to work on /opt/airflow/dags/dbt_pipeline.py
[2026-10-01T07:42:09.292+0000] {processor.py:914} INFO - Processing file /opt/airflow/dags/dbt_pipeline.py for tasks to queue
[2026-10-01T07:42:09.295+0000] {logging_mixin.py:190} INFO - [2026-10-01T07:42:09.295+0000] {dagbag.py:588} INFO - Filling up the DagBag from /opt/airflow/dags/dbt_pipeline.py
[2026-10-01T07:42:09.339+0000] {processor.py:925} INFO - DAG(s) 'my_data_pipeline' retrieved from /opt/airflow/dags/dbt_pipeline.py
[2026-10-01T07:42:09.371+0000] {logging_mixin.py:190} INFO - [2026-10-01T07:42:09.371+0000] {dag.py:3239} INFO - Sync 1 DAGs
[2026-10-01T07:42:09.396+0000] {logging_mixin.py:190} INFO - [2026-10-01T07:42:09.396+0000] {dag.py:4180} INFO - Setting next_dagrun for my_data_pipeline to 2026-09-30 10:00:00+00:00, run_after=2026-10-01 10:00:00+00:00
[2026-10-01T07:42:09.417+0000] {processor.py:208} INFO - Processing /opt/airflow/dags/dbt_pipeline.py took 0.133 seconds
[2026-10-01T07:42:39.824+0000] {processor.py:186} INFO - Started process (PID=1084) to work on /opt/airflow/dags/dbt_pipeline.py
[2026-10-01T07:42:39.826+0000] {processor.py:914} INFO - Processing file /opt/airflow/dags/dbt_pipeline.py for tasks to queue
[2026-10-01T07:42:39.829+0000] {logging_mixin.py:190} INFO - [2026-10-01T07:42:39.828+0000] {dagbag.py:588} INFO - Filling up the DagBag from /opt/airflow/dags/dbt_pipeline.py
[2026-10-01T07:42:39.869+0000] {processor.py:925} INFO - DAG(s) 'my_data_pipeline' retrieved from /opt/airflow/dags/dbt_pipeline.py
[2026-10-01T07:42:39.901+0000] {logging_mixin.py:190} INFO - [2026-10-01T07:42:39.901+0000] {dag.py:3239} INFO - Sync 1 DAGs
[2026-10-01T07:42:39.925+0000] {logging_mixin.py:190} INFO - [2026-10-01T07:42:39.925+0000] {dag.py:4180} INFO - Setting next_dagrun for my_data_pipeline to 2026-09-30 10:00:00+00:00, run_after=2026-10-01 10:00:00+00:00
[2026-10-01T07:42:39.954+0000] {processor.py:208} INFO - Processing /opt/airflow/dags/dbt_pipeline.py took 0.136 seconds
[2026-10-01T07:43:10.128+0000] {processor.py:186} INFO - Started process (PID=1089) to work on /opt/airflow/dags/dbt_pipeline.py
[2026-10-01T07:43:10.130+0000] {processor.py:914} INFO - Processing file /opt/airflow/dags/dbt_pipeline.py for tasks to queue
[2026-10-01T07:43:10.135+0000] {logging_mixin.py:190} INFO - [2026-10-01T07:43:10.134+0000] {dagbag.py:588} INFO - Filling up the DagBag from /opt/airflow/dags/dbt_pipeline.py
[2026-10-01T07:43:10.184+0000] {processor.py:925} INFO - DAG(s) 'my_data_pipeline' retrieved from /opt/airflow/dags/dbt_pipeline.py
[2026-10-01T07:43:10.229+0000] {logging_mixin.py:190} INFO - [2026-10-01T07:43:10.229+0000] {dag.py:3239} INFO - Sync 1 DAGs
[2026-10-01T07:43:10.262+0000] {logging_mixin.py:190} INFO - [2026-10-01T07:43:10.262+0000] {dag.py:4180} INFO - Setting next_dagrun for my_data_pipeline to 2026-09-30 10:00:00+00:00, run_after=2026-10-01 10:00:00+00:00
[2026-10-01T07:43:10.299+0000] {processor.py:208} INFO - Processing /opt/airflow/dags/dbt_pipeline.py took 0.180 seconds
[2026-10-01T07:43:40.712+0000] {processor.py:186} INFO - Started process (PID=1094) to work on /opt/airflow/dags/dbt_pipeline.py
[2026-10-01T07:43:40.714+0000] {processor.py:914} INFO - Processing file /opt/airflow/dags/dbt_pipeline.py for tasks to queue
[2026-10-01T07:43:40.717+0000] {logging_mixin.py:190} INFO - [2026-10-01T07:43:40.717+0000] {dagbag.py:588} INFO - Filling up the DagBag from /opt/airflow/dags/dbt_pipeline.py
[2026-10-01T07:43:40.753+0000] {processor.py:925} INFO - DAG(s) 'my_data_pipeline' retrieved from /opt/airflow/dags/dbt_pipeline.py
[2026-10-01T07:43:40.796+0000] {logging_mixin.py:190} INFO - [2026-10-01T07:43:40.795+0000] {dag.py:3239} INFO - Sync 1 DAGs
[2026-10-01T07:43:40.837+0000] {logging_mixin.py:190} INFO - [2026-10-01T07:43:40.837+0000] {dag.py:4180} INFO - Setting next_dagrun for my_data_pipeline to 2026-09-30 10:00:00+00:00, run_after=2026-10-01 10:00:00+00:00
[2026-10-01T07:43:40.874+0000] {processor.py:208} INFO - Processing /opt/airflow/dags/dbt_pipeline.py took 0.168 seconds
[2026-10-01T07:44:11.050+0000] {processor.py:186} INFO - Started process (PID=1099) to work on /opt/airflow/dags/dbt_pipeline.py
[2026-10-01T07:44:11.053+0000] {processor.py:914} INFO - Processing file /opt/airflow/dags/dbt_pipeline.py for tasks to queue
[2026-10-01T07:44:11.056+0000] {logging_mixin.py:190} INFO - [2026-10-01T07:44:11.056+0000] {dagbag.py:588} INFO - Filling up the DagBag from /opt/airflow/dags/dbt_pipeline.py
[2026-10-01T07:44:11.100+0000] {processor.py:925} INFO - DAG(s) 'my_data_pipeline' retrieved from /opt/airflow/dags/dbt_pipeline.py
[2026-10-01T07:44:11.139+0000] {logging_mixin.py:190} INFO - [2026-10-01T07:44:11.139+0000] {dag.py:3239} INFO - Sync 1 DAGs
[2026-10-01T07:44:11.168+0000] {logging_mixin.py:190} INFO - [2026-10-01T07:44:11.167+0000] {dag.py:4180} INFO - Setting next_dagrun for my_data_pipeline to 2026-09-30 10:00:00+00:00, run_after=2026-10-01 10:00:00+00:00
[2026-10-01T07:44:11.199+0000] {processor.py:208} INFO - Processing /opt/airflow/dags/dbt_pipeline.py took 0.160 seconds
[2026-10-01T07:44:41.409+0000] {processor.py:186} INFO - Started process (PID=1104) to work on /opt/airflow/dags/dbt_pipeline.py
[2026-10-01T07:44:41.411+0000] {processor.py:914} INFO - Processing file /opt/airflow/dags/dbt_pipeline.py for tasks to queue
[2026-10-01T07:44:41.413+0000] {logging_mixin.py:190} INFO - [2026-10-01T07:44:41.413+0000] {dagbag.py:588} INFO - Filling up the DagBag from /opt/airflow/dags/dbt_pipeline.py
[2026-10-01T07:44:41.459+0000] {processor.py:925} INFO - DAG(s) 'my_data_pipeline' retrieved from /opt/airflow/dags/dbt_pipeline.py
[2026-10-01T07:44:41.501+0000] {logging_mixin.py:190} INFO - [2026-10-01T07:44:41.500+0000] {dag.py:3239} INFO - Sync 1 DAGs
[2026-10-01T07:44:41.535+0000] {logging_mixin.py:190} INFO - [2026-10-01T07:44:41.534+0000] {dag.py:4180} INFO - Setting next_dagrun for my_data_pipeline to 2026-09-30 10:00:00+00:00, run_after=2026-10-01 10:00:00+00:00
[2026-10-01T07:44:41.578+0000] {processor.py:208} INFO - Processing /opt/airflow/dags/dbt_pipeline.py took 0.177 seconds
[2026-10-01T07:45:11.895+0000] {processor.py:186} INFO - Started process (PID=1109) to work on /opt/airflow/dags/dbt_pipeline.py
[2026-10-01T07:45:11.896+0000] {processor.py:914} INFO - Processing file /opt/airflow/dags/dbt_pipeline.py for tasks to queue
[2026-10-01T07:45:11.899+0000] {logging_mixin.py:190} INFO - [2026-10-01T07:45:11.899+0000] {dagbag.py:588} INFO - Filling up the DagBag from /opt/airflow/dags/dbt_pipeline.py
[2026-10-01T07:45:11.935+0000] {processor.py:925} INFO - DAG(s) 'my_data_pipeline' retrieved from /opt/airflow/dags/dbt_pipeline.py
[2026-10-01T07:45:11.965+0000] {logging_mixin.py:190} INFO - [2026-10-01T07:45:11.965+0000] {dag.py:3239} INFO - Sync 1 DAGs
[2026-10-01T07:45:11.990+0000] {logging_mixin.py:190} INFO - [2026-10-01T07:45:11.990+0000] {dag.py:4180} INFO - Setting next_dagrun for my_data_pipeline to 2026-09-30 10:00:00+00:00, run_after=2026-10-01 10:00:00+00:00
[2026-10-01T07:45:12.021+0000] {processor.py:208} INFO - Processing /opt/airflow/dags/dbt_pipeline.py took 0.132 seconds
[2026-10-01T07:45:42.348+0000] {processor.py:186} INFO - Started process (PID=1114) to work on /opt/airflow/dags/dbt_pipeline.py
[2026-10-01T07:45:42.349+0000] {processor.py:914} INFO - Processing file /opt/airflow/dags/dbt_pipeline.py for tasks to queue
[2026-10-01T07:45:42.352+0000] {logging_mixin.py:190} INFO - [2026-10-01T07:45:42.352+0000] {dagbag.py:588} INFO - Filling up the DagBag from /opt/airflow/dags/dbt_pipeline.py
[2026-10-01T07:45:42.392+0000] {processor.py:925} INFO - DAG(s) 'my_data_pipeline' retrieved from /opt/airflow/dags/dbt_pipeline.py
[2026-10-01T07:45:42.421+0000] {logging_mixin.py:190} INFO - [2026-10-01T07:45:42.421+0000] {dag.py:3239} INFO - Sync 1 DAGs
[2026-10-01T07:45:42.443+0000] {logging_mixin.py:190} INFO - [2026-10-01T07:45:42.443+0000] {dag.py:4180} INFO - Setting next_dagrun for my_data_pipeline to 2026-09-30 10:00:00+00:00, run_after=2026-10-01 10:00:00+00:00
[2026-10-01T07:45:42.473+0000] {processor.py:208} INFO - Processing /opt/airflow/dags/dbt_pipeline.py took 0.132 seconds
[2026-10-01T07:46:12.810+0000] {processor.py:186} INFO - Started process (PID=1119) to work on /opt/airflow/dags/dbt_pipeline.py
[2026-10-01T07:46:12.813+0000] {processor.py:914} INFO - Processing file /opt/airflow/dags/dbt_pipeline.py for tasks to queue
[2026-10-01T07:46:12.816+0000] {logging_mixin.py:190} INFO - [2026-10-01T07:46:12.816+0000] {dagbag.py:588} INFO - Filling up the DagBag from /opt/airflow/dags/dbt_pipeline.py
[2026-10-01T07:46:12.860+0000] {processor.py:925} INFO - DAG(s) 'my_data_pipeline' retrieved from /opt/airflow/dags/dbt_pipeline.py
[2026-10-01T07:46:12.927+0000] {logging_mixin.py:190} INFO - [2026-10-01T07:46:12.927+0000] {dag.py:3239} INFO - Sync 1 DAGs
[2026-10-01T07:46:12.966+0000] {logging_mixin.py:190} INFO - [2026-10-01T07:46:12.966+0000] {dag.py:4180} INFO - Setting next_dagrun for my_data_pipeline to 2026-09-30 10:00:00+00:00, run_after=2026-10-01 10:00:00+00:00
[2026-10-01T07:46:12.998+0000] {processor.py:208} INFO - Processing /opt/airflow/dags/dbt_pipeline.py took 0.198 seconds
[2026-10-01T07:46:43.230+0000] {processor.py:186} INFO - Started process (PID=1124) to work on /opt/airflow/dags/dbt_pipeline.py
[2026-10-01T07:46:43.231+0000] {processor.py:914} INFO - Processing file /opt/airflow/dags/dbt_pipeline.py for tasks to queue
[2026-10-01T07:46:43.236+0000] {logging_mixin.py:190} INFO - [2026-10-01T07:46:43.235+0000] {dagbag.py:588} INFO - Filling up the DagBag from /opt/airflow/dags/dbt_pipeline.py
[2026-10-01T07:46:43.274+0000] {processor.py:925} INFO - DAG(s) 'my_data_pipeline' retrieved from /opt/airflow/dags/dbt_pipeline.py
[2026-10-01T07:46:43.312+0000] {logging_mixin.py:190} INFO - [2026-10-01T07:46:43.312+0000] {dag.py:3239} INFO - Sync 1 DAGs
[2026-10-01T07:46:43.353+0000] {logging_mixin.py:190} INFO - [2026-10-01T07:46:43.353+0000] {dag.py:4180} INFO - Setting next_dagrun for my_data_pipeline to 2026-09-30 10:00:00+00:00, run_after=2026-10-01 10:00:00+00:00
[2026-10-01T07:46:43.384+0000] {processor.py:208} INFO - Processing /opt/airflow/dags/dbt_pipeline.py took 0.162 seconds
[2026-10-01T07:47:13.757+0000] {processor.py:186} INFO - Started process (PID=1129) to work on /opt/airflow/dags/dbt_pipeline.py
[2026-10-01T07:47:13.760+0000] {processor.py:914} INFO - Processing file /opt/airflow/dags/dbt_pipeline.py for tasks to queue
[2026-10-01T07:47:13.765+0000] {logging_mixin.py:190} INFO - [2026-10-01T07:47:13.764+0000] {dagbag.py:588} INFO - Filling up the DagBag from /opt/airflow/dags/dbt_pipeline.py
[2026-10-01T07:47:13.819+0000] {processor.py:925} INFO - DAG(s) 'my_data_pipeline' retrieved from /opt/airflow/dags/dbt_pipeline.py
[2026-10-01T07:47:13.867+0000] {logging_mixin.py:190} INFO - [2026-10-01T07:47:13.867+0000] {dag.py:3239} INFO - Sync 1 DAGs
[2026-10-01T07:47:13.899+0000] {logging_mixin.py:190} INFO - [2026-10-01T07:47:13.899+0000] {dag.py:4180} INFO - Setting next_dagrun for my_data_pipeline to 2026-09-30 10:00:00+00:00, run_after=2026-10-01 10:00:00+00:00
[2026-10-01T07:47:13.936+0000] {processor.py:208} INFO - Processing /opt/airflow/dags/dbt_pipeline.py took 0.191 seconds
[2026-10-01T07:47:44.126+0000] {processor.py:186} INFO - Started process (PID=1134) to work on /opt/airflow/dags/dbt_pipeline.py
[2026-10-01T07:47:44.128+0000] {processor.py:914} INFO - Processing file /opt/airflow/dags/dbt_pipeline.py for tasks to queue
[2026-10-01T07:47:44.133+0000] {logging_mixin.py:190} INFO - [2026-10-01T07:47:44.132+0000] {dagbag.py:588} INFO - Filling up the DagBag from /opt/airflow/dags/dbt_pipeline.py
[2026-10-01T07:47:44.174+0000] {processor.py:925} INFO - DAG(s) 'my_data_pipeline' retrieved from /opt/airflow/dags/dbt_pipeline.py
[2026-10-01T07:47:44.217+0000] {logging_mixin.py:190} INFO - [2026-10-01T07:47:44.216+0000] {dag.py:3239} INFO - Sync 1 DAGs
[2026-10-01T07:47:44.240+0000] {logging_mixin.py:190} INFO - [2026-10-01T07:47:44.239+0000] {dag.py:4180} INFO - Setting next_dagrun for my_data_pipeline to 2026-09-30 10:00:00+00:00, run_after=2026-10-01 10:00:00+00:00
[2026-10-01T07:47:44.271+0000] {processor.py:208} INFO - Processing /opt/airflow/dags/dbt_pipeline.py took 0.155 seconds
[2026-10-01T07:48:14.474+0000] {processor.py:186} INFO - Started process (PID=1139) to work on /opt/airflow/dags/dbt_pipeline.py
[2026-10-01T07:48:14.477+0000] {processor.py:914} INFO - Processing file /opt/airflow/dags/dbt_pipeline.py for tasks to queue
[2026-10-01T07:48:14.484+0000] {logging_mixin.py:190} INFO - [2026-10-01T07:48:14.483+0000] {dagbag.py:588} INFO - Filling up the DagBag from /opt/airflow/dags/dbt_pipeline.py
[2026-10-01T07:48:14.535+0000] {processor.py:925} INFO - DAG(s) 'my_data_pipeline' retrieved from /opt/airflow/dags/dbt_pipeline.py
[2026-10-01T07:48:14.580+0000] {logging_mixin.py:190} INFO - [2026-10-01T07:48:14.579+0000] {dag.py:3239} INFO - Sync 1 DAGs
[2026-10-01T07:48:14.614+0000] {logging_mixin.py:190} INFO - [2026-10-01T07:48:14.614+0000] {dag.py:4180} INFO - Setting next_dagrun for my_data_pipeline to 2026-09-30 10:00:00+00:00, run_after=2026-10-01 10:00:00+00:00
[2026-10-01T07:48:14.652+0000] {processor.py:208} INFO - Processing /opt/airflow/dags/dbt_pipeline.py took 0.197 seconds
[2026-10-01T07:48:44.953+0000] {processor.py:186} INFO - Started process (PID=1144) to work on /opt/airflow/dags/dbt_pipeline.py
[2026-10-01T07:48:44.954+0000] {processor.py:914} INFO - Processing file /opt/airflow/dags/dbt_pipeline.py for tasks to queue
[2026-10-01T07:48:44.958+0000] {logging_mixin.py:190} INFO - [2026-10-01T07:48:44.958+0000] {dagbag.py:588} INFO - Filling up the DagBag from /opt/airflow/dags/dbt_pipeline.py
[2026-10-01T07:48:45.000+0000] {processor.py:925} INFO - DAG(s) 'my_data_pipeline' retrieved from /opt/airflow/dags/dbt_pipeline.py
[2026-10-01T07:48:45.038+0000] {logging_mixin.py:190} INFO - [2026-10-01T07:48:45.038+0000] {dag.py:3239} INFO - Sync 1 DAGs
[2026-10-01T07:48:45.067+0000] {logging_mixin.py:190} INFO - [2026-10-01T07:48:45.067+0000] {dag.py:4180} INFO - Setting next_dagrun for my_data_pipeline to 2026-09-30 10:00:00+00:00, run_after=2026-10-01 10:00:00+00:00
[2026-10-01T07:48:45.101+0000] {processor.py:208} INFO - Processing /opt/airflow/dags/dbt_pipeline.py took 0.154 seconds
[2026-10-01T07:49:15.255+0000] {processor.py:186} INFO - Started process (PID=1149) to work on /opt/airflow/dags/dbt_pipeline.py
[2026-10-01T07:49:15.256+0000] {processor.py:914} INFO - Processing file /opt/airflow/dags/dbt_pipeline.py for tasks to queue
[2026-10-01T07:49:15.262+0000] {logging_mixin.py:190} INFO - [2026-10-01T07:49:15.261+0000] {dagbag.py:588} INFO - Filling up the DagBag from /opt/airflow/dags/dbt_pipeline.py
[2026-10-01T07:49:15.319+0000] {processor.py:925} INFO - DAG(s) 'my_data_pipeline' retrieved from /opt/airflow/dags/dbt_pipeline.py
[2026-10-01T07:49:15.372+0000] {logging_mixin.py:190} INFO - [2026-10-01T07:49:15.372+0000] {dag.py:3239} INFO - Sync 1 DAGs
[2026-10-01T07:49:15.414+0000] {logging_mixin.py:190} INFO - [2026-10-01T07:49:15.414+0000] {dag.py:4180} INFO - Setting next_dagrun for my_data_pipeline to 2026-09-30 10:00:00+00:00, run_after=2026-10-01 10:00:00+00:00
[2026-10-01T07:49:15.456+0000] {processor.py:208} INFO - Processing /opt/airflow/dags/dbt_pipeline.py took 0.208 seconds
[2026-10-01T07:49:45.768+0000] {processor.py:186} INFO - Started process (PID=1154) to work on /opt/airflow/dags/dbt_pipeline.py
[2026-10-01T07:49:45.769+0000] {processor.py:914} INFO - Processing file /opt/airflow/dags/dbt_pipeline.py for tasks to queue
[2026-10-01T07:49:45.773+0000] {logging_mixin.py:190} INFO - [2026-10-01T07:49:45.772+0000] {dagbag.py:588} INFO - Filling up the DagBag from /opt/airflow/dags/dbt_pipeline.py
[2026-10-01T07:49:45.812+0000] {processor.py:925} INFO - DAG(s) 'my_data_pipeline' retrieved from /opt/airflow/dags/dbt_pipeline.py
[2026-10-01T07:49:45.853+0000] {logging_mixin.py:190} INFO - [2026-10-01T07:49:45.853+0000] {dag.py:3239} INFO - Sync 1 DAGs
[2026-10-01T07:49:45.897+0000] {logging_mixin.py:190} INFO - [2026-10-01T07:49:45.897+0000] {dag.py:4180} INFO - Setting next_dagrun for my_data_pipeline to 2026-09-30 10:00:00+00:00, run_after=2026-10-01 10:00:00+00:00
[2026-10-01T07:49:45.937+0000] {processor.py:208} INFO - Processing /opt/airflow/dags/dbt_pipeline.py took 0.176 seconds
[2026-10-01T07:50:16.380+0000] {processor.py:186} INFO - Started process (PID=1159) to work on /opt/airflow/dags/dbt_pipeline.py
[2026-10-01T07:50:16.383+0000] {processor.py:914} INFO - Processing file /opt/airflow/dags/dbt_pipeline.py for tasks to queue
[2026-10-01T07:50:16.386+0000] {logging_mixin.py:190} INFO - [2026-10-01T07:50:16.386+0000] {dagbag.py:588} INFO - Filling up the DagBag from /opt/airflow/dags/dbt_pipeline.py
[2026-10-01T07:50:16.419+0000] {processor.py:925} INFO - DAG(s) 'my_data_pipeline' retrieved from /opt/airflow/dags/dbt_pipeline.py
[2026-10-01T07:50:16.450+0000] {logging_mixin.py:190} INFO - [2026-10-01T07:50:16.450+0000] {dag.py:3239} INFO - Sync 1 DAGs
[2026-10-01T07:50:16.474+0000] {logging_mixin.py:190} INFO - [2026-10-01T07:50:16.474+0000] {dag.py:4180} INFO - Setting next_dagrun for my_data_pipeline to 2026-09-30 10:00:00+00:00, run_after=2026-10-01 10:00:00+00:00
[2026-10-01T07:50:16.501+0000] {processor.py:208} INFO - Processing /opt/airflow/dags/dbt_pipeline.py took 0.127 seconds
[2026-10-01T07:50:46.735+0000] {processor.py:186} INFO - Started process (PID=1164) to work on /opt/airflow/dags/dbt_pipeline.py
[2026-10-01T07:50:46.738+0000] {processor.py:914} INFO - Processing file /opt/airflow/dags/dbt_pipeline.py for tasks to queue
[2026-10-01T07:50:46.742+0000] {logging_mixin.py:190} INFO - [2026-10-01T07:50:46.742+0000] {dagbag.py:588} INFO - Filling up the DagBag from /opt/airflow/dags/dbt_pipeline.py
[2026-10-01T07:50:46.790+0000] {processor.py:925} INFO - DAG(s) 'my_data_pipeline' retrieved from /opt/airflow/dags/dbt_pipeline.py
[2026-10-01T07:50:46.829+0000] {logging_mixin.py:190} INFO - [2026-10-01T07:50:46.829+0000] {dag.py:3239} INFO - Sync 1 DAGs
[2026-10-01T07:50:46.858+0000] {logging_mixin.py:190} INFO - [2026-10-01T07:50:46.858+0000] {dag.py:4180} INFO - Setting next_dagrun for my_data_pipeline to 2026-09-30 10:00:00+00:00, run_after=2026-10-01 10:00:00+00:00
[2026-10-01T07:50:46.890+0000] {processor.py:208} INFO - Processing /opt/airflow/dags/dbt_pipeline.py took 0.164 seconds
[2026-10-01T07:51:17.192+0000] {processor.py:186} INFO - Started process (PID=1169) to work on /opt/airflow/dags/dbt_pipeline.py
[2026-10-01T07:51:17.193+0000] {processor.py:914} INFO - Processing file /opt/airflow/dags/dbt_pipeline.py for tasks to queue
[2026-10-01T07:51:17.197+0000] {logging_mixin.py:190} INFO - [2026-10-01T07:51:17.196+0000] {dagbag.py:588} INFO - Filling up the DagBag from /opt/airflow/dags/dbt_pipeline.py
[2026-10-01T07:51:17.241+0000] {processor.py:925} INFO - DAG(s) 'my_data_pipeline' retrieved from /opt/airflow/dags/dbt_pipeline.py
[2026-10-01T07:51:17.278+0000] {logging_mixin.py:190} INFO - [2026-10-01T07:51:17.278+0000] {dag.py:3239} INFO - Sync 1 DAGs
[2026-10-01T07:51:17.315+0000] {logging_mixin.py:190} INFO - [2026-10-01T07:51:17.315+0000] {dag.py:4180} INFO - Setting next_dagrun for my_data_pipeline to 2026-09-30 10:00:00+00:00, run_after=2026-10-01 10:00:00+00:00
[2026-10-01T07:51:17.339+0000] {processor.py:208} INFO - Processing /opt/airflow/dags/dbt_pipeline.py took 0.153 seconds
[2026-10-01T07:51:47.537+0000] {processor.py:186} INFO - Started process (PID=1180) to work on /opt/airflow/dags/dbt_pipeline.py
[2026-10-01T07:51:47.540+0000] {processor.py:914} INFO - Processing file /opt/airflow/dags/dbt_pipeline.py for tasks to queue
[2026-10-01T07:51:47.543+0000] {logging_mixin.py:190} INFO - [2026-10-01T07:51:47.542+0000] {dagbag.py:588} INFO - Filling up the DagBag from /opt/airflow/dags/dbt_pipeline.py
[2026-10-01T07:51:47.587+0000] {processor.py:925} INFO - DAG(s) 'my_data_pipeline' retrieved from /opt/airflow/dags/dbt_pipeline.py
[2026-10-01T07:51:47.625+0000] {logging_mixin.py:190} INFO - [2026-10-01T07:51:47.625+0000] {dag.py:3239} INFO - Sync 1 DAGs
[2026-10-01T07:51:47.654+0000] {logging_mixin.py:190} INFO - [2026-10-01T07:51:47.654+0000] {dag.py:4180} INFO - Setting next_dagrun for my_data_pipeline to 2026-09-30 10:00:00+00:00, run_after=2026-10-01 10:00:00+00:00
[2026-10-01T07:51:47.686+0000] {processor.py:208} INFO - Processing /opt/airflow/dags/dbt_pipeline.py took 0.155 seconds
[2026-10-01T07:52:18.017+0000] {processor.py:186} INFO - Started process (PID=1185) to work on /opt/airflow/dags/dbt_pipeline.py
[2026-10-01T07:52:18.019+0000] {processor.py:914} INFO - Processing file /opt/airflow/dags/dbt_pipeline.py for tasks to queue
[2026-10-01T07:52:18.022+0000] {logging_mixin.py:190} INFO - [2026-10-01T07:52:18.022+0000] {dagbag.py:588} INFO - Filling up the DagBag from /opt/airflow/dags/dbt_pipeline.py
[2026-10-01T07:52:18.062+0000] {processor.py:925} INFO - DAG(s) 'my_data_pipeline' retrieved from /opt/airflow/dags/dbt_pipeline.py
[2026-10-01T07:52:18.096+0000] {logging_mixin.py:190} INFO - [2026-10-01T07:52:18.096+0000] {dag.py:3239} INFO - Sync 1 DAGs
[2026-10-01T07:52:18.127+0000] {logging_mixin.py:190} INFO - [2026-10-01T07:52:18.127+0000] {dag.py:4180} INFO - Setting next_dagrun for my_data_pipeline to 2026-09-30 10:00:00+00:00, run_after=2026-10-01 10:00:00+00:00
[2026-10-01T07:52:18.149+0000] {processor.py:208} INFO - Processing /opt/airflow/dags/dbt_pipeline.py took 0.137 seconds
[2026-10-01T07:52:48.405+0000] {processor.py:186} INFO - Started process (PID=1190) to work on /opt/airflow/dags/dbt_pipeline.py
[2026-10-01T07:52:48.408+0000] {processor.py:914} INFO - Processing file /opt/airflow/dags/dbt_pipeline.py for tasks to queue
[2026-10-01T07:52:48.413+0000] {logging_mixin.py:190} INFO - [2026-10-01T07:52:48.413+0000] {dagbag.py:588} INFO - Filling up the DagBag from /opt/airflow/dags/dbt_pipeline.py
[2026-10-01T07:52:48.465+0000] {processor.py:925} INFO - DAG(s) 'my_data_pipeline' retrieved from /opt/airflow/dags/dbt_pipeline.py
[2026-10-01T07:52:48.505+0000] {logging_mixin.py:190} INFO - [2026-10-01T07:52:48.505+0000] {dag.py:3239} INFO - Sync 1 DAGs
[2026-10-01T07:52:48.539+0000] {logging_mixin.py:190} INFO - [2026-10-01T07:52:48.539+0000] {dag.py:4180} INFO - Setting next_dagrun for my_data_pipeline to 2026-09-30 10:00:00+00:00, run_after=2026-10-01 10:00:00+00:00
[2026-10-01T07:52:48.570+0000] {processor.py:208} INFO - Processing /opt/airflow/dags/dbt_pipeline.py took 0.174 seconds
[2026-10-01T07:53:18.911+0000] {processor.py:186} INFO - Started process (PID=1195) to work on /opt/airflow/dags/dbt_pipeline.py
[2026-10-01T07:53:18.913+0000] {processor.py:914} INFO - Processing file /opt/airflow/dags/dbt_pipeline.py for tasks to queue
[2026-10-01T07:53:18.916+0000] {logging_mixin.py:190} INFO - [2026-10-01T07:53:18.916+0000] {dagbag.py:588} INFO - Filling up the DagBag from /opt/airflow/dags/dbt_pipeline.py
[2026-10-01T07:53:18.954+0000] {processor.py:925} INFO - DAG(s) 'my_data_pipeline' retrieved from /opt/airflow/dags/dbt_pipeline.py
[2026-10-01T07:53:18.993+0000] {logging_mixin.py:190} INFO - [2026-10-01T07:53:18.993+0000] {dag.py:3239} INFO - Sync 1 DAGs
[2026-10-01T07:53:19.022+0000] {logging_mixin.py:190} INFO - [2026-10-01T07:53:19.021+0000] {dag.py:4180} INFO - Setting next_dagrun for my_data_pipeline to 2026-09-30 10:00:00+00:00, run_after=2026-10-01 10:00:00+00:00
[2026-10-01T07:53:19.051+0000] {processor.py:208} INFO - Processing /opt/airflow/dags/dbt_pipeline.py took 0.148 seconds
[2026-10-01T07:53:49.406+0000] {processor.py:186} INFO - Started process (PID=1200) to work on /opt/airflow/dags/dbt_pipeline.py
[2026-10-01T07:53:49.408+0000] {processor.py:914} INFO - Processing file /opt/airflow/dags/dbt_pipeline.py for tasks to queue
[2026-10-01T07:53:49.412+0000] {logging_mixin.py:190} INFO - [2026-10-01T07:53:49.412+0000] {dagbag.py:588} INFO - Filling up the DagBag from /opt/airflow/dags/dbt_pipeline.py
[2026-10-01T07:53:49.456+0000] {processor.py:925} INFO - DAG(s) 'my_data_pipeline' retrieved from /opt/airflow/dags/dbt_pipeline.py
[2026-10-01T07:53:49.496+0000] {logging_mixin.py:190} INFO - [2026-10-01T07:53:49.496+0000] {dag.py:3239} INFO - Sync 1 DAGs
[2026-10-01T07:53:49.529+0000] {logging_mixin.py:190} INFO - [2026-10-01T07:53:49.529+0000] {dag.py:4180} INFO - Setting next_dagrun for my_data_pipeline to 2026-09-30 10:00:00+00:00, run_after=2026-10-01 10:00:00+00:00
[2026-10-01T07:53:49.561+0000] {processor.py:208} INFO - Processing /opt/airflow/dags/dbt_pipeline.py took 0.160 seconds
[2026-10-01T07:54:19.834+0000] {processor.py:186} INFO - Started process (PID=1205) to work on /opt/airflow/dags/dbt_pipeline.py
[2026-10-01T07:54:19.836+0000] {processor.py:914} INFO - Processing file /opt/airflow/dags/dbt_pipeline.py for tasks to queue
[2026-10-01T07:54:19.839+0000] {logging_mixin.py:190} INFO - [2026-10-01T07:54:19.839+0000] {dagbag.py:588} INFO - Filling up the DagBag from /opt/airflow/dags/dbt_pipeline.py
[2026-10-01T07:54:19.878+0000] {processor.py:925} INFO - DAG(s) 'my_data_pipeline' retrieved from /opt/airflow/dags/dbt_pipeline.py
[2026-10-01T07:54:19.917+0000] {logging_mixin.py:190} INFO - [2026-10-01T07:54:19.916+0000] {dag.py:3239} INFO - Sync 1 DAGs
[2026-10-01T07:54:19.946+0000] {logging_mixin.py:190} INFO - [2026-10-01T07:54:19.945+0000] {dag.py:4180} INFO - Setting next_dagrun for my_data_pipeline to 2026-09-30 10:00:00+00:00, run_after=2026-10-01 10:00:00+00:00
[2026-10-01T07:54:19.974+0000] {processor.py:208} INFO - Processing /opt/airflow/dags/dbt_pipeline.py took 0.150 seconds
[2026-10-01T07:54:50.487+0000] {processor.py:186} INFO - Started process (PID=1210) to work on /opt/airflow/dags/dbt_pipeline.py
[2026-10-01T07:54:50.493+0000] {processor.py:914} INFO - Processing file /opt/airflow/dags/dbt_pipeline.py for tasks to queue
[2026-10-01T07:54:50.503+0000] {logging_mixin.py:190} INFO - [2026-10-01T07:54:50.502+0000] {dagbag.py:588} INFO - Filling up the DagBag from /opt/airflow/dags/dbt_pipeline.py
[2026-10-01T07:54:50.614+0000] {processor.py:925} INFO - DAG(s) 'my_data_pipeline' retrieved from /opt/airflow/dags/dbt_pipeline.py
[2026-10-01T07:54:50.738+0000] {logging_mixin.py:190} INFO - [2026-10-01T07:54:50.737+0000] {dag.py:3239} INFO - Sync 1 DAGs
[2026-10-01T07:54:50.844+0000] {logging_mixin.py:190} INFO - [2026-10-01T07:54:50.843+0000] {dag.py:4180} INFO - Setting next_dagrun for my_data_pipeline to 2026-09-30 10:00:00+00:00, run_after=2026-10-01 10:00:00+00:00
[2026-10-01T07:54:50.910+0000] {processor.py:208} INFO - Processing /opt/airflow/dags/dbt_pipeline.py took 0.446 seconds
[2026-10-01T07:55:21.756+0000] {processor.py:186} INFO - Started process (PID=1215) to work on /opt/airflow/dags/dbt_pipeline.py
[2026-10-01T07:55:21.761+0000] {processor.py:914} INFO - Processing file /opt/airflow/dags/dbt_pipeline.py for tasks to queue
[2026-10-01T07:55:21.773+0000] {logging_mixin.py:190} INFO - [2026-10-01T07:55:21.771+0000] {dagbag.py:588} INFO - Filling up the DagBag from /opt/airflow/dags/dbt_pipeline.py
[2026-10-01T07:55:21.883+0000] {processor.py:925} INFO - DAG(s) 'my_data_pipeline' retrieved from /opt/airflow/dags/dbt_pipeline.py
[2026-10-01T07:55:22.014+0000] {logging_mixin.py:190} INFO - [2026-10-01T07:55:22.013+0000] {dag.py:3239} INFO - Sync 1 DAGs
[2026-10-01T07:55:22.062+0000] {logging_mixin.py:190} INFO - [2026-10-01T07:55:22.062+0000] {dag.py:4180} INFO - Setting next_dagrun for my_data_pipeline to 2026-09-30 10:00:00+00:00, run_after=2026-10-01 10:00:00+00:00
[2026-10-01T07:55:22.098+0000] {processor.py:208} INFO - Processing /opt/airflow/dags/dbt_pipeline.py took 0.369 seconds
[2026-10-01T07:55:52.579+0000] {processor.py:186} INFO - Started process (PID=1220) to work on /opt/airflow/dags/dbt_pipeline.py
[2026-10-01T07:55:52.583+0000] {processor.py:914} INFO - Processing file /opt/airflow/dags/dbt_pipeline.py for tasks to queue
[2026-10-01T07:55:52.596+0000] {logging_mixin.py:190} INFO - [2026-10-01T07:55:52.594+0000] {dagbag.py:588} INFO - Filling up the DagBag from /opt/airflow/dags/dbt_pipeline.py
[2026-10-01T07:55:52.712+0000] {processor.py:925} INFO - DAG(s) 'my_data_pipeline' retrieved from /opt/airflow/dags/dbt_pipeline.py
[2026-10-01T07:55:52.854+0000] {logging_mixin.py:190} INFO - [2026-10-01T07:55:52.853+0000] {dag.py:3239} INFO - Sync 1 DAGs
[2026-10-01T07:55:52.971+0000] {logging_mixin.py:190} INFO - [2026-10-01T07:55:52.970+0000] {dag.py:4180} INFO - Setting next_dagrun for my_data_pipeline to 2026-09-30 10:00:00+00:00, run_after=2026-10-01 10:00:00+00:00
[2026-10-01T07:55:53.056+0000] {processor.py:208} INFO - Processing /opt/airflow/dags/dbt_pipeline.py took 0.502 seconds
[2026-10-01T07:56:23.725+0000] {processor.py:186} INFO - Started process (PID=1225) to work on /opt/airflow/dags/dbt_pipeline.py
[2026-10-01T07:56:23.727+0000] {processor.py:914} INFO - Processing file /opt/airflow/dags/dbt_pipeline.py for tasks to queue
[2026-10-01T07:56:23.731+0000] {logging_mixin.py:190} INFO - [2026-10-01T07:56:23.730+0000] {dagbag.py:588} INFO - Filling up the DagBag from /opt/airflow/dags/dbt_pipeline.py
[2026-10-01T07:56:23.768+0000] {processor.py:925} INFO - DAG(s) 'my_data_pipeline' retrieved from /opt/airflow/dags/dbt_pipeline.py
[2026-10-01T07:56:23.821+0000] {logging_mixin.py:190} INFO - [2026-10-01T07:56:23.820+0000] {dag.py:3239} INFO - Sync 1 DAGs
[2026-10-01T07:56:23.859+0000] {logging_mixin.py:190} INFO - [2026-10-01T07:56:23.859+0000] {dag.py:4180} INFO - Setting next_dagrun for my_data_pipeline to 2026-09-30 10:00:00+00:00, run_after=2026-10-01 10:00:00+00:00
[2026-10-01T07:56:23.888+0000] {processor.py:208} INFO - Processing /opt/airflow/dags/dbt_pipeline.py took 0.176 seconds
[2026-10-01T07:56:54.152+0000] {processor.py:186} INFO - Started process (PID=1230) to work on /opt/airflow/dags/dbt_pipeline.py
[2026-10-01T07:56:54.154+0000] {processor.py:914} INFO - Processing file /opt/airflow/dags/dbt_pipeline.py for tasks to queue
[2026-10-01T07:56:54.158+0000] {logging_mixin.py:190} INFO - [2026-10-01T07:56:54.158+0000] {dagbag.py:588} INFO - Filling up the DagBag from /opt/airflow/dags/dbt_pipeline.py
[2026-10-01T07:56:54.192+0000] {processor.py:925} INFO - DAG(s) 'my_data_pipeline' retrieved from /opt/airflow/dags/dbt_pipeline.py
[2026-10-01T07:56:54.245+0000] {logging_mixin.py:190} INFO - [2026-10-01T07:56:54.244+0000] {dag.py:3239} INFO - Sync 1 DAGs
[2026-10-01T07:56:54.297+0000] {logging_mixin.py:190} INFO - [2026-10-01T07:56:54.296+0000] {dag.py:4180} INFO - Setting next_dagrun for my_data_pipeline to 2026-09-30 10:00:00+00:00, run_after=2026-10-01 10:00:00+00:00
[2026-10-01T07:56:54.332+0000] {processor.py:208} INFO - Processing /opt/airflow/dags/dbt_pipeline.py took 0.189 seconds
[2026-10-01T07:57:24.792+0000] {processor.py:186} INFO - Started process (PID=1235) to work on /opt/airflow/dags/dbt_pipeline.py
[2026-10-01T07:57:24.799+0000] {processor.py:914} INFO - Processing file /opt/airflow/dags/dbt_pipeline.py for tasks to queue
[2026-10-01T07:57:24.813+0000] {logging_mixin.py:190} INFO - [2026-10-01T07:57:24.810+0000] {dagbag.py:588} INFO - Filling up the DagBag from /opt/airflow/dags/dbt_pipeline.py
[2026-10-01T07:57:24.944+0000] {processor.py:925} INFO - DAG(s) 'my_data_pipeline' retrieved from /opt/airflow/dags/dbt_pipeline.py
[2026-10-01T07:57:25.091+0000] {logging_mixin.py:190} INFO - [2026-10-01T07:57:25.091+0000] {dag.py:3239} INFO - Sync 1 DAGs
[2026-10-01T07:57:25.214+0000] {logging_mixin.py:190} INFO - [2026-10-01T07:57:25.214+0000] {dag.py:4180} INFO - Setting next_dagrun for my_data_pipeline to 2026-09-30 10:00:00+00:00, run_after=2026-10-01 10:00:00+00:00
[2026-10-01T07:57:25.266+0000] {processor.py:208} INFO - Processing /opt/airflow/dags/dbt_pipeline.py took 0.504 seconds
[2026-10-01T07:57:55.541+0000] {processor.py:186} INFO - Started process (PID=1240) to work on /opt/airflow/dags/dbt_pipeline.py
[2026-10-01T07:57:55.550+0000] {processor.py:914} INFO - Processing file /opt/airflow/dags/dbt_pipeline.py for tasks to queue
[2026-10-01T07:57:55.563+0000] {logging_mixin.py:190} INFO - [2026-10-01T07:57:55.561+0000] {dagbag.py:588} INFO - Filling up the DagBag from /opt/airflow/dags/dbt_pipeline.py
[2026-10-01T07:57:55.673+0000] {processor.py:925} INFO - DAG(s) 'my_data_pipeline' retrieved from /opt/airflow/dags/dbt_pipeline.py
[2026-10-01T07:57:55.809+0000] {logging_mixin.py:190} INFO - [2026-10-01T07:57:55.809+0000] {dag.py:3239} INFO - Sync 1 DAGs
[2026-10-01T07:57:55.856+0000] {logging_mixin.py:190} INFO - [2026-10-01T07:57:55.855+0000] {dag.py:4180} INFO - Setting next_dagrun for my_data_pipeline to 2026-09-30 10:00:00+00:00, run_after=2026-10-01 10:00:00+00:00
[2026-10-01T07:57:55.884+0000] {processor.py:208} INFO - Processing /opt/airflow/dags/dbt_pipeline.py took 0.379 seconds
[2026-10-01T07:58:26.420+0000] {processor.py:186} INFO - Started process (PID=1245) to work on /opt/airflow/dags/dbt_pipeline.py
[2026-10-01T07:58:26.427+0000] {processor.py:914} INFO - Processing file /opt/airflow/dags/dbt_pipeline.py for tasks to queue
[2026-10-01T07:58:26.439+0000] {logging_mixin.py:190} INFO - [2026-10-01T07:58:26.438+0000] {dagbag.py:588} INFO - Filling up the DagBag from /opt/airflow/dags/dbt_pipeline.py
[2026-10-01T07:58:26.512+0000] {processor.py:925} INFO - DAG(s) 'my_data_pipeline' retrieved from /opt/airflow/dags/dbt_pipeline.py
[2026-10-01T07:58:26.593+0000] {logging_mixin.py:190} INFO - [2026-10-01T07:58:26.593+0000] {dag.py:3239} INFO - Sync 1 DAGs
[2026-10-01T07:58:26.645+0000] {logging_mixin.py:190} INFO - [2026-10-01T07:58:26.644+0000] {dag.py:4180} INFO - Setting next_dagrun for my_data_pipeline to 2026-09-30 10:00:00+00:00, run_after=2026-10-01 10:00:00+00:00
[2026-10-01T07:58:26.703+0000] {processor.py:208} INFO - Processing /opt/airflow/dags/dbt_pipeline.py took 0.312 seconds
[2026-10-01T07:58:57.042+0000] {processor.py:186} INFO - Started process (PID=1250) to work on /opt/airflow/dags/dbt_pipeline.py
[2026-10-01T07:58:57.044+0000] {processor.py:914} INFO - Processing file /opt/airflow/dags/dbt_pipeline.py for tasks to queue
[2026-10-01T07:58:57.048+0000] {logging_mixin.py:190} INFO - [2026-10-01T07:58:57.048+0000] {dagbag.py:588} INFO - Filling up the DagBag from /opt/airflow/dags/dbt_pipeline.py
[2026-10-01T07:58:57.094+0000] {processor.py:925} INFO - DAG(s) 'my_data_pipeline' retrieved from /opt/airflow/dags/dbt_pipeline.py
[2026-10-01T07:58:57.149+0000] {logging_mixin.py:190} INFO - [2026-10-01T07:58:57.149+0000] {dag.py:3239} INFO - Sync 1 DAGs
[2026-10-01T07:58:57.192+0000] {logging_mixin.py:190} INFO - [2026-10-01T07:58:57.191+0000] {dag.py:4180} INFO - Setting next_dagrun for my_data_pipeline to 2026-09-30 10:00:00+00:00, run_after=2026-10-01 10:00:00+00:00
[2026-10-01T07:58:57.238+0000] {processor.py:208} INFO - Processing /opt/airflow/dags/dbt_pipeline.py took 0.210 seconds
[2026-10-01T07:59:27.914+0000] {processor.py:186} INFO - Started process (PID=1255) to work on /opt/airflow/dags/dbt_pipeline.py
[2026-10-01T07:59:27.920+0000] {processor.py:914} INFO - Processing file /opt/airflow/dags/dbt_pipeline.py for tasks to queue
[2026-10-01T07:59:27.927+0000] {logging_mixin.py:190} INFO - [2026-10-01T07:59:27.926+0000] {dagbag.py:588} INFO - Filling up the DagBag from /opt/airflow/dags/dbt_pipeline.py
[2026-10-01T07:59:27.971+0000] {processor.py:925} INFO - DAG(s) 'my_data_pipeline' retrieved from /opt/airflow/dags/dbt_pipeline.py
[2026-10-01T07:59:28.017+0000] {logging_mixin.py:190} INFO - [2026-10-01T07:59:28.017+0000] {dag.py:3239} INFO - Sync 1 DAGs
[2026-10-01T07:59:28.053+0000] {logging_mixin.py:190} INFO - [2026-10-01T07:59:28.053+0000] {dag.py:4180} INFO - Setting next_dagrun for my_data_pipeline to 2026-09-30 10:00:00+00:00, run_after=2026-10-01 10:00:00+00:00
[2026-10-01T07:59:28.087+0000] {processor.py:208} INFO - Processing /opt/airflow/dags/dbt_pipeline.py took 0.197 seconds
[2026-10-01T07:59:58.508+0000] {processor.py:186} INFO - Started process (PID=1260) to work on /opt/airflow/dags/dbt_pipeline.py
[2026-10-01T07:59:58.514+0000] {processor.py:914} INFO - Processing file /opt/airflow/dags/dbt_pipeline.py for tasks to queue
[2026-10-01T07:59:58.526+0000] {logging_mixin.py:190} INFO - [2026-10-01T07:59:58.524+0000] {dagbag.py:588} INFO - Filling up the DagBag from /opt/airflow/dags/dbt_pipeline.py
[2026-10-01T07:59:58.640+0000] {processor.py:925} INFO - DAG(s) 'my_data_pipeline' retrieved from /opt/airflow/dags/dbt_pipeline.py
[2026-10-01T07:59:58.751+0000] {logging_mixin.py:190} INFO - [2026-10-01T07:59:58.750+0000] {dag.py:3239} INFO - Sync 1 DAGs
[2026-10-01T07:59:58.783+0000] {logging_mixin.py:190} INFO - [2026-10-01T07:59:58.783+0000] {dag.py:4180} INFO - Setting next_dagrun for my_data_pipeline to 2026-09-30 10:00:00+00:00, run_after=2026-10-01 10:00:00+00:00
[2026-10-01T07:59:58.805+0000] {processor.py:208} INFO - Processing /opt/airflow/dags/dbt_pipeline.py took 0.323 seconds
[2026-10-01T08:00:29.235+0000] {processor.py:186} INFO - Started process (PID=1265) to work on /opt/airflow/dags/dbt_pipeline.py
[2026-10-01T08:00:29.243+0000] {processor.py:914} INFO - Processing file /opt/airflow/dags/dbt_pipeline.py for tasks to queue
[2026-10-01T08:00:29.260+0000] {logging_mixin.py:190} INFO - [2026-10-01T08:00:29.258+0000] {dagbag.py:588} INFO - Filling up the DagBag from /opt/airflow/dags/dbt_pipeline.py
[2026-10-01T08:00:29.389+0000] {processor.py:925} INFO - DAG(s) 'my_data_pipeline' retrieved from /opt/airflow/dags/dbt_pipeline.py
[2026-10-01T08:00:29.465+0000] {logging_mixin.py:190} INFO - [2026-10-01T08:00:29.465+0000] {dag.py:3239} INFO - Sync 1 DAGs
[2026-10-01T08:00:29.517+0000] {logging_mixin.py:190} INFO - [2026-10-01T08:00:29.517+0000] {dag.py:4180} INFO - Setting next_dagrun for my_data_pipeline to 2026-09-30 10:00:00+00:00, run_after=2026-10-01 10:00:00+00:00
[2026-10-01T08:00:29.570+0000] {processor.py:208} INFO - Processing /opt/airflow/dags/dbt_pipeline.py took 0.381 seconds
[2026-10-01T08:00:59.788+0000] {processor.py:186} INFO - Started process (PID=1270) to work on /opt/airflow/dags/dbt_pipeline.py
[2026-10-01T08:00:59.790+0000] {processor.py:914} INFO - Processing file /opt/airflow/dags/dbt_pipeline.py for tasks to queue
[2026-10-01T08:00:59.794+0000] {logging_mixin.py:190} INFO - [2026-10-01T08:00:59.794+0000] {dagbag.py:588} INFO - Filling up the DagBag from /opt/airflow/dags/dbt_pipeline.py
[2026-10-01T08:00:59.838+0000] {processor.py:925} INFO - DAG(s) 'my_data_pipeline' retrieved from /opt/airflow/dags/dbt_pipeline.py
[2026-10-01T08:00:59.944+0000] {logging_mixin.py:190} INFO - [2026-10-01T08:00:59.944+0000] {dag.py:3239} INFO - Sync 1 DAGs
[2026-10-01T08:00:59.984+0000] {logging_mixin.py:190} INFO - [2026-10-01T08:00:59.984+0000] {dag.py:4180} INFO - Setting next_dagrun for my_data_pipeline to 2026-09-30 10:00:00+00:00, run_after=2026-10-01 10:00:00+00:00
[2026-10-01T08:01:00.024+0000] {processor.py:208} INFO - Processing /opt/airflow/dags/dbt_pipeline.py took 0.244 seconds
[2026-10-01T08:01:30.642+0000] {processor.py:186} INFO - Started process (PID=1275) to work on /opt/airflow/dags/dbt_pipeline.py
[2026-10-01T08:01:30.648+0000] {processor.py:914} INFO - Processing file /opt/airflow/dags/dbt_pipeline.py for tasks to queue
[2026-10-01T08:01:30.660+0000] {logging_mixin.py:190} INFO - [2026-10-01T08:01:30.659+0000] {dagbag.py:588} INFO - Filling up the DagBag from /opt/airflow/dags/dbt_pipeline.py
[2026-10-01T08:01:30.777+0000] {processor.py:925} INFO - DAG(s) 'my_data_pipeline' retrieved from /opt/airflow/dags/dbt_pipeline.py
[2026-10-01T08:01:30.900+0000] {logging_mixin.py:190} INFO - [2026-10-01T08:01:30.900+0000] {dag.py:3239} INFO - Sync 1 DAGs
[2026-10-01T08:01:30.949+0000] {logging_mixin.py:190} INFO - [2026-10-01T08:01:30.949+0000] {dag.py:4180} INFO - Setting next_dagrun for my_data_pipeline to 2026-09-30 10:00:00+00:00, run_after=2026-10-01 10:00:00+00:00
[2026-10-01T08:01:30.997+0000] {processor.py:208} INFO - Processing /opt/airflow/dags/dbt_pipeline.py took 0.382 seconds
[2026-10-01T08:02:01.170+0000] {processor.py:186} INFO - Started process (PID=1280) to work on /opt/airflow/dags/dbt_pipeline.py
[2026-10-01T08:02:01.175+0000] {processor.py:914} INFO - Processing file /opt/airflow/dags/dbt_pipeline.py for tasks to queue
[2026-10-01T08:02:01.187+0000] {logging_mixin.py:190} INFO - [2026-10-01T08:02:01.185+0000] {dagbag.py:588} INFO - Filling up the DagBag from /opt/airflow/dags/dbt_pipeline.py
[2026-10-01T08:02:01.256+0000] {processor.py:925} INFO - DAG(s) 'my_data_pipeline' retrieved from /opt/airflow/dags/dbt_pipeline.py
[2026-10-01T08:02:01.315+0000] {logging_mixin.py:190} INFO - [2026-10-01T08:02:01.314+0000] {dag.py:3239} INFO - Sync 1 DAGs
[2026-10-01T08:02:01.359+0000] {logging_mixin.py:190} INFO - [2026-10-01T08:02:01.359+0000] {dag.py:4180} INFO - Setting next_dagrun for my_data_pipeline to 2026-09-30 10:00:00+00:00, run_after=2026-10-01 10:00:00+00:00
[2026-10-01T08:02:01.401+0000] {processor.py:208} INFO - Processing /opt/airflow/dags/dbt_pipeline.py took 0.261 seconds
[2026-10-01T08:02:31.557+0000] {processor.py:186} INFO - Started process (PID=1285) to work on /opt/airflow/dags/dbt_pipeline.py
[2026-10-01T08:02:31.559+0000] {processor.py:914} INFO - Processing file /opt/airflow/dags/dbt_pipeline.py for tasks to queue
[2026-10-01T08:02:31.563+0000] {logging_mixin.py:190} INFO - [2026-10-01T08:02:31.562+0000] {dagbag.py:588} INFO - Filling up the DagBag from /opt/airflow/dags/dbt_pipeline.py
[2026-10-01T08:02:31.598+0000] {processor.py:925} INFO - DAG(s) 'my_data_pipeline' retrieved from /opt/airflow/dags/dbt_pipeline.py
[2026-10-01T08:02:31.645+0000] {logging_mixin.py:190} INFO - [2026-10-01T08:02:31.645+0000] {dag.py:3239} INFO - Sync 1 DAGs
[2026-10-01T08:02:31.680+0000] {logging_mixin.py:190} INFO - [2026-10-01T08:02:31.680+0000] {dag.py:4180} INFO - Setting next_dagrun for my_data_pipeline to 2026-09-30 10:00:00+00:00, run_after=2026-10-01 10:00:00+00:00
[2026-10-01T08:02:31.715+0000] {processor.py:208} INFO - Processing /opt/airflow/dags/dbt_pipeline.py took 0.167 seconds
[2026-10-01T08:03:02.142+0000] {processor.py:186} INFO - Started process (PID=1290) to work on /opt/airflow/dags/dbt_pipeline.py
[2026-10-01T08:03:02.147+0000] {processor.py:914} INFO - Processing file /opt/airflow/dags/dbt_pipeline.py for tasks to queue
[2026-10-01T08:03:02.158+0000] {logging_mixin.py:190} INFO - [2026-10-01T08:03:02.157+0000] {dagbag.py:588} INFO - Filling up the DagBag from /opt/airflow/dags/dbt_pipeline.py
[2026-10-01T08:03:02.268+0000] {processor.py:925} INFO - DAG(s) 'my_data_pipeline' retrieved from /opt/airflow/dags/dbt_pipeline.py
[2026-10-01T08:03:02.390+0000] {logging_mixin.py:190} INFO - [2026-10-01T08:03:02.389+0000] {dag.py:3239} INFO - Sync 1 DAGs
[2026-10-01T08:03:02.434+0000] {logging_mixin.py:190} INFO - [2026-10-01T08:03:02.434+0000] {dag.py:4180} INFO - Setting next_dagrun for my_data_pipeline to 2026-09-30 10:00:00+00:00, run_after=2026-10-01 10:00:00+00:00
[2026-10-01T08:03:02.476+0000] {processor.py:208} INFO - Processing /opt/airflow/dags/dbt_pipeline.py took 0.360 seconds
[2026-10-01T08:03:32.776+0000] {processor.py:186} INFO - Started process (PID=1295) to work on /opt/airflow/dags/dbt_pipeline.py
[2026-10-01T08:03:32.781+0000] {processor.py:914} INFO - Processing file /opt/airflow/dags/dbt_pipeline.py for tasks to queue
[2026-10-01T08:03:32.791+0000] {logging_mixin.py:190} INFO - [2026-10-01T08:03:32.790+0000] {dagbag.py:588} INFO - Filling up the DagBag from /opt/airflow/dags/dbt_pipeline.py
[2026-10-01T08:03:32.893+0000] {processor.py:925} INFO - DAG(s) 'my_data_pipeline' retrieved from /opt/airflow/dags/dbt_pipeline.py
[2026-10-01T08:03:32.960+0000] {logging_mixin.py:190} INFO - [2026-10-01T08:03:32.960+0000] {dag.py:3239} INFO - Sync 1 DAGs
[2026-10-01T08:03:32.998+0000] {logging_mixin.py:190} INFO - [2026-10-01T08:03:32.998+0000] {dag.py:4180} INFO - Setting next_dagrun for my_data_pipeline to 2026-09-30 10:00:00+00:00, run_after=2026-10-01 10:00:00+00:00
[2026-10-01T08:03:33.023+0000] {processor.py:208} INFO - Processing /opt/airflow/dags/dbt_pipeline.py took 0.272 seconds
[2026-10-01T08:04:03.525+0000] {processor.py:186} INFO - Started process (PID=1300) to work on /opt/airflow/dags/dbt_pipeline.py
[2026-10-01T08:04:03.530+0000] {processor.py:914} INFO - Processing file /opt/airflow/dags/dbt_pipeline.py for tasks to queue
[2026-10-01T08:04:03.540+0000] {logging_mixin.py:190} INFO - [2026-10-01T08:04:03.539+0000] {dagbag.py:588} INFO - Filling up the DagBag from /opt/airflow/dags/dbt_pipeline.py
[2026-10-01T08:04:03.641+0000] {processor.py:925} INFO - DAG(s) 'my_data_pipeline' retrieved from /opt/airflow/dags/dbt_pipeline.py
[2026-10-01T08:04:03.745+0000] {logging_mixin.py:190} INFO - [2026-10-01T08:04:03.744+0000] {dag.py:3239} INFO - Sync 1 DAGs
[2026-10-01T08:04:03.785+0000] {logging_mixin.py:190} INFO - [2026-10-01T08:04:03.784+0000] {dag.py:4180} INFO - Setting next_dagrun for my_data_pipeline to 2026-09-30 10:00:00+00:00, run_after=2026-10-01 10:00:00+00:00
[2026-10-01T08:04:03.818+0000] {processor.py:208} INFO - Processing /opt/airflow/dags/dbt_pipeline.py took 0.315 seconds
[2026-10-01T08:04:34.096+0000] {processor.py:186} INFO - Started process (PID=1305) to work on /opt/airflow/dags/dbt_pipeline.py
[2026-10-01T08:04:34.101+0000] {processor.py:914} INFO - Processing file /opt/airflow/dags/dbt_pipeline.py for tasks to queue
[2026-10-01T08:04:34.109+0000] {logging_mixin.py:190} INFO - [2026-10-01T08:04:34.108+0000] {dagbag.py:588} INFO - Filling up the DagBag from /opt/airflow/dags/dbt_pipeline.py
[2026-10-01T08:04:34.205+0000] {processor.py:925} INFO - DAG(s) 'my_data_pipeline' retrieved from /opt/airflow/dags/dbt_pipeline.py
[2026-10-01T08:04:34.315+0000] {logging_mixin.py:190} INFO - [2026-10-01T08:04:34.314+0000] {dag.py:3239} INFO - Sync 1 DAGs
[2026-10-01T08:04:34.403+0000] {logging_mixin.py:190} INFO - [2026-10-01T08:04:34.402+0000] {dag.py:4180} INFO - Setting next_dagrun for my_data_pipeline to 2026-09-30 10:00:00+00:00, run_after=2026-10-01 10:00:00+00:00
[2026-10-01T08:04:34.446+0000] {processor.py:208} INFO - Processing /opt/airflow/dags/dbt_pipeline.py took 0.370 seconds
[2026-10-01T08:05:04.940+0000] {processor.py:186} INFO - Started process (PID=1310) to work on /opt/airflow/dags/dbt_pipeline.py
[2026-10-01T08:05:04.946+0000] {processor.py:914} INFO - Processing file /opt/airflow/dags/dbt_pipeline.py for tasks to queue
[2026-10-01T08:05:04.959+0000] {logging_mixin.py:190} INFO - [2026-10-01T08:05:04.957+0000] {dagbag.py:588} INFO - Filling up the DagBag from /opt/airflow/dags/dbt_pipeline.py
[2026-10-01T08:05:05.077+0000] {processor.py:925} INFO - DAG(s) 'my_data_pipeline' retrieved from /opt/airflow/dags/dbt_pipeline.py
[2026-10-01T08:05:05.219+0000] {logging_mixin.py:190} INFO - [2026-10-01T08:05:05.218+0000] {dag.py:3239} INFO - Sync 1 DAGs
[2026-10-01T08:05:05.295+0000] {logging_mixin.py:190} INFO - [2026-10-01T08:05:05.295+0000] {dag.py:4180} INFO - Setting next_dagrun for my_data_pipeline to 2026-09-30 10:00:00+00:00, run_after=2026-10-01 10:00:00+00:00
[2026-10-01T08:05:05.340+0000] {processor.py:208} INFO - Processing /opt/airflow/dags/dbt_pipeline.py took 0.428 seconds
[2026-10-01T08:05:35.639+0000] {processor.py:186} INFO - Started process (PID=1315) to work on /opt/airflow/dags/dbt_pipeline.py
[2026-10-01T08:05:35.642+0000] {processor.py:914} INFO - Processing file /opt/airflow/dags/dbt_pipeline.py for tasks to queue
[2026-10-01T08:05:35.646+0000] {logging_mixin.py:190} INFO - [2026-10-01T08:05:35.646+0000] {dagbag.py:588} INFO - Filling up the DagBag from /opt/airflow/dags/dbt_pipeline.py
[2026-10-01T08:05:35.693+0000] {processor.py:925} INFO - DAG(s) 'my_data_pipeline' retrieved from /opt/airflow/dags/dbt_pipeline.py
[2026-10-01T08:05:35.752+0000] {logging_mixin.py:190} INFO - [2026-10-01T08:05:35.751+0000] {dag.py:3239} INFO - Sync 1 DAGs
[2026-10-01T08:05:35.796+0000] {logging_mixin.py:190} INFO - [2026-10-01T08:05:35.796+0000] {dag.py:4180} INFO - Setting next_dagrun for my_data_pipeline to 2026-09-30 10:00:00+00:00, run_after=2026-10-01 10:00:00+00:00
[2026-10-01T08:05:35.834+0000] {processor.py:208} INFO - Processing /opt/airflow/dags/dbt_pipeline.py took 0.205 seconds
[2026-10-01T08:06:06.416+0000] {processor.py:186} INFO - Started process (PID=1320) to work on /opt/airflow/dags/dbt_pipeline.py
[2026-10-01T08:06:06.422+0000] {processor.py:914} INFO - Processing file /opt/airflow/dags/dbt_pipeline.py for tasks to queue
[2026-10-01T08:06:06.434+0000] {logging_mixin.py:190} INFO - [2026-10-01T08:06:06.431+0000] {dagbag.py:588} INFO - Filling up the DagBag from /opt/airflow/dags/dbt_pipeline.py
[2026-10-01T08:06:06.545+0000] {processor.py:925} INFO - DAG(s) 'my_data_pipeline' retrieved from /opt/airflow/dags/dbt_pipeline.py
[2026-10-01T08:06:06.684+0000] {logging_mixin.py:190} INFO - [2026-10-01T08:06:06.683+0000] {dag.py:3239} INFO - Sync 1 DAGs
[2026-10-01T08:06:06.732+0000] {logging_mixin.py:190} INFO - [2026-10-01T08:06:06.731+0000] {dag.py:4180} INFO - Setting next_dagrun for my_data_pipeline to 2026-09-30 10:00:00+00:00, run_after=2026-10-01 10:00:00+00:00
[2026-10-01T08:06:06.791+0000] {processor.py:208} INFO - Processing /opt/airflow/dags/dbt_pipeline.py took 0.409 seconds
[2026-10-01T08:06:37.208+0000] {processor.py:186} INFO - Started process (PID=1325) to work on /opt/airflow/dags/dbt_pipeline.py
[2026-10-01T08:06:37.210+0000] {processor.py:914} INFO - Processing file /opt/airflow/dags/dbt_pipeline.py for tasks to queue
[2026-10-01T08:06:37.215+0000] {logging_mixin.py:190} INFO - [2026-10-01T08:06:37.215+0000] {dagbag.py:588} INFO - Filling up the DagBag from /opt/airflow/dags/dbt_pipeline.py
[2026-10-01T08:06:37.258+0000] {processor.py:925} INFO - DAG(s) 'my_data_pipeline' retrieved from /opt/airflow/dags/dbt_pipeline.py
[2026-10-01T08:06:37.309+0000] {logging_mixin.py:190} INFO - [2026-10-01T08:06:37.309+0000] {dag.py:3239} INFO - Sync 1 DAGs
[2026-10-01T08:06:37.352+0000] {logging_mixin.py:190} INFO - [2026-10-01T08:06:37.352+0000] {dag.py:4180} INFO - Setting next_dagrun for my_data_pipeline to 2026-09-30 10:00:00+00:00, run_after=2026-10-01 10:00:00+00:00
[2026-10-01T08:06:37.390+0000] {processor.py:208} INFO - Processing /opt/airflow/dags/dbt_pipeline.py took 0.190 seconds
[2026-10-01T08:07:07.641+0000] {processor.py:186} INFO - Started process (PID=1330) to work on /opt/airflow/dags/dbt_pipeline.py
[2026-10-01T08:07:07.647+0000] {processor.py:914} INFO - Processing file /opt/airflow/dags/dbt_pipeline.py for tasks to queue
[2026-10-01T08:07:07.658+0000] {logging_mixin.py:190} INFO - [2026-10-01T08:07:07.657+0000] {dagbag.py:588} INFO - Filling up the DagBag from /opt/airflow/dags/dbt_pipeline.py
[2026-10-01T08:07:07.788+0000] {processor.py:925} INFO - DAG(s) 'my_data_pipeline' retrieved from /opt/airflow/dags/dbt_pipeline.py
[2026-10-01T08:07:07.923+0000] {logging_mixin.py:190} INFO - [2026-10-01T08:07:07.923+0000] {dag.py:3239} INFO - Sync 1 DAGs
[2026-10-01T08:07:07.966+0000] {logging_mixin.py:190} INFO - [2026-10-01T08:07:07.966+0000] {dag.py:4180} INFO - Setting next_dagrun for my_data_pipeline to 2026-09-30 10:00:00+00:00, run_after=2026-10-01 10:00:00+00:00
[2026-10-01T08:07:08.015+0000] {processor.py:208} INFO - Processing /opt/airflow/dags/dbt_pipeline.py took 0.402 seconds
[2026-10-01T08:07:38.374+0000] {processor.py:186} INFO - Started process (PID=1341) to work on /opt/airflow/dags/dbt_pipeline.py
[2026-10-01T08:07:38.381+0000] {processor.py:914} INFO - Processing file /opt/airflow/dags/dbt_pipeline.py for tasks to queue
[2026-10-01T08:07:38.392+0000] {logging_mixin.py:190} INFO - [2026-10-01T08:07:38.391+0000] {dagbag.py:588} INFO - Filling up the DagBag from /opt/airflow/dags/dbt_pipeline.py
[2026-10-01T08:07:38.513+0000] {processor.py:925} INFO - DAG(s) 'my_data_pipeline' retrieved from /opt/airflow/dags/dbt_pipeline.py
[2026-10-01T08:07:38.641+0000] {logging_mixin.py:190} INFO - [2026-10-01T08:07:38.641+0000] {dag.py:3239} INFO - Sync 1 DAGs
[2026-10-01T08:07:38.687+0000] {logging_mixin.py:190} INFO - [2026-10-01T08:07:38.686+0000] {dag.py:4180} INFO - Setting next_dagrun for my_data_pipeline to 2026-09-30 10:00:00+00:00, run_after=2026-10-01 10:00:00+00:00
[2026-10-01T08:07:38.730+0000] {processor.py:208} INFO - Processing /opt/airflow/dags/dbt_pipeline.py took 0.383 seconds
[2026-10-01T08:08:09.236+0000] {processor.py:186} INFO - Started process (PID=1346) to work on /opt/airflow/dags/dbt_pipeline.py
[2026-10-01T08:08:09.243+0000] {processor.py:914} INFO - Processing file /opt/airflow/dags/dbt_pipeline.py for tasks to queue
[2026-10-01T08:08:09.256+0000] {logging_mixin.py:190} INFO - [2026-10-01T08:08:09.255+0000] {dagbag.py:588} INFO - Filling up the DagBag from /opt/airflow/dags/dbt_pipeline.py
[2026-10-01T08:08:09.359+0000] {processor.py:925} INFO - DAG(s) 'my_data_pipeline' retrieved from /opt/airflow/dags/dbt_pipeline.py
[2026-10-01T08:08:09.504+0000] {logging_mixin.py:190} INFO - [2026-10-01T08:08:09.503+0000] {dag.py:3239} INFO - Sync 1 DAGs
[2026-10-01T08:08:09.602+0000] {logging_mixin.py:190} INFO - [2026-10-01T08:08:09.602+0000] {dag.py:4180} INFO - Setting next_dagrun for my_data_pipeline to 2026-09-30 10:00:00+00:00, run_after=2026-10-01 10:00:00+00:00
[2026-10-01T08:08:09.667+0000] {processor.py:208} INFO - Processing /opt/airflow/dags/dbt_pipeline.py took 0.459 seconds
[2026-10-01T08:08:39.884+0000] {processor.py:186} INFO - Started process (PID=1351) to work on /opt/airflow/dags/dbt_pipeline.py
[2026-10-01T08:08:39.888+0000] {processor.py:914} INFO - Processing file /opt/airflow/dags/dbt_pipeline.py for tasks to queue
[2026-10-01T08:08:39.894+0000] {logging_mixin.py:190} INFO - [2026-10-01T08:08:39.893+0000] {dagbag.py:588} INFO - Filling up the DagBag from /opt/airflow/dags/dbt_pipeline.py
[2026-10-01T08:08:39.946+0000] {processor.py:925} INFO - DAG(s) 'my_data_pipeline' retrieved from /opt/airflow/dags/dbt_pipeline.py
[2026-10-01T08:08:39.995+0000] {logging_mixin.py:190} INFO - [2026-10-01T08:08:39.995+0000] {dag.py:3239} INFO - Sync 1 DAGs
[2026-10-01T08:08:40.030+0000] {logging_mixin.py:190} INFO - [2026-10-01T08:08:40.030+0000] {dag.py:4180} INFO - Setting next_dagrun for my_data_pipeline to 2026-09-30 10:00:00+00:00, run_after=2026-10-01 10:00:00+00:00
[2026-10-01T08:08:40.075+0000] {processor.py:208} INFO - Processing /opt/airflow/dags/dbt_pipeline.py took 0.214 seconds
[2026-10-01T08:09:10.268+0000] {processor.py:186} INFO - Started process (PID=1356) to work on /opt/airflow/dags/dbt_pipeline.py
[2026-10-01T08:09:10.270+0000] {processor.py:914} INFO - Processing file /opt/airflow/dags/dbt_pipeline.py for tasks to queue
[2026-10-01T08:09:10.274+0000] {logging_mixin.py:190} INFO - [2026-10-01T08:09:10.274+0000] {dagbag.py:588} INFO - Filling up the DagBag from /opt/airflow/dags/dbt_pipeline.py
[2026-10-01T08:09:10.315+0000] {processor.py:925} INFO - DAG(s) 'my_data_pipeline' retrieved from /opt/airflow/dags/dbt_pipeline.py
[2026-10-01T08:09:10.360+0000] {logging_mixin.py:190} INFO - [2026-10-01T08:09:10.360+0000] {dag.py:3239} INFO - Sync 1 DAGs
[2026-10-01T08:09:10.394+0000] {logging_mixin.py:190} INFO - [2026-10-01T08:09:10.394+0000] {dag.py:4180} INFO - Setting next_dagrun for my_data_pipeline to 2026-09-30 10:00:00+00:00, run_after=2026-10-01 10:00:00+00:00
[2026-10-01T08:09:10.421+0000] {processor.py:208} INFO - Processing /opt/airflow/dags/dbt_pipeline.py took 0.161 seconds
[2026-10-01T08:09:40.806+0000] {processor.py:186} INFO - Started process (PID=1361) to work on /opt/airflow/dags/dbt_pipeline.py
[2026-10-01T08:09:40.813+0000] {processor.py:914} INFO - Processing file /opt/airflow/dags/dbt_pipeline.py for tasks to queue
[2026-10-01T08:09:40.833+0000] {logging_mixin.py:190} INFO - [2026-10-01T08:09:40.830+0000] {dagbag.py:588} INFO - Filling up the DagBag from /opt/airflow/dags/dbt_pipeline.py
[2026-10-01T08:09:40.956+0000] {processor.py:925} INFO - DAG(s) 'my_data_pipeline' retrieved from /opt/airflow/dags/dbt_pipeline.py
[2026-10-01T08:09:41.080+0000] {logging_mixin.py:190} INFO - [2026-10-01T08:09:41.080+0000] {dag.py:3239} INFO - Sync 1 DAGs
[2026-10-01T08:09:41.120+0000] {logging_mixin.py:190} INFO - [2026-10-01T08:09:41.120+0000] {dag.py:4180} INFO - Setting next_dagrun for my_data_pipeline to 2026-09-30 10:00:00+00:00, run_after=2026-10-01 10:00:00+00:00
[2026-10-01T08:09:41.151+0000] {processor.py:208} INFO - Processing /opt/airflow/dags/dbt_pipeline.py took 0.377 seconds
[2026-10-01T08:10:11.537+0000] {processor.py:186} INFO - Started process (PID=1366) to work on /opt/airflow/dags/dbt_pipeline.py
[2026-10-01T08:10:11.544+0000] {processor.py:914} INFO - Processing file /opt/airflow/dags/dbt_pipeline.py for tasks to queue
[2026-10-01T08:10:11.560+0000] {logging_mixin.py:190} INFO - [2026-10-01T08:10:11.558+0000] {dagbag.py:588} INFO - Filling up the DagBag from /opt/airflow/dags/dbt_pipeline.py
[2026-10-01T08:10:11.707+0000] {processor.py:925} INFO - DAG(s) 'my_data_pipeline' retrieved from /opt/airflow/dags/dbt_pipeline.py
[2026-10-01T08:10:11.882+0000] {logging_mixin.py:190} INFO - [2026-10-01T08:10:11.881+0000] {dag.py:3239} INFO - Sync 1 DAGs
[2026-10-01T08:10:11.952+0000] {logging_mixin.py:190} INFO - [2026-10-01T08:10:11.951+0000] {dag.py:4180} INFO - Setting next_dagrun for my_data_pipeline to 2026-09-30 10:00:00+00:00, run_after=2026-10-01 10:00:00+00:00
[2026-10-01T08:10:12.002+0000] {processor.py:208} INFO - Processing /opt/airflow/dags/dbt_pipeline.py took 0.509 seconds
[2026-10-01T08:10:42.423+0000] {processor.py:186} INFO - Started process (PID=1371) to work on /opt/airflow/dags/dbt_pipeline.py
[2026-10-01T08:10:42.425+0000] {processor.py:914} INFO - Processing file /opt/airflow/dags/dbt_pipeline.py for tasks to queue
[2026-10-01T08:10:42.430+0000] {logging_mixin.py:190} INFO - [2026-10-01T08:10:42.429+0000] {dagbag.py:588} INFO - Filling up the DagBag from /opt/airflow/dags/dbt_pipeline.py
[2026-10-01T08:10:42.470+0000] {processor.py:925} INFO - DAG(s) 'my_data_pipeline' retrieved from /opt/airflow/dags/dbt_pipeline.py
[2026-10-01T08:10:42.522+0000] {logging_mixin.py:190} INFO - [2026-10-01T08:10:42.521+0000] {dag.py:3239} INFO - Sync 1 DAGs
[2026-10-01T08:10:42.570+0000] {logging_mixin.py:190} INFO - [2026-10-01T08:10:42.569+0000] {dag.py:4180} INFO - Setting next_dagrun for my_data_pipeline to 2026-09-30 10:00:00+00:00, run_after=2026-10-01 10:00:00+00:00
[2026-10-01T08:10:42.609+0000] {processor.py:208} INFO - Processing /opt/airflow/dags/dbt_pipeline.py took 0.203 seconds
[2026-10-01T08:11:13.155+0000] {processor.py:186} INFO - Started process (PID=1376) to work on /opt/airflow/dags/dbt_pipeline.py
[2026-10-01T08:11:13.162+0000] {processor.py:914} INFO - Processing file /opt/airflow/dags/dbt_pipeline.py for tasks to queue
[2026-10-01T08:11:13.177+0000] {logging_mixin.py:190} INFO - [2026-10-01T08:11:13.175+0000] {dagbag.py:588} INFO - Filling up the DagBag from /opt/airflow/dags/dbt_pipeline.py
[2026-10-01T08:11:13.312+0000] {processor.py:925} INFO - DAG(s) 'my_data_pipeline' retrieved from /opt/airflow/dags/dbt_pipeline.py
[2026-10-01T08:11:13.476+0000] {logging_mixin.py:190} INFO - [2026-10-01T08:11:13.474+0000] {dag.py:3239} INFO - Sync 1 DAGs
[2026-10-01T08:11:13.602+0000] {logging_mixin.py:190} INFO - [2026-10-01T08:11:13.601+0000] {dag.py:4180} INFO - Setting next_dagrun for my_data_pipeline to 2026-09-30 10:00:00+00:00, run_after=2026-10-01 10:00:00+00:00
[2026-10-01T08:11:13.700+0000] {processor.py:208} INFO - Processing /opt/airflow/dags/dbt_pipeline.py took 0.580 seconds
[2026-10-01T08:11:44.352+0000] {processor.py:186} INFO - Started process (PID=1381) to work on /opt/airflow/dags/dbt_pipeline.py
[2026-10-01T08:11:44.362+0000] {processor.py:914} INFO - Processing file /opt/airflow/dags/dbt_pipeline.py for tasks to queue
[2026-10-01T08:11:44.369+0000] {logging_mixin.py:190} INFO - [2026-10-01T08:11:44.369+0000] {dagbag.py:588} INFO - Filling up the DagBag from /opt/airflow/dags/dbt_pipeline.py
[2026-10-01T08:11:44.420+0000] {processor.py:925} INFO - DAG(s) 'my_data_pipeline' retrieved from /opt/airflow/dags/dbt_pipeline.py
[2026-10-01T08:11:44.493+0000] {logging_mixin.py:190} INFO - [2026-10-01T08:11:44.493+0000] {dag.py:3239} INFO - Sync 1 DAGs
[2026-10-01T08:11:44.545+0000] {logging_mixin.py:190} INFO - [2026-10-01T08:11:44.545+0000] {dag.py:4180} INFO - Setting next_dagrun for my_data_pipeline to 2026-09-30 10:00:00+00:00, run_after=2026-10-01 10:00:00+00:00
[2026-10-01T08:11:44.599+0000] {processor.py:208} INFO - Processing /opt/airflow/dags/dbt_pipeline.py took 0.258 seconds
[2026-10-01T08:12:14.758+0000] {processor.py:186} INFO - Started process (PID=1386) to work on /opt/airflow/dags/dbt_pipeline.py
[2026-10-01T08:12:14.760+0000] {processor.py:914} INFO - Processing file /opt/airflow/dags/dbt_pipeline.py for tasks to queue
[2026-10-01T08:12:14.765+0000] {logging_mixin.py:190} INFO - [2026-10-01T08:12:14.764+0000] {dagbag.py:588} INFO - Filling up the DagBag from /opt/airflow/dags/dbt_pipeline.py
[2026-10-01T08:12:14.827+0000] {processor.py:925} INFO - DAG(s) 'my_data_pipeline' retrieved from /opt/airflow/dags/dbt_pipeline.py
[2026-10-01T08:12:14.900+0000] {logging_mixin.py:190} INFO - [2026-10-01T08:12:14.900+0000] {dag.py:3239} INFO - Sync 1 DAGs
[2026-10-01T08:12:14.959+0000] {logging_mixin.py:190} INFO - [2026-10-01T08:12:14.959+0000] {dag.py:4180} INFO - Setting next_dagrun for my_data_pipeline to 2026-09-30 10:00:00+00:00, run_after=2026-10-01 10:00:00+00:00
[2026-10-01T08:12:15.031+0000] {processor.py:208} INFO - Processing /opt/airflow/dags/dbt_pipeline.py took 0.283 seconds
[2026-10-01T08:12:45.393+0000] {processor.py:186} INFO - Started process (PID=1391) to work on /opt/airflow/dags/dbt_pipeline.py
[2026-10-01T08:12:45.396+0000] {processor.py:914} INFO - Processing file /opt/airflow/dags/dbt_pipeline.py for tasks to queue
[2026-10-01T08:12:45.402+0000] {logging_mixin.py:190} INFO - [2026-10-01T08:12:45.401+0000] {dagbag.py:588} INFO - Filling up the DagBag from /opt/airflow/dags/dbt_pipeline.py
[2026-10-01T08:12:45.455+0000] {processor.py:925} INFO - DAG(s) 'my_data_pipeline' retrieved from /opt/airflow/dags/dbt_pipeline.py
[2026-10-01T08:12:45.527+0000] {logging_mixin.py:190} INFO - [2026-10-01T08:12:45.527+0000] {dag.py:3239} INFO - Sync 1 DAGs
[2026-10-01T08:12:45.580+0000] {logging_mixin.py:190} INFO - [2026-10-01T08:12:45.580+0000] {dag.py:4180} INFO - Setting next_dagrun for my_data_pipeline to 2026-09-30 10:00:00+00:00, run_after=2026-10-01 10:00:00+00:00
[2026-10-01T08:12:45.627+0000] {processor.py:208} INFO - Processing /opt/airflow/dags/dbt_pipeline.py took 0.243 seconds
[2026-10-01T08:13:15.891+0000] {processor.py:186} INFO - Started process (PID=1396) to work on /opt/airflow/dags/dbt_pipeline.py
[2026-10-01T08:13:15.897+0000] {processor.py:914} INFO - Processing file /opt/airflow/dags/dbt_pipeline.py for tasks to queue
[2026-10-01T08:13:15.910+0000] {logging_mixin.py:190} INFO - [2026-10-01T08:13:15.908+0000] {dagbag.py:588} INFO - Filling up the DagBag from /opt/airflow/dags/dbt_pipeline.py
[2026-10-01T08:13:16.029+0000] {processor.py:925} INFO - DAG(s) 'my_data_pipeline' retrieved from /opt/airflow/dags/dbt_pipeline.py
[2026-10-01T08:13:16.128+0000] {logging_mixin.py:190} INFO - [2026-10-01T08:13:16.127+0000] {dag.py:3239} INFO - Sync 1 DAGs
[2026-10-01T08:13:16.168+0000] {logging_mixin.py:190} INFO - [2026-10-01T08:13:16.168+0000] {dag.py:4180} INFO - Setting next_dagrun for my_data_pipeline to 2026-09-30 10:00:00+00:00, run_after=2026-10-01 10:00:00+00:00
[2026-10-01T08:13:16.207+0000] {processor.py:208} INFO - Processing /opt/airflow/dags/dbt_pipeline.py took 0.347 seconds
[2026-10-01T08:13:46.625+0000] {processor.py:186} INFO - Started process (PID=1401) to work on /opt/airflow/dags/dbt_pipeline.py
[2026-10-01T08:13:46.631+0000] {processor.py:914} INFO - Processing file /opt/airflow/dags/dbt_pipeline.py for tasks to queue
[2026-10-01T08:13:46.641+0000] {logging_mixin.py:190} INFO - [2026-10-01T08:13:46.640+0000] {dagbag.py:588} INFO - Filling up the DagBag from /opt/airflow/dags/dbt_pipeline.py
[2026-10-01T08:13:46.731+0000] {processor.py:925} INFO - DAG(s) 'my_data_pipeline' retrieved from /opt/airflow/dags/dbt_pipeline.py
[2026-10-01T08:13:46.784+0000] {logging_mixin.py:190} INFO - [2026-10-01T08:13:46.784+0000] {dag.py:3239} INFO - Sync 1 DAGs
[2026-10-01T08:13:46.827+0000] {logging_mixin.py:190} INFO - [2026-10-01T08:13:46.827+0000] {dag.py:4180} INFO - Setting next_dagrun for my_data_pipeline to 2026-09-30 10:00:00+00:00, run_after=2026-10-01 10:00:00+00:00
[2026-10-01T08:13:46.868+0000] {processor.py:208} INFO - Processing /opt/airflow/dags/dbt_pipeline.py took 0.269 seconds
[2026-10-01T08:14:17.335+0000] {processor.py:186} INFO - Started process (PID=1406) to work on /opt/airflow/dags/dbt_pipeline.py
[2026-10-01T08:14:17.342+0000] {processor.py:914} INFO - Processing file /opt/airflow/dags/dbt_pipeline.py for tasks to queue
[2026-10-01T08:14:17.352+0000] {logging_mixin.py:190} INFO - [2026-10-01T08:14:17.350+0000] {dagbag.py:588} INFO - Filling up the DagBag from /opt/airflow/dags/dbt_pipeline.py
[2026-10-01T08:14:17.464+0000] {processor.py:925} INFO - DAG(s) 'my_data_pipeline' retrieved from /opt/airflow/dags/dbt_pipeline.py
[2026-10-01T08:14:17.572+0000] {logging_mixin.py:190} INFO - [2026-10-01T08:14:17.571+0000] {dag.py:3239} INFO - Sync 1 DAGs
[2026-10-01T08:14:17.610+0000] {logging_mixin.py:190} INFO - [2026-10-01T08:14:17.610+0000] {dag.py:4180} INFO - Setting next_dagrun for my_data_pipeline to 2026-09-30 10:00:00+00:00, run_after=2026-10-01 10:00:00+00:00
[2026-10-01T08:14:17.648+0000] {processor.py:208} INFO - Processing /opt/airflow/dags/dbt_pipeline.py took 0.340 seconds
[2026-10-01T08:14:47.992+0000] {processor.py:186} INFO - Started process (PID=1411) to work on /opt/airflow/dags/dbt_pipeline.py
[2026-10-01T08:14:47.997+0000] {processor.py:914} INFO - Processing file /opt/airflow/dags/dbt_pipeline.py for tasks to queue
[2026-10-01T08:14:48.008+0000] {logging_mixin.py:190} INFO - [2026-10-01T08:14:48.007+0000] {dagbag.py:588} INFO - Filling up the DagBag from /opt/airflow/dags/dbt_pipeline.py
[2026-10-01T08:14:48.128+0000] {processor.py:925} INFO - DAG(s) 'my_data_pipeline' retrieved from /opt/airflow/dags/dbt_pipeline.py
[2026-10-01T08:14:48.255+0000] {logging_mixin.py:190} INFO - [2026-10-01T08:14:48.255+0000] {dag.py:3239} INFO - Sync 1 DAGs
[2026-10-01T08:14:48.360+0000] {logging_mixin.py:190} INFO - [2026-10-01T08:14:48.360+0000] {dag.py:4180} INFO - Setting next_dagrun for my_data_pipeline to 2026-09-30 10:00:00+00:00, run_after=2026-10-01 10:00:00+00:00
[2026-10-01T08:14:48.443+0000] {processor.py:208} INFO - Processing /opt/airflow/dags/dbt_pipeline.py took 0.477 seconds
[2026-10-01T08:15:18.655+0000] {processor.py:186} INFO - Started process (PID=1416) to work on /opt/airflow/dags/dbt_pipeline.py
[2026-10-01T08:15:18.658+0000] {processor.py:914} INFO - Processing file /opt/airflow/dags/dbt_pipeline.py for tasks to queue
[2026-10-01T08:15:18.663+0000] {logging_mixin.py:190} INFO - [2026-10-01T08:15:18.662+0000] {dagbag.py:588} INFO - Filling up the DagBag from /opt/airflow/dags/dbt_pipeline.py
[2026-10-01T08:15:18.718+0000] {processor.py:925} INFO - DAG(s) 'my_data_pipeline' retrieved from /opt/airflow/dags/dbt_pipeline.py
[2026-10-01T08:15:18.780+0000] {logging_mixin.py:190} INFO - [2026-10-01T08:15:18.780+0000] {dag.py:3239} INFO - Sync 1 DAGs
[2026-10-01T08:15:18.830+0000] {logging_mixin.py:190} INFO - [2026-10-01T08:15:18.829+0000] {dag.py:4180} INFO - Setting next_dagrun for my_data_pipeline to 2026-09-30 10:00:00+00:00, run_after=2026-10-01 10:00:00+00:00
[2026-10-01T08:15:18.875+0000] {processor.py:208} INFO - Processing /opt/airflow/dags/dbt_pipeline.py took 0.232 seconds
[2026-10-01T08:15:49.133+0000] {processor.py:186} INFO - Started process (PID=1421) to work on /opt/airflow/dags/dbt_pipeline.py
[2026-10-01T08:15:49.139+0000] {processor.py:914} INFO - Processing file /opt/airflow/dags/dbt_pipeline.py for tasks to queue
[2026-10-01T08:15:49.149+0000] {logging_mixin.py:190} INFO - [2026-10-01T08:15:49.148+0000] {dagbag.py:588} INFO - Filling up the DagBag from /opt/airflow/dags/dbt_pipeline.py
[2026-10-01T08:15:49.257+0000] {processor.py:925} INFO - DAG(s) 'my_data_pipeline' retrieved from /opt/airflow/dags/dbt_pipeline.py
[2026-10-01T08:15:49.372+0000] {logging_mixin.py:190} INFO - [2026-10-01T08:15:49.371+0000] {dag.py:3239} INFO - Sync 1 DAGs
[2026-10-01T08:15:49.420+0000] {logging_mixin.py:190} INFO - [2026-10-01T08:15:49.420+0000] {dag.py:4180} INFO - Setting next_dagrun for my_data_pipeline to 2026-09-30 10:00:00+00:00, run_after=2026-10-01 10:00:00+00:00
[2026-10-01T08:15:49.453+0000] {processor.py:208} INFO - Processing /opt/airflow/dags/dbt_pipeline.py took 0.344 seconds
[2026-10-01T08:16:19.849+0000] {processor.py:186} INFO - Started process (PID=1426) to work on /opt/airflow/dags/dbt_pipeline.py
[2026-10-01T08:16:19.853+0000] {processor.py:914} INFO - Processing file /opt/airflow/dags/dbt_pipeline.py for tasks to queue
[2026-10-01T08:16:19.858+0000] {logging_mixin.py:190} INFO - [2026-10-01T08:16:19.858+0000] {dagbag.py:588} INFO - Filling up the DagBag from /opt/airflow/dags/dbt_pipeline.py
[2026-10-01T08:16:19.927+0000] {processor.py:925} INFO - DAG(s) 'my_data_pipeline' retrieved from /opt/airflow/dags/dbt_pipeline.py
[2026-10-01T08:16:19.994+0000] {logging_mixin.py:190} INFO - [2026-10-01T08:16:19.994+0000] {dag.py:3239} INFO - Sync 1 DAGs
[2026-10-01T08:16:20.041+0000] {logging_mixin.py:190} INFO - [2026-10-01T08:16:20.041+0000] {dag.py:4180} INFO - Setting next_dagrun for my_data_pipeline to 2026-09-30 10:00:00+00:00, run_after=2026-10-01 10:00:00+00:00
[2026-10-01T08:16:20.087+0000] {processor.py:208} INFO - Processing /opt/airflow/dags/dbt_pipeline.py took 0.266 seconds
[2026-10-01T08:16:50.462+0000] {processor.py:186} INFO - Started process (PID=1431) to work on /opt/airflow/dags/dbt_pipeline.py
[2026-10-01T08:16:50.471+0000] {processor.py:914} INFO - Processing file /opt/airflow/dags/dbt_pipeline.py for tasks to queue
[2026-10-01T08:16:50.487+0000] {logging_mixin.py:190} INFO - [2026-10-01T08:16:50.484+0000] {dagbag.py:588} INFO - Filling up the DagBag from /opt/airflow/dags/dbt_pipeline.py
[2026-10-01T08:16:50.593+0000] {processor.py:925} INFO - DAG(s) 'my_data_pipeline' retrieved from /opt/airflow/dags/dbt_pipeline.py
[2026-10-01T08:16:50.685+0000] {logging_mixin.py:190} INFO - [2026-10-01T08:16:50.684+0000] {dag.py:3239} INFO - Sync 1 DAGs
[2026-10-01T08:16:50.774+0000] {logging_mixin.py:190} INFO - [2026-10-01T08:16:50.774+0000] {dag.py:4180} INFO - Setting next_dagrun for my_data_pipeline to 2026-09-30 10:00:00+00:00, run_after=2026-10-01 10:00:00+00:00
[2026-10-01T08:16:50.854+0000] {processor.py:208} INFO - Processing /opt/airflow/dags/dbt_pipeline.py took 0.445 seconds
[2026-10-01T08:17:21.024+0000] {processor.py:186} INFO - Started process (PID=1436) to work on /opt/airflow/dags/dbt_pipeline.py
[2026-10-01T08:17:21.027+0000] {processor.py:914} INFO - Processing file /opt/airflow/dags/dbt_pipeline.py for tasks to queue
[2026-10-01T08:17:21.033+0000] {logging_mixin.py:190} INFO - [2026-10-01T08:17:21.032+0000] {dagbag.py:588} INFO - Filling up the DagBag from /opt/airflow/dags/dbt_pipeline.py
[2026-10-01T08:17:21.099+0000] {processor.py:925} INFO - DAG(s) 'my_data_pipeline' retrieved from /opt/airflow/dags/dbt_pipeline.py
[2026-10-01T08:17:21.161+0000] {logging_mixin.py:190} INFO - [2026-10-01T08:17:21.160+0000] {dag.py:3239} INFO - Sync 1 DAGs
[2026-10-01T08:17:21.211+0000] {logging_mixin.py:190} INFO - [2026-10-01T08:17:21.211+0000] {dag.py:4180} INFO - Setting next_dagrun for my_data_pipeline to 2026-09-30 10:00:00+00:00, run_after=2026-10-01 10:00:00+00:00
[2026-10-01T08:17:21.256+0000] {processor.py:208} INFO - Processing /opt/airflow/dags/dbt_pipeline.py took 0.245 seconds
[2026-10-01T08:17:51.521+0000] {processor.py:186} INFO - Started process (PID=1441) to work on /opt/airflow/dags/dbt_pipeline.py
[2026-10-01T08:17:51.525+0000] {processor.py:914} INFO - Processing file /opt/airflow/dags/dbt_pipeline.py for tasks to queue
[2026-10-01T08:17:51.533+0000] {logging_mixin.py:190} INFO - [2026-10-01T08:17:51.533+0000] {dagbag.py:588} INFO - Filling up the DagBag from /opt/airflow/dags/dbt_pipeline.py
[2026-10-01T08:17:51.591+0000] {processor.py:925} INFO - DAG(s) 'my_data_pipeline' retrieved from /opt/airflow/dags/dbt_pipeline.py
[2026-10-01T08:17:51.637+0000] {logging_mixin.py:190} INFO - [2026-10-01T08:17:51.637+0000] {dag.py:3239} INFO - Sync 1 DAGs
[2026-10-01T08:17:51.670+0000] {logging_mixin.py:190} INFO - [2026-10-01T08:17:51.669+0000] {dag.py:4180} INFO - Setting next_dagrun for my_data_pipeline to 2026-09-30 10:00:00+00:00, run_after=2026-10-01 10:00:00+00:00
[2026-10-01T08:17:51.720+0000] {processor.py:208} INFO - Processing /opt/airflow/dags/dbt_pipeline.py took 0.220 seconds
[2026-10-01T08:18:22.272+0000] {processor.py:186} INFO - Started process (PID=1446) to work on /opt/airflow/dags/dbt_pipeline.py
[2026-10-01T08:18:22.275+0000] {processor.py:914} INFO - Processing file /opt/airflow/dags/dbt_pipeline.py for tasks to queue
[2026-10-01T08:18:22.281+0000] {logging_mixin.py:190} INFO - [2026-10-01T08:18:22.281+0000] {dagbag.py:588} INFO - Filling up the DagBag from /opt/airflow/dags/dbt_pipeline.py
[2026-10-01T08:18:22.342+0000] {processor.py:925} INFO - DAG(s) 'my_data_pipeline' retrieved from /opt/airflow/dags/dbt_pipeline.py
[2026-10-01T08:18:22.437+0000] {logging_mixin.py:190} INFO - [2026-10-01T08:18:22.437+0000] {dag.py:3239} INFO - Sync 1 DAGs
[2026-10-01T08:18:22.533+0000] {logging_mixin.py:190} INFO - [2026-10-01T08:18:22.532+0000] {dag.py:4180} INFO - Setting next_dagrun for my_data_pipeline to 2026-09-30 10:00:00+00:00, run_after=2026-10-01 10:00:00+00:00
[2026-10-01T08:18:22.593+0000] {processor.py:208} INFO - Processing /opt/airflow/dags/dbt_pipeline.py took 0.332 seconds
[2026-10-01T08:18:52.783+0000] {processor.py:186} INFO - Started process (PID=1451) to work on /opt/airflow/dags/dbt_pipeline.py
[2026-10-01T08:18:52.786+0000] {processor.py:914} INFO - Processing file /opt/airflow/dags/dbt_pipeline.py for tasks to queue
[2026-10-01T08:18:52.794+0000] {logging_mixin.py:190} INFO - [2026-10-01T08:18:52.793+0000] {dagbag.py:588} INFO - Filling up the DagBag from /opt/airflow/dags/dbt_pipeline.py
[2026-10-01T08:18:52.843+0000] {processor.py:925} INFO - DAG(s) 'my_data_pipeline' retrieved from /opt/airflow/dags/dbt_pipeline.py
[2026-10-01T08:18:52.912+0000] {logging_mixin.py:190} INFO - [2026-10-01T08:18:52.912+0000] {dag.py:3239} INFO - Sync 1 DAGs
[2026-10-01T08:18:52.969+0000] {logging_mixin.py:190} INFO - [2026-10-01T08:18:52.969+0000] {dag.py:4180} INFO - Setting next_dagrun for my_data_pipeline to 2026-09-30 10:00:00+00:00, run_after=2026-10-01 10:00:00+00:00
[2026-10-01T08:18:53.031+0000] {processor.py:208} INFO - Processing /opt/airflow/dags/dbt_pipeline.py took 0.260 seconds
[2026-10-01T08:19:23.371+0000] {processor.py:186} INFO - Started process (PID=1456) to work on /opt/airflow/dags/dbt_pipeline.py
[2026-10-01T08:19:23.378+0000] {processor.py:914} INFO - Processing file /opt/airflow/dags/dbt_pipeline.py for tasks to queue
[2026-10-01T08:19:23.390+0000] {logging_mixin.py:190} INFO - [2026-10-01T08:19:23.389+0000] {dagbag.py:588} INFO - Filling up the DagBag from /opt/airflow/dags/dbt_pipeline.py
[2026-10-01T08:19:23.511+0000] {processor.py:925} INFO - DAG(s) 'my_data_pipeline' retrieved from /opt/airflow/dags/dbt_pipeline.py
[2026-10-01T08:19:23.582+0000] {logging_mixin.py:190} INFO - [2026-10-01T08:19:23.582+0000] {dag.py:3239} INFO - Sync 1 DAGs
[2026-10-01T08:19:23.657+0000] {logging_mixin.py:190} INFO - [2026-10-01T08:19:23.656+0000] {dag.py:4180} INFO - Setting next_dagrun for my_data_pipeline to 2026-09-30 10:00:00+00:00, run_after=2026-10-01 10:00:00+00:00
[2026-10-01T08:19:23.717+0000] {processor.py:208} INFO - Processing /opt/airflow/dags/dbt_pipeline.py took 0.377 seconds
[2026-10-01T08:19:54.163+0000] {processor.py:186} INFO - Started process (PID=1461) to work on /opt/airflow/dags/dbt_pipeline.py
[2026-10-01T08:19:54.169+0000] {processor.py:914} INFO - Processing file /opt/airflow/dags/dbt_pipeline.py for tasks to queue
[2026-10-01T08:19:54.179+0000] {logging_mixin.py:190} INFO - [2026-10-01T08:19:54.178+0000] {dagbag.py:588} INFO - Filling up the DagBag from /opt/airflow/dags/dbt_pipeline.py
[2026-10-01T08:19:54.292+0000] {processor.py:925} INFO - DAG(s) 'my_data_pipeline' retrieved from /opt/airflow/dags/dbt_pipeline.py
[2026-10-01T08:19:54.426+0000] {logging_mixin.py:190} INFO - [2026-10-01T08:19:54.426+0000] {dag.py:3239} INFO - Sync 1 DAGs
[2026-10-01T08:19:54.541+0000] {logging_mixin.py:190} INFO - [2026-10-01T08:19:54.540+0000] {dag.py:4180} INFO - Setting next_dagrun for my_data_pipeline to 2026-09-30 10:00:00+00:00, run_after=2026-10-01 10:00:00+00:00
[2026-10-01T08:19:54.594+0000] {processor.py:208} INFO - Processing /opt/airflow/dags/dbt_pipeline.py took 0.456 seconds
[2026-10-01T08:20:24.828+0000] {processor.py:186} INFO - Started process (PID=1466) to work on /opt/airflow/dags/dbt_pipeline.py
[2026-10-01T08:20:24.832+0000] {processor.py:914} INFO - Processing file /opt/airflow/dags/dbt_pipeline.py for tasks to queue
[2026-10-01T08:20:24.841+0000] {logging_mixin.py:190} INFO - [2026-10-01T08:20:24.840+0000] {dagbag.py:588} INFO - Filling up the DagBag from /opt/airflow/dags/dbt_pipeline.py
[2026-10-01T08:20:24.911+0000] {processor.py:925} INFO - DAG(s) 'my_data_pipeline' retrieved from /opt/airflow/dags/dbt_pipeline.py
[2026-10-01T08:20:25.019+0000] {logging_mixin.py:190} INFO - [2026-10-01T08:20:25.019+0000] {dag.py:3239} INFO - Sync 1 DAGs
[2026-10-01T08:20:25.128+0000] {logging_mixin.py:190} INFO - [2026-10-01T08:20:25.128+0000] {dag.py:4180} INFO - Setting next_dagrun for my_data_pipeline to 2026-09-30 10:00:00+00:00, run_after=2026-10-01 10:00:00+00:00
[2026-10-01T08:20:25.175+0000] {processor.py:208} INFO - Processing /opt/airflow/dags/dbt_pipeline.py took 0.362 seconds
[2026-10-01T08:20:55.329+0000] {processor.py:186} INFO - Started process (PID=1471) to work on /opt/airflow/dags/dbt_pipeline.py
[2026-10-01T08:20:55.334+0000] {processor.py:914} INFO - Processing file /opt/airflow/dags/dbt_pipeline.py for tasks to queue
[2026-10-01T08:20:55.344+0000] {logging_mixin.py:190} INFO - [2026-10-01T08:20:55.343+0000] {dagbag.py:588} INFO - Filling up the DagBag from /opt/airflow/dags/dbt_pipeline.py
[2026-10-01T08:20:55.437+0000] {processor.py:925} INFO - DAG(s) 'my_data_pipeline' retrieved from /opt/airflow/dags/dbt_pipeline.py
[2026-10-01T08:20:55.557+0000] {logging_mixin.py:190} INFO - [2026-10-01T08:20:55.557+0000] {dag.py:3239} INFO - Sync 1 DAGs
[2026-10-01T08:20:55.612+0000] {logging_mixin.py:190} INFO - [2026-10-01T08:20:55.611+0000] {dag.py:4180} INFO - Setting next_dagrun for my_data_pipeline to 2026-09-30 10:00:00+00:00, run_after=2026-10-01 10:00:00+00:00
[2026-10-01T08:20:55.657+0000] {processor.py:208} INFO - Processing /opt/airflow/dags/dbt_pipeline.py took 0.348 seconds
[2026-10-01T08:21:26.146+0000] {processor.py:186} INFO - Started process (PID=1476) to work on /opt/airflow/dags/dbt_pipeline.py
[2026-10-01T08:21:26.151+0000] {processor.py:914} INFO - Processing file /opt/airflow/dags/dbt_pipeline.py for tasks to queue
[2026-10-01T08:21:26.160+0000] {logging_mixin.py:190} INFO - [2026-10-01T08:21:26.159+0000] {dagbag.py:588} INFO - Filling up the DagBag from /opt/airflow/dags/dbt_pipeline.py
[2026-10-01T08:21:26.248+0000] {processor.py:925} INFO - DAG(s) 'my_data_pipeline' retrieved from /opt/airflow/dags/dbt_pipeline.py
[2026-10-01T08:21:26.306+0000] {logging_mixin.py:190} INFO - [2026-10-01T08:21:26.306+0000] {dag.py:3239} INFO - Sync 1 DAGs
[2026-10-01T08:21:26.349+0000] {logging_mixin.py:190} INFO - [2026-10-01T08:21:26.349+0000] {dag.py:4180} INFO - Setting next_dagrun for my_data_pipeline to 2026-09-30 10:00:00+00:00, run_after=2026-10-01 10:00:00+00:00
[2026-10-01T08:21:26.387+0000] {processor.py:208} INFO - Processing /opt/airflow/dags/dbt_pipeline.py took 0.270 seconds
[2026-10-01T08:21:56.560+0000] {processor.py:186} INFO - Started process (PID=1481) to work on /opt/airflow/dags/dbt_pipeline.py
[2026-10-01T08:21:56.566+0000] {processor.py:914} INFO - Processing file /opt/airflow/dags/dbt_pipeline.py for tasks to queue
[2026-10-01T08:21:56.576+0000] {logging_mixin.py:190} INFO - [2026-10-01T08:21:56.575+0000] {dagbag.py:588} INFO - Filling up the DagBag from /opt/airflow/dags/dbt_pipeline.py
[2026-10-01T08:21:56.678+0000] {processor.py:925} INFO - DAG(s) 'my_data_pipeline' retrieved from /opt/airflow/dags/dbt_pipeline.py
[2026-10-01T08:21:56.786+0000] {logging_mixin.py:190} INFO - [2026-10-01T08:21:56.785+0000] {dag.py:3239} INFO - Sync 1 DAGs
[2026-10-01T08:21:56.834+0000] {logging_mixin.py:190} INFO - [2026-10-01T08:21:56.833+0000] {dag.py:4180} INFO - Setting next_dagrun for my_data_pipeline to 2026-09-30 10:00:00+00:00, run_after=2026-10-01 10:00:00+00:00
[2026-10-01T08:21:56.873+0000] {processor.py:208} INFO - Processing /opt/airflow/dags/dbt_pipeline.py took 0.339 seconds
[2026-10-01T08:22:27.363+0000] {processor.py:186} INFO - Started process (PID=1486) to work on /opt/airflow/dags/dbt_pipeline.py
[2026-10-01T08:22:27.368+0000] {processor.py:914} INFO - Processing file /opt/airflow/dags/dbt_pipeline.py for tasks to queue
[2026-10-01T08:22:27.376+0000] {logging_mixin.py:190} INFO - [2026-10-01T08:22:27.375+0000] {dagbag.py:588} INFO - Filling up the DagBag from /opt/airflow/dags/dbt_pipeline.py
[2026-10-01T08:22:27.475+0000] {processor.py:925} INFO - DAG(s) 'my_data_pipeline' retrieved from /opt/airflow/dags/dbt_pipeline.py
[2026-10-01T08:22:27.579+0000] {logging_mixin.py:190} INFO - [2026-10-01T08:22:27.579+0000] {dag.py:3239} INFO - Sync 1 DAGs
[2026-10-01T08:22:27.656+0000] {logging_mixin.py:190} INFO - [2026-10-01T08:22:27.656+0000] {dag.py:4180} INFO - Setting next_dagrun for my_data_pipeline to 2026-09-30 10:00:00+00:00, run_after=2026-10-01 10:00:00+00:00
[2026-10-01T08:22:27.719+0000] {processor.py:208} INFO - Processing /opt/airflow/dags/dbt_pipeline.py took 0.375 seconds
[2026-10-01T08:22:57.905+0000] {processor.py:186} INFO - Started process (PID=1491) to work on /opt/airflow/dags/dbt_pipeline.py
[2026-10-01T08:22:57.909+0000] {processor.py:914} INFO - Processing file /opt/airflow/dags/dbt_pipeline.py for tasks to queue
[2026-10-01T08:22:57.918+0000] {logging_mixin.py:190} INFO - [2026-10-01T08:22:57.917+0000] {dagbag.py:588} INFO - Filling up the DagBag from /opt/airflow/dags/dbt_pipeline.py
[2026-10-01T08:22:58.011+0000] {processor.py:925} INFO - DAG(s) 'my_data_pipeline' retrieved from /opt/airflow/dags/dbt_pipeline.py
[2026-10-01T08:22:58.113+0000] {logging_mixin.py:190} INFO - [2026-10-01T08:22:58.112+0000] {dag.py:3239} INFO - Sync 1 DAGs
[2026-10-01T08:22:58.191+0000] {logging_mixin.py:190} INFO - [2026-10-01T08:22:58.190+0000] {dag.py:4180} INFO - Setting next_dagrun for my_data_pipeline to 2026-09-30 10:00:00+00:00, run_after=2026-10-01 10:00:00+00:00
[2026-10-01T08:22:58.260+0000] {processor.py:208} INFO - Processing /opt/airflow/dags/dbt_pipeline.py took 0.376 seconds
[2026-10-01T08:23:28.755+0000] {processor.py:186} INFO - Started process (PID=1496) to work on /opt/airflow/dags/dbt_pipeline.py
[2026-10-01T08:23:28.759+0000] {processor.py:914} INFO - Processing file /opt/airflow/dags/dbt_pipeline.py for tasks to queue
[2026-10-01T08:23:28.765+0000] {logging_mixin.py:190} INFO - [2026-10-01T08:23:28.765+0000] {dagbag.py:588} INFO - Filling up the DagBag from /opt/airflow/dags/dbt_pipeline.py
[2026-10-01T08:23:28.836+0000] {processor.py:925} INFO - DAG(s) 'my_data_pipeline' retrieved from /opt/airflow/dags/dbt_pipeline.py
[2026-10-01T08:23:28.924+0000] {logging_mixin.py:190} INFO - [2026-10-01T08:23:28.924+0000] {dag.py:3239} INFO - Sync 1 DAGs
[2026-10-01T08:23:28.967+0000] {logging_mixin.py:190} INFO - [2026-10-01T08:23:28.967+0000] {dag.py:4180} INFO - Setting next_dagrun for my_data_pipeline to 2026-09-30 10:00:00+00:00, run_after=2026-10-01 10:00:00+00:00
[2026-10-01T08:23:28.999+0000] {processor.py:208} INFO - Processing /opt/airflow/dags/dbt_pipeline.py took 0.259 seconds
[2026-10-01T08:23:59.280+0000] {processor.py:186} INFO - Started process (PID=1501) to work on /opt/airflow/dags/dbt_pipeline.py
[2026-10-01T08:23:59.285+0000] {processor.py:914} INFO - Processing file /opt/airflow/dags/dbt_pipeline.py for tasks to queue
[2026-10-01T08:23:59.295+0000] {logging_mixin.py:190} INFO - [2026-10-01T08:23:59.294+0000] {dagbag.py:588} INFO - Filling up the DagBag from /opt/airflow/dags/dbt_pipeline.py
[2026-10-01T08:23:59.391+0000] {processor.py:925} INFO - DAG(s) 'my_data_pipeline' retrieved from /opt/airflow/dags/dbt_pipeline.py
[2026-10-01T08:23:59.504+0000] {logging_mixin.py:190} INFO - [2026-10-01T08:23:59.503+0000] {dag.py:3239} INFO - Sync 1 DAGs
[2026-10-01T08:23:59.558+0000] {logging_mixin.py:190} INFO - [2026-10-01T08:23:59.557+0000] {dag.py:4180} INFO - Setting next_dagrun for my_data_pipeline to 2026-09-30 10:00:00+00:00, run_after=2026-10-01 10:00:00+00:00
[2026-10-01T08:23:59.594+0000] {processor.py:208} INFO - Processing /opt/airflow/dags/dbt_pipeline.py took 0.336 seconds
[2026-10-01T08:24:30.015+0000] {processor.py:186} INFO - Started process (PID=1506) to work on /opt/airflow/dags/dbt_pipeline.py
[2026-10-01T08:24:30.020+0000] {processor.py:914} INFO - Processing file /opt/airflow/dags/dbt_pipeline.py for tasks to queue
[2026-10-01T08:24:30.031+0000] {logging_mixin.py:190} INFO - [2026-10-01T08:24:30.030+0000] {dagbag.py:588} INFO - Filling up the DagBag from /opt/airflow/dags/dbt_pipeline.py
[2026-10-01T08:24:30.130+0000] {processor.py:925} INFO - DAG(s) 'my_data_pipeline' retrieved from /opt/airflow/dags/dbt_pipeline.py
[2026-10-01T08:24:30.227+0000] {logging_mixin.py:190} INFO - [2026-10-01T08:24:30.227+0000] {dag.py:3239} INFO - Sync 1 DAGs
[2026-10-01T08:24:30.265+0000] {logging_mixin.py:190} INFO - [2026-10-01T08:24:30.265+0000] {dag.py:4180} INFO - Setting next_dagrun for my_data_pipeline to 2026-09-30 10:00:00+00:00, run_after=2026-10-01 10:00:00+00:00
[2026-10-01T08:24:30.310+0000] {processor.py:208} INFO - Processing /opt/airflow/dags/dbt_pipeline.py took 0.324 seconds
[2026-10-01T08:25:00.552+0000] {processor.py:186} INFO - Started process (PID=1511) to work on /opt/airflow/dags/dbt_pipeline.py
[2026-10-01T08:25:00.556+0000] {processor.py:914} INFO - Processing file /opt/airflow/dags/dbt_pipeline.py for tasks to queue
[2026-10-01T08:25:00.565+0000] {logging_mixin.py:190} INFO - [2026-10-01T08:25:00.564+0000] {dagbag.py:588} INFO - Filling up the DagBag from /opt/airflow/dags/dbt_pipeline.py
[2026-10-01T08:25:00.659+0000] {processor.py:925} INFO - DAG(s) 'my_data_pipeline' retrieved from /opt/airflow/dags/dbt_pipeline.py
[2026-10-01T08:25:00.777+0000] {logging_mixin.py:190} INFO - [2026-10-01T08:25:00.777+0000] {dag.py:3239} INFO - Sync 1 DAGs
[2026-10-01T08:25:00.863+0000] {logging_mixin.py:190} INFO - [2026-10-01T08:25:00.863+0000] {dag.py:4180} INFO - Setting next_dagrun for my_data_pipeline to 2026-09-30 10:00:00+00:00, run_after=2026-10-01 10:00:00+00:00
[2026-10-01T08:25:00.927+0000] {processor.py:208} INFO - Processing /opt/airflow/dags/dbt_pipeline.py took 0.397 seconds
[2026-10-01T08:25:31.242+0000] {processor.py:186} INFO - Started process (PID=1516) to work on /opt/airflow/dags/dbt_pipeline.py
[2026-10-01T08:25:31.245+0000] {processor.py:914} INFO - Processing file /opt/airflow/dags/dbt_pipeline.py for tasks to queue
[2026-10-01T08:25:31.252+0000] {logging_mixin.py:190} INFO - [2026-10-01T08:25:31.251+0000] {dagbag.py:588} INFO - Filling up the DagBag from /opt/airflow/dags/dbt_pipeline.py
[2026-10-01T08:25:31.321+0000] {processor.py:925} INFO - DAG(s) 'my_data_pipeline' retrieved from /opt/airflow/dags/dbt_pipeline.py
[2026-10-01T08:25:31.403+0000] {logging_mixin.py:190} INFO - [2026-10-01T08:25:31.403+0000] {dag.py:3239} INFO - Sync 1 DAGs
[2026-10-01T08:25:31.445+0000] {logging_mixin.py:190} INFO - [2026-10-01T08:25:31.445+0000] {dag.py:4180} INFO - Setting next_dagrun for my_data_pipeline to 2026-09-30 10:00:00+00:00, run_after=2026-10-01 10:00:00+00:00
[2026-10-01T08:25:31.491+0000] {processor.py:208} INFO - Processing /opt/airflow/dags/dbt_pipeline.py took 0.262 seconds
[2026-10-01T08:26:02.052+0000] {processor.py:186} INFO - Started process (PID=1521) to work on /opt/airflow/dags/dbt_pipeline.py
[2026-10-01T08:26:02.056+0000] {processor.py:914} INFO - Processing file /opt/airflow/dags/dbt_pipeline.py for tasks to queue
[2026-10-01T08:26:02.063+0000] {logging_mixin.py:190} INFO - [2026-10-01T08:26:02.062+0000] {dagbag.py:588} INFO - Filling up the DagBag from /opt/airflow/dags/dbt_pipeline.py
[2026-10-01T08:26:02.143+0000] {processor.py:925} INFO - DAG(s) 'my_data_pipeline' retrieved from /opt/airflow/dags/dbt_pipeline.py
[2026-10-01T08:26:02.228+0000] {logging_mixin.py:190} INFO - [2026-10-01T08:26:02.227+0000] {dag.py:3239} INFO - Sync 1 DAGs
[2026-10-01T08:26:02.279+0000] {logging_mixin.py:190} INFO - [2026-10-01T08:26:02.279+0000] {dag.py:4180} INFO - Setting next_dagrun for my_data_pipeline to 2026-09-30 10:00:00+00:00, run_after=2026-10-01 10:00:00+00:00
[2026-10-01T08:26:02.322+0000] {processor.py:208} INFO - Processing /opt/airflow/dags/dbt_pipeline.py took 0.287 seconds
[2026-10-01T08:26:32.584+0000] {processor.py:186} INFO - Started process (PID=1526) to work on /opt/airflow/dags/dbt_pipeline.py
[2026-10-01T08:26:32.590+0000] {processor.py:914} INFO - Processing file /opt/airflow/dags/dbt_pipeline.py for tasks to queue
[2026-10-01T08:26:32.599+0000] {logging_mixin.py:190} INFO - [2026-10-01T08:26:32.598+0000] {dagbag.py:588} INFO - Filling up the DagBag from /opt/airflow/dags/dbt_pipeline.py
[2026-10-01T08:26:32.690+0000] {processor.py:925} INFO - DAG(s) 'my_data_pipeline' retrieved from /opt/airflow/dags/dbt_pipeline.py
[2026-10-01T08:26:32.787+0000] {logging_mixin.py:190} INFO - [2026-10-01T08:26:32.787+0000] {dag.py:3239} INFO - Sync 1 DAGs
[2026-10-01T08:26:32.826+0000] {logging_mixin.py:190} INFO - [2026-10-01T08:26:32.826+0000] {dag.py:4180} INFO - Setting next_dagrun for my_data_pipeline to 2026-09-30 10:00:00+00:00, run_after=2026-10-01 10:00:00+00:00
[2026-10-01T08:26:32.874+0000] {processor.py:208} INFO - Processing /opt/airflow/dags/dbt_pipeline.py took 0.312 seconds
[2026-10-01T08:27:03.363+0000] {processor.py:186} INFO - Started process (PID=1531) to work on /opt/airflow/dags/dbt_pipeline.py
[2026-10-01T08:27:03.369+0000] {processor.py:914} INFO - Processing file /opt/airflow/dags/dbt_pipeline.py for tasks to queue
[2026-10-01T08:27:03.379+0000] {logging_mixin.py:190} INFO - [2026-10-01T08:27:03.378+0000] {dagbag.py:588} INFO - Filling up the DagBag from /opt/airflow/dags/dbt_pipeline.py
[2026-10-01T08:27:03.478+0000] {processor.py:925} INFO - DAG(s) 'my_data_pipeline' retrieved from /opt/airflow/dags/dbt_pipeline.py
[2026-10-01T08:27:03.577+0000] {logging_mixin.py:190} INFO - [2026-10-01T08:27:03.576+0000] {dag.py:3239} INFO - Sync 1 DAGs
[2026-10-01T08:27:03.614+0000] {logging_mixin.py:190} INFO - [2026-10-01T08:27:03.614+0000] {dag.py:4180} INFO - Setting next_dagrun for my_data_pipeline to 2026-09-30 10:00:00+00:00, run_after=2026-10-01 10:00:00+00:00
[2026-10-01T08:27:03.651+0000] {processor.py:208} INFO - Processing /opt/airflow/dags/dbt_pipeline.py took 0.318 seconds
[2026-10-01T08:27:34.024+0000] {processor.py:186} INFO - Started process (PID=1536) to work on /opt/airflow/dags/dbt_pipeline.py
[2026-10-01T08:27:34.031+0000] {processor.py:914} INFO - Processing file /opt/airflow/dags/dbt_pipeline.py for tasks to queue
[2026-10-01T08:27:34.043+0000] {logging_mixin.py:190} INFO - [2026-10-01T08:27:34.041+0000] {dagbag.py:588} INFO - Filling up the DagBag from /opt/airflow/dags/dbt_pipeline.py
[2026-10-01T08:27:34.168+0000] {processor.py:925} INFO - DAG(s) 'my_data_pipeline' retrieved from /opt/airflow/dags/dbt_pipeline.py
[2026-10-01T08:27:34.320+0000] {logging_mixin.py:190} INFO - [2026-10-01T08:27:34.319+0000] {dag.py:3239} INFO - Sync 1 DAGs
[2026-10-01T08:27:34.428+0000] {logging_mixin.py:190} INFO - [2026-10-01T08:27:34.428+0000] {dag.py:4180} INFO - Setting next_dagrun for my_data_pipeline to 2026-09-30 10:00:00+00:00, run_after=2026-10-01 10:00:00+00:00
[2026-10-01T08:27:34.483+0000] {processor.py:208} INFO - Processing /opt/airflow/dags/dbt_pipeline.py took 0.498 seconds
[2026-10-01T08:28:04.772+0000] {processor.py:186} INFO - Started process (PID=1541) to work on /opt/airflow/dags/dbt_pipeline.py
[2026-10-01T08:28:04.776+0000] {processor.py:914} INFO - Processing file /opt/airflow/dags/dbt_pipeline.py for tasks to queue
[2026-10-01T08:28:04.784+0000] {logging_mixin.py:190} INFO - [2026-10-01T08:28:04.783+0000] {dagbag.py:588} INFO - Filling up the DagBag from /opt/airflow/dags/dbt_pipeline.py
[2026-10-01T08:28:04.880+0000] {processor.py:925} INFO - DAG(s) 'my_data_pipeline' retrieved from /opt/airflow/dags/dbt_pipeline.py
[2026-10-01T08:28:04.993+0000] {logging_mixin.py:190} INFO - [2026-10-01T08:28:04.993+0000] {dag.py:3239} INFO - Sync 1 DAGs
[2026-10-01T08:28:05.081+0000] {logging_mixin.py:190} INFO - [2026-10-01T08:28:05.080+0000] {dag.py:4180} INFO - Setting next_dagrun for my_data_pipeline to 2026-09-30 10:00:00+00:00, run_after=2026-10-01 10:00:00+00:00
[2026-10-01T08:28:05.154+0000] {processor.py:208} INFO - Processing /opt/airflow/dags/dbt_pipeline.py took 0.408 seconds
[2026-10-01T08:28:35.609+0000] {processor.py:186} INFO - Started process (PID=1546) to work on /opt/airflow/dags/dbt_pipeline.py
[2026-10-01T08:28:35.616+0000] {processor.py:914} INFO - Processing file /opt/airflow/dags/dbt_pipeline.py for tasks to queue
[2026-10-01T08:28:35.628+0000] {logging_mixin.py:190} INFO - [2026-10-01T08:28:35.627+0000] {dagbag.py:588} INFO - Filling up the DagBag from /opt/airflow/dags/dbt_pipeline.py
[2026-10-01T08:28:35.766+0000] {processor.py:925} INFO - DAG(s) 'my_data_pipeline' retrieved from /opt/airflow/dags/dbt_pipeline.py
[2026-10-01T08:28:35.914+0000] {logging_mixin.py:190} INFO - [2026-10-01T08:28:35.913+0000] {dag.py:3239} INFO - Sync 1 DAGs
[2026-10-01T08:28:35.984+0000] {logging_mixin.py:190} INFO - [2026-10-01T08:28:35.984+0000] {dag.py:4180} INFO - Setting next_dagrun for my_data_pipeline to 2026-09-30 10:00:00+00:00, run_after=2026-10-01 10:00:00+00:00
[2026-10-01T08:28:36.031+0000] {processor.py:208} INFO - Processing /opt/airflow/dags/dbt_pipeline.py took 0.453 seconds
[2026-10-01T08:29:06.240+0000] {processor.py:186} INFO - Started process (PID=1551) to work on /opt/airflow/dags/dbt_pipeline.py
[2026-10-01T08:29:06.245+0000] {processor.py:914} INFO - Processing file /opt/airflow/dags/dbt_pipeline.py for tasks to queue
[2026-10-01T08:29:06.253+0000] {logging_mixin.py:190} INFO - [2026-10-01T08:29:06.252+0000] {dagbag.py:588} INFO - Filling up the DagBag from /opt/airflow/dags/dbt_pipeline.py
[2026-10-01T08:29:06.347+0000] {processor.py:925} INFO - DAG(s) 'my_data_pipeline' retrieved from /opt/airflow/dags/dbt_pipeline.py
[2026-10-01T08:29:06.473+0000] {logging_mixin.py:190} INFO - [2026-10-01T08:29:06.473+0000] {dag.py:3239} INFO - Sync 1 DAGs
[2026-10-01T08:29:06.566+0000] {logging_mixin.py:190} INFO - [2026-10-01T08:29:06.566+0000] {dag.py:4180} INFO - Setting next_dagrun for my_data_pipeline to 2026-09-30 10:00:00+00:00, run_after=2026-10-01 10:00:00+00:00
[2026-10-01T08:29:06.636+0000] {processor.py:208} INFO - Processing /opt/airflow/dags/dbt_pipeline.py took 0.418 seconds
[2026-10-01T08:29:37.056+0000] {processor.py:186} INFO - Started process (PID=1556) to work on /opt/airflow/dags/dbt_pipeline.py
[2026-10-01T08:29:37.062+0000] {processor.py:914} INFO - Processing file /opt/airflow/dags/dbt_pipeline.py for tasks to queue
[2026-10-01T08:29:37.073+0000] {logging_mixin.py:190} INFO - [2026-10-01T08:29:37.072+0000] {dagbag.py:588} INFO - Filling up the DagBag from /opt/airflow/dags/dbt_pipeline.py
[2026-10-01T08:29:37.169+0000] {processor.py:925} INFO - DAG(s) 'my_data_pipeline' retrieved from /opt/airflow/dags/dbt_pipeline.py
[2026-10-01T08:29:37.239+0000] {logging_mixin.py:190} INFO - [2026-10-01T08:29:37.239+0000] {dag.py:3239} INFO - Sync 1 DAGs
[2026-10-01T08:29:37.296+0000] {logging_mixin.py:190} INFO - [2026-10-01T08:29:37.295+0000] {dag.py:4180} INFO - Setting next_dagrun for my_data_pipeline to 2026-09-30 10:00:00+00:00, run_after=2026-10-01 10:00:00+00:00
[2026-10-01T08:29:37.354+0000] {processor.py:208} INFO - Processing /opt/airflow/dags/dbt_pipeline.py took 0.321 seconds
[2026-10-01T08:30:07.656+0000] {processor.py:186} INFO - Started process (PID=1561) to work on /opt/airflow/dags/dbt_pipeline.py
[2026-10-01T08:30:07.658+0000] {processor.py:914} INFO - Processing file /opt/airflow/dags/dbt_pipeline.py for tasks to queue
[2026-10-01T08:30:07.663+0000] {logging_mixin.py:190} INFO - [2026-10-01T08:30:07.663+0000] {dagbag.py:588} INFO - Filling up the DagBag from /opt/airflow/dags/dbt_pipeline.py
[2026-10-01T08:30:07.715+0000] {processor.py:925} INFO - DAG(s) 'my_data_pipeline' retrieved from /opt/airflow/dags/dbt_pipeline.py
[2026-10-01T08:30:07.768+0000] {logging_mixin.py:190} INFO - [2026-10-01T08:30:07.768+0000] {dag.py:3239} INFO - Sync 1 DAGs
[2026-10-01T08:30:07.805+0000] {logging_mixin.py:190} INFO - [2026-10-01T08:30:07.805+0000] {dag.py:4180} INFO - Setting next_dagrun for my_data_pipeline to 2026-09-30 10:00:00+00:00, run_after=2026-10-01 10:00:00+00:00
[2026-10-01T08:30:07.848+0000] {processor.py:208} INFO - Processing /opt/airflow/dags/dbt_pipeline.py took 0.205 seconds
[2026-10-01T08:30:38.549+0000] {processor.py:186} INFO - Started process (PID=1566) to work on /opt/airflow/dags/dbt_pipeline.py
[2026-10-01T08:30:38.551+0000] {processor.py:914} INFO - Processing file /opt/airflow/dags/dbt_pipeline.py for tasks to queue
[2026-10-01T08:30:38.555+0000] {logging_mixin.py:190} INFO - [2026-10-01T08:30:38.555+0000] {dagbag.py:588} INFO - Filling up the DagBag from /opt/airflow/dags/dbt_pipeline.py
[2026-10-01T08:30:38.609+0000] {processor.py:925} INFO - DAG(s) 'my_data_pipeline' retrieved from /opt/airflow/dags/dbt_pipeline.py
[2026-10-01T08:30:38.668+0000] {logging_mixin.py:190} INFO - [2026-10-01T08:30:38.668+0000] {dag.py:3239} INFO - Sync 1 DAGs
[2026-10-01T08:30:38.718+0000] {logging_mixin.py:190} INFO - [2026-10-01T08:30:38.718+0000] {dag.py:4180} INFO - Setting next_dagrun for my_data_pipeline to 2026-09-30 10:00:00+00:00, run_after=2026-10-01 10:00:00+00:00
[2026-10-01T08:30:38.759+0000] {processor.py:208} INFO - Processing /opt/airflow/dags/dbt_pipeline.py took 0.221 seconds
[2026-10-01T08:31:09.091+0000] {processor.py:186} INFO - Started process (PID=1571) to work on /opt/airflow/dags/dbt_pipeline.py
[2026-10-01T08:31:09.096+0000] {processor.py:914} INFO - Processing file /opt/airflow/dags/dbt_pipeline.py for tasks to queue
[2026-10-01T08:31:09.106+0000] {logging_mixin.py:190} INFO - [2026-10-01T08:31:09.105+0000] {dagbag.py:588} INFO - Filling up the DagBag from /opt/airflow/dags/dbt_pipeline.py
[2026-10-01T08:31:09.208+0000] {processor.py:925} INFO - DAG(s) 'my_data_pipeline' retrieved from /opt/airflow/dags/dbt_pipeline.py
[2026-10-01T08:31:09.315+0000] {logging_mixin.py:190} INFO - [2026-10-01T08:31:09.314+0000] {dag.py:3239} INFO - Sync 1 DAGs
[2026-10-01T08:31:09.382+0000] {logging_mixin.py:190} INFO - [2026-10-01T08:31:09.381+0000] {dag.py:4180} INFO - Setting next_dagrun for my_data_pipeline to 2026-09-30 10:00:00+00:00, run_after=2026-10-01 10:00:00+00:00
[2026-10-01T08:31:09.430+0000] {processor.py:208} INFO - Processing /opt/airflow/dags/dbt_pipeline.py took 0.362 seconds
[2026-10-01T08:31:39.880+0000] {processor.py:186} INFO - Started process (PID=1576) to work on /opt/airflow/dags/dbt_pipeline.py
[2026-10-01T08:31:39.886+0000] {processor.py:914} INFO - Processing file /opt/airflow/dags/dbt_pipeline.py for tasks to queue
[2026-10-01T08:31:39.896+0000] {logging_mixin.py:190} INFO - [2026-10-01T08:31:39.895+0000] {dagbag.py:588} INFO - Filling up the DagBag from /opt/airflow/dags/dbt_pipeline.py
[2026-10-01T08:31:40.004+0000] {processor.py:925} INFO - DAG(s) 'my_data_pipeline' retrieved from /opt/airflow/dags/dbt_pipeline.py
[2026-10-01T08:31:40.111+0000] {logging_mixin.py:190} INFO - [2026-10-01T08:31:40.111+0000] {dag.py:3239} INFO - Sync 1 DAGs
[2026-10-01T08:31:40.201+0000] {logging_mixin.py:190} INFO - [2026-10-01T08:31:40.201+0000] {dag.py:4180} INFO - Setting next_dagrun for my_data_pipeline to 2026-09-30 10:00:00+00:00, run_after=2026-10-01 10:00:00+00:00
[2026-10-01T08:31:40.272+0000] {processor.py:208} INFO - Processing /opt/airflow/dags/dbt_pipeline.py took 0.416 seconds
[2026-10-01T08:32:10.479+0000] {processor.py:186} INFO - Started process (PID=1581) to work on /opt/airflow/dags/dbt_pipeline.py
[2026-10-01T08:32:10.483+0000] {processor.py:914} INFO - Processing file /opt/airflow/dags/dbt_pipeline.py for tasks to queue
[2026-10-01T08:32:10.491+0000] {logging_mixin.py:190} INFO - [2026-10-01T08:32:10.490+0000] {dagbag.py:588} INFO - Filling up the DagBag from /opt/airflow/dags/dbt_pipeline.py
[2026-10-01T08:32:10.582+0000] {processor.py:925} INFO - DAG(s) 'my_data_pipeline' retrieved from /opt/airflow/dags/dbt_pipeline.py
[2026-10-01T08:32:10.663+0000] {logging_mixin.py:190} INFO - [2026-10-01T08:32:10.662+0000] {dag.py:3239} INFO - Sync 1 DAGs
[2026-10-01T08:32:10.707+0000] {logging_mixin.py:190} INFO - [2026-10-01T08:32:10.707+0000] {dag.py:4180} INFO - Setting next_dagrun for my_data_pipeline to 2026-09-30 10:00:00+00:00, run_after=2026-10-01 10:00:00+00:00
[2026-10-01T08:32:10.750+0000] {processor.py:208} INFO - Processing /opt/airflow/dags/dbt_pipeline.py took 0.288 seconds
[2026-10-01T08:32:41.303+0000] {processor.py:186} INFO - Started process (PID=1586) to work on /opt/airflow/dags/dbt_pipeline.py
[2026-10-01T08:32:41.306+0000] {processor.py:914} INFO - Processing file /opt/airflow/dags/dbt_pipeline.py for tasks to queue
[2026-10-01T08:32:41.313+0000] {logging_mixin.py:190} INFO - [2026-10-01T08:32:41.312+0000] {dagbag.py:588} INFO - Filling up the DagBag from /opt/airflow/dags/dbt_pipeline.py
[2026-10-01T08:32:41.381+0000] {processor.py:925} INFO - DAG(s) 'my_data_pipeline' retrieved from /opt/airflow/dags/dbt_pipeline.py
[2026-10-01T08:32:41.458+0000] {logging_mixin.py:190} INFO - [2026-10-01T08:32:41.457+0000] {dag.py:3239} INFO - Sync 1 DAGs
[2026-10-01T08:32:41.508+0000] {logging_mixin.py:190} INFO - [2026-10-01T08:32:41.507+0000] {dag.py:4180} INFO - Setting next_dagrun for my_data_pipeline to 2026-09-30 10:00:00+00:00, run_after=2026-10-01 10:00:00+00:00
[2026-10-01T08:32:41.556+0000] {processor.py:208} INFO - Processing /opt/airflow/dags/dbt_pipeline.py took 0.266 seconds
[2026-10-01T08:33:11.873+0000] {processor.py:186} INFO - Started process (PID=1591) to work on /opt/airflow/dags/dbt_pipeline.py
[2026-10-01T08:33:11.880+0000] {processor.py:914} INFO - Processing file /opt/airflow/dags/dbt_pipeline.py for tasks to queue
[2026-10-01T08:33:11.895+0000] {logging_mixin.py:190} INFO - [2026-10-01T08:33:11.894+0000] {dagbag.py:588} INFO - Filling up the DagBag from /opt/airflow/dags/dbt_pipeline.py
[2026-10-01T08:33:12.038+0000] {processor.py:925} INFO - DAG(s) 'my_data_pipeline' retrieved from /opt/airflow/dags/dbt_pipeline.py
[2026-10-01T08:33:12.210+0000] {logging_mixin.py:190} INFO - [2026-10-01T08:33:12.209+0000] {dag.py:3239} INFO - Sync 1 DAGs
[2026-10-01T08:33:12.293+0000] {logging_mixin.py:190} INFO - [2026-10-01T08:33:12.293+0000] {dag.py:4180} INFO - Setting next_dagrun for my_data_pipeline to 2026-09-30 10:00:00+00:00, run_after=2026-10-01 10:00:00+00:00
[2026-10-01T08:33:12.345+0000] {processor.py:208} INFO - Processing /opt/airflow/dags/dbt_pipeline.py took 0.507 seconds
[2026-10-01T08:33:42.642+0000] {processor.py:186} INFO - Started process (PID=1596) to work on /opt/airflow/dags/dbt_pipeline.py
[2026-10-01T08:33:42.648+0000] {processor.py:914} INFO - Processing file /opt/airflow/dags/dbt_pipeline.py for tasks to queue
[2026-10-01T08:33:42.657+0000] {logging_mixin.py:190} INFO - [2026-10-01T08:33:42.656+0000] {dagbag.py:588} INFO - Filling up the DagBag from /opt/airflow/dags/dbt_pipeline.py
[2026-10-01T08:33:42.768+0000] {processor.py:925} INFO - DAG(s) 'my_data_pipeline' retrieved from /opt/airflow/dags/dbt_pipeline.py
[2026-10-01T08:33:42.894+0000] {logging_mixin.py:190} INFO - [2026-10-01T08:33:42.893+0000] {dag.py:3239} INFO - Sync 1 DAGs
[2026-10-01T08:33:42.952+0000] {logging_mixin.py:190} INFO - [2026-10-01T08:33:42.951+0000] {dag.py:4180} INFO - Setting next_dagrun for my_data_pipeline to 2026-09-30 10:00:00+00:00, run_after=2026-10-01 10:00:00+00:00
[2026-10-01T08:33:43.008+0000] {processor.py:208} INFO - Processing /opt/airflow/dags/dbt_pipeline.py took 0.390 seconds
[2026-10-01T08:34:13.449+0000] {processor.py:186} INFO - Started process (PID=1601) to work on /opt/airflow/dags/dbt_pipeline.py
[2026-10-01T08:34:13.454+0000] {processor.py:914} INFO - Processing file /opt/airflow/dags/dbt_pipeline.py for tasks to queue
[2026-10-01T08:34:13.463+0000] {logging_mixin.py:190} INFO - [2026-10-01T08:34:13.461+0000] {dagbag.py:588} INFO - Filling up the DagBag from /opt/airflow/dags/dbt_pipeline.py
[2026-10-01T08:34:13.553+0000] {processor.py:925} INFO - DAG(s) 'my_data_pipeline' retrieved from /opt/airflow/dags/dbt_pipeline.py
[2026-10-01T08:34:13.651+0000] {logging_mixin.py:190} INFO - [2026-10-01T08:34:13.651+0000] {dag.py:3239} INFO - Sync 1 DAGs
[2026-10-01T08:34:13.696+0000] {logging_mixin.py:190} INFO - [2026-10-01T08:34:13.696+0000] {dag.py:4180} INFO - Setting next_dagrun for my_data_pipeline to 2026-09-30 10:00:00+00:00, run_after=2026-10-01 10:00:00+00:00
[2026-10-01T08:34:13.739+0000] {processor.py:208} INFO - Processing /opt/airflow/dags/dbt_pipeline.py took 0.311 seconds
[2026-10-01T08:34:44.114+0000] {processor.py:186} INFO - Started process (PID=1606) to work on /opt/airflow/dags/dbt_pipeline.py
[2026-10-01T08:34:44.120+0000] {processor.py:914} INFO - Processing file /opt/airflow/dags/dbt_pipeline.py for tasks to queue
[2026-10-01T08:34:44.132+0000] {logging_mixin.py:190} INFO - [2026-10-01T08:34:44.131+0000] {dagbag.py:588} INFO - Filling up the DagBag from /opt/airflow/dags/dbt_pipeline.py
[2026-10-01T08:34:44.254+0000] {processor.py:925} INFO - DAG(s) 'my_data_pipeline' retrieved from /opt/airflow/dags/dbt_pipeline.py
[2026-10-01T08:34:44.388+0000] {logging_mixin.py:190} INFO - [2026-10-01T08:34:44.388+0000] {dag.py:3239} INFO - Sync 1 DAGs
[2026-10-01T08:34:44.443+0000] {logging_mixin.py:190} INFO - [2026-10-01T08:34:44.442+0000] {dag.py:4180} INFO - Setting next_dagrun for my_data_pipeline to 2026-09-30 10:00:00+00:00, run_after=2026-10-01 10:00:00+00:00
[2026-10-01T08:34:44.481+0000] {processor.py:208} INFO - Processing /opt/airflow/dags/dbt_pipeline.py took 0.400 seconds
[2026-10-01T08:35:14.823+0000] {processor.py:186} INFO - Started process (PID=1611) to work on /opt/airflow/dags/dbt_pipeline.py
[2026-10-01T08:35:14.827+0000] {processor.py:914} INFO - Processing file /opt/airflow/dags/dbt_pipeline.py for tasks to queue
[2026-10-01T08:35:14.837+0000] {logging_mixin.py:190} INFO - [2026-10-01T08:35:14.836+0000] {dagbag.py:588} INFO - Filling up the DagBag from /opt/airflow/dags/dbt_pipeline.py
[2026-10-01T08:35:14.917+0000] {processor.py:925} INFO - DAG(s) 'my_data_pipeline' retrieved from /opt/airflow/dags/dbt_pipeline.py
[2026-10-01T08:35:15.024+0000] {logging_mixin.py:190} INFO - [2026-10-01T08:35:15.024+0000] {dag.py:3239} INFO - Sync 1 DAGs
[2026-10-01T08:35:15.104+0000] {logging_mixin.py:190} INFO - [2026-10-01T08:35:15.104+0000] {dag.py:4180} INFO - Setting next_dagrun for my_data_pipeline to 2026-09-30 10:00:00+00:00, run_after=2026-10-01 10:00:00+00:00
[2026-10-01T08:35:15.156+0000] {processor.py:208} INFO - Processing /opt/airflow/dags/dbt_pipeline.py took 0.358 seconds
[2026-10-01T08:35:26.455+0000] {processor.py:186} INFO - Started process (PID=1616) to work on /opt/airflow/dags/dbt_pipeline.py
[2026-10-01T08:35:26.462+0000] {processor.py:914} INFO - Processing file /opt/airflow/dags/dbt_pipeline.py for tasks to queue
[2026-10-01T08:35:26.474+0000] {logging_mixin.py:190} INFO - [2026-10-01T08:35:26.472+0000] {dagbag.py:588} INFO - Filling up the DagBag from /opt/airflow/dags/dbt_pipeline.py
[2026-10-01T08:35:26.644+0000] {processor.py:925} INFO - DAG(s) 'my_data_pipeline' retrieved from /opt/airflow/dags/dbt_pipeline.py
[2026-10-01T08:35:26.779+0000] {logging_mixin.py:190} INFO - [2026-10-01T08:35:26.779+0000] {dag.py:3239} INFO - Sync 1 DAGs
[2026-10-01T08:35:26.900+0000] {logging_mixin.py:190} INFO - [2026-10-01T08:35:26.899+0000] {dag.py:4180} INFO - Setting next_dagrun for my_data_pipeline to 2026-09-30 10:00:00+00:00, run_after=2026-10-01 10:00:00+00:00
[2026-10-01T08:35:27.000+0000] {processor.py:208} INFO - Processing /opt/airflow/dags/dbt_pipeline.py took 0.578 seconds
[2026-10-01T08:35:57.634+0000] {processor.py:186} INFO - Started process (PID=1621) to work on /opt/airflow/dags/dbt_pipeline.py
[2026-10-01T08:35:57.639+0000] {processor.py:914} INFO - Processing file /opt/airflow/dags/dbt_pipeline.py for tasks to queue
[2026-10-01T08:35:57.649+0000] {logging_mixin.py:190} INFO - [2026-10-01T08:35:57.648+0000] {dagbag.py:588} INFO - Filling up the DagBag from /opt/airflow/dags/dbt_pipeline.py
[2026-10-01T08:35:57.756+0000] {processor.py:925} INFO - DAG(s) 'my_data_pipeline' retrieved from /opt/airflow/dags/dbt_pipeline.py
[2026-10-01T08:35:57.866+0000] {logging_mixin.py:190} INFO - [2026-10-01T08:35:57.865+0000] {dag.py:3239} INFO - Sync 1 DAGs
[2026-10-01T08:35:57.908+0000] {logging_mixin.py:190} INFO - [2026-10-01T08:35:57.907+0000] {dag.py:4180} INFO - Setting next_dagrun for my_data_pipeline to 2026-09-30 10:00:00+00:00, run_after=2026-10-01 10:00:00+00:00
[2026-10-01T08:35:57.975+0000] {processor.py:208} INFO - Processing /opt/airflow/dags/dbt_pipeline.py took 0.367 seconds
[2026-10-01T08:36:28.386+0000] {processor.py:186} INFO - Started process (PID=1626) to work on /opt/airflow/dags/dbt_pipeline.py
[2026-10-01T08:36:28.391+0000] {processor.py:914} INFO - Processing file /opt/airflow/dags/dbt_pipeline.py for tasks to queue
[2026-10-01T08:36:28.400+0000] {logging_mixin.py:190} INFO - [2026-10-01T08:36:28.399+0000] {dagbag.py:588} INFO - Filling up the DagBag from /opt/airflow/dags/dbt_pipeline.py
[2026-10-01T08:36:28.505+0000] {processor.py:925} INFO - DAG(s) 'my_data_pipeline' retrieved from /opt/airflow/dags/dbt_pipeline.py
[2026-10-01T08:36:28.617+0000] {logging_mixin.py:190} INFO - [2026-10-01T08:36:28.616+0000] {dag.py:3239} INFO - Sync 1 DAGs
[2026-10-01T08:36:28.675+0000] {logging_mixin.py:190} INFO - [2026-10-01T08:36:28.675+0000] {dag.py:4180} INFO - Setting next_dagrun for my_data_pipeline to 2026-09-30 10:00:00+00:00, run_after=2026-10-01 10:00:00+00:00
[2026-10-01T08:36:28.710+0000] {processor.py:208} INFO - Processing /opt/airflow/dags/dbt_pipeline.py took 0.346 seconds
[2026-10-01T08:36:58.969+0000] {processor.py:186} INFO - Started process (PID=1631) to work on /opt/airflow/dags/dbt_pipeline.py
[2026-10-01T08:36:58.973+0000] {processor.py:914} INFO - Processing file /opt/airflow/dags/dbt_pipeline.py for tasks to queue
[2026-10-01T08:36:58.979+0000] {logging_mixin.py:190} INFO - [2026-10-01T08:36:58.978+0000] {dagbag.py:588} INFO - Filling up the DagBag from /opt/airflow/dags/dbt_pipeline.py
[2026-10-01T08:36:59.047+0000] {processor.py:925} INFO - DAG(s) 'my_data_pipeline' retrieved from /opt/airflow/dags/dbt_pipeline.py
[2026-10-01T08:36:59.139+0000] {logging_mixin.py:190} INFO - [2026-10-01T08:36:59.138+0000] {dag.py:3239} INFO - Sync 1 DAGs
[2026-10-01T08:36:59.209+0000] {logging_mixin.py:190} INFO - [2026-10-01T08:36:59.208+0000] {dag.py:4180} INFO - Setting next_dagrun for my_data_pipeline to 2026-09-30 10:00:00+00:00, run_after=2026-10-01 10:00:00+00:00
[2026-10-01T08:36:59.259+0000] {processor.py:208} INFO - Processing /opt/airflow/dags/dbt_pipeline.py took 0.311 seconds
[2026-10-01T08:37:29.622+0000] {processor.py:186} INFO - Started process (PID=1636) to work on /opt/airflow/dags/dbt_pipeline.py
[2026-10-01T08:37:29.626+0000] {processor.py:914} INFO - Processing file /opt/airflow/dags/dbt_pipeline.py for tasks to queue
[2026-10-01T08:37:29.638+0000] {logging_mixin.py:190} INFO - [2026-10-01T08:37:29.637+0000] {dagbag.py:588} INFO - Filling up the DagBag from /opt/airflow/dags/dbt_pipeline.py
[2026-10-01T08:37:29.707+0000] {processor.py:925} INFO - DAG(s) 'my_data_pipeline' retrieved from /opt/airflow/dags/dbt_pipeline.py
[2026-10-01T08:37:29.796+0000] {logging_mixin.py:190} INFO - [2026-10-01T08:37:29.795+0000] {dag.py:3239} INFO - Sync 1 DAGs
[2026-10-01T08:37:29.873+0000] {logging_mixin.py:190} INFO - [2026-10-01T08:37:29.872+0000] {dag.py:4180} INFO - Setting next_dagrun for my_data_pipeline to 2026-09-30 10:00:00+00:00, run_after=2026-10-01 10:00:00+00:00
[2026-10-01T08:37:29.925+0000] {processor.py:208} INFO - Processing /opt/airflow/dags/dbt_pipeline.py took 0.317 seconds
[2026-10-01T08:38:00.220+0000] {processor.py:186} INFO - Started process (PID=1641) to work on /opt/airflow/dags/dbt_pipeline.py
[2026-10-01T08:38:00.226+0000] {processor.py:914} INFO - Processing file /opt/airflow/dags/dbt_pipeline.py for tasks to queue
[2026-10-01T08:38:00.237+0000] {logging_mixin.py:190} INFO - [2026-10-01T08:38:00.236+0000] {dagbag.py:588} INFO - Filling up the DagBag from /opt/airflow/dags/dbt_pipeline.py
[2026-10-01T08:38:00.322+0000] {processor.py:925} INFO - DAG(s) 'my_data_pipeline' retrieved from /opt/airflow/dags/dbt_pipeline.py
[2026-10-01T08:38:00.409+0000] {logging_mixin.py:190} INFO - [2026-10-01T08:38:00.409+0000] {dag.py:3239} INFO - Sync 1 DAGs
[2026-10-01T08:38:00.468+0000] {logging_mixin.py:190} INFO - [2026-10-01T08:38:00.467+0000] {dag.py:4180} INFO - Setting next_dagrun for my_data_pipeline to 2026-09-30 10:00:00+00:00, run_after=2026-10-01 10:00:00+00:00
[2026-10-01T08:38:00.518+0000] {processor.py:208} INFO - Processing /opt/airflow/dags/dbt_pipeline.py took 0.324 seconds
[2026-10-01T08:38:30.944+0000] {processor.py:186} INFO - Started process (PID=1646) to work on /opt/airflow/dags/dbt_pipeline.py
[2026-10-01T08:38:30.949+0000] {processor.py:914} INFO - Processing file /opt/airflow/dags/dbt_pipeline.py for tasks to queue
[2026-10-01T08:38:30.959+0000] {logging_mixin.py:190} INFO - [2026-10-01T08:38:30.958+0000] {dagbag.py:588} INFO - Filling up the DagBag from /opt/airflow/dags/dbt_pipeline.py
[2026-10-01T08:38:31.070+0000] {processor.py:925} INFO - DAG(s) 'my_data_pipeline' retrieved from /opt/airflow/dags/dbt_pipeline.py
[2026-10-01T08:38:31.174+0000] {logging_mixin.py:190} INFO - [2026-10-01T08:38:31.174+0000] {dag.py:3239} INFO - Sync 1 DAGs
[2026-10-01T08:38:31.254+0000] {logging_mixin.py:190} INFO - [2026-10-01T08:38:31.254+0000] {dag.py:4180} INFO - Setting next_dagrun for my_data_pipeline to 2026-09-30 10:00:00+00:00, run_after=2026-10-01 10:00:00+00:00
[2026-10-01T08:38:31.319+0000] {processor.py:208} INFO - Processing /opt/airflow/dags/dbt_pipeline.py took 0.403 seconds
[2026-10-01T08:39:01.504+0000] {processor.py:186} INFO - Started process (PID=1651) to work on /opt/airflow/dags/dbt_pipeline.py
[2026-10-01T08:39:01.509+0000] {processor.py:914} INFO - Processing file /opt/airflow/dags/dbt_pipeline.py for tasks to queue
[2026-10-01T08:39:01.518+0000] {logging_mixin.py:190} INFO - [2026-10-01T08:39:01.516+0000] {dagbag.py:588} INFO - Filling up the DagBag from /opt/airflow/dags/dbt_pipeline.py
[2026-10-01T08:39:01.612+0000] {processor.py:925} INFO - DAG(s) 'my_data_pipeline' retrieved from /opt/airflow/dags/dbt_pipeline.py
[2026-10-01T08:39:01.714+0000] {logging_mixin.py:190} INFO - [2026-10-01T08:39:01.714+0000] {dag.py:3239} INFO - Sync 1 DAGs
[2026-10-01T08:39:01.801+0000] {logging_mixin.py:190} INFO - [2026-10-01T08:39:01.801+0000] {dag.py:4180} INFO - Setting next_dagrun for my_data_pipeline to 2026-09-30 10:00:00+00:00, run_after=2026-10-01 10:00:00+00:00
[2026-10-01T08:39:01.874+0000] {processor.py:208} INFO - Processing /opt/airflow/dags/dbt_pipeline.py took 0.391 seconds
[2026-10-01T08:39:32.292+0000] {processor.py:186} INFO - Started process (PID=1656) to work on /opt/airflow/dags/dbt_pipeline.py
[2026-10-01T08:39:32.295+0000] {processor.py:914} INFO - Processing file /opt/airflow/dags/dbt_pipeline.py for tasks to queue
[2026-10-01T08:39:32.304+0000] {logging_mixin.py:190} INFO - [2026-10-01T08:39:32.303+0000] {dagbag.py:588} INFO - Filling up the DagBag from /opt/airflow/dags/dbt_pipeline.py
[2026-10-01T08:39:32.369+0000] {processor.py:925} INFO - DAG(s) 'my_data_pipeline' retrieved from /opt/airflow/dags/dbt_pipeline.py
[2026-10-01T08:39:32.453+0000] {logging_mixin.py:190} INFO - [2026-10-01T08:39:32.452+0000] {dag.py:3239} INFO - Sync 1 DAGs
[2026-10-01T08:39:32.527+0000] {logging_mixin.py:190} INFO - [2026-10-01T08:39:32.526+0000] {dag.py:4180} INFO - Setting next_dagrun for my_data_pipeline to 2026-09-30 10:00:00+00:00, run_after=2026-10-01 10:00:00+00:00
[2026-10-01T08:39:32.574+0000] {processor.py:208} INFO - Processing /opt/airflow/dags/dbt_pipeline.py took 0.302 seconds
[2026-10-01T08:40:02.844+0000] {processor.py:186} INFO - Started process (PID=1661) to work on /opt/airflow/dags/dbt_pipeline.py
[2026-10-01T08:40:02.850+0000] {processor.py:914} INFO - Processing file /opt/airflow/dags/dbt_pipeline.py for tasks to queue
[2026-10-01T08:40:02.863+0000] {logging_mixin.py:190} INFO - [2026-10-01T08:40:02.861+0000] {dagbag.py:588} INFO - Filling up the DagBag from /opt/airflow/dags/dbt_pipeline.py
[2026-10-01T08:40:02.981+0000] {processor.py:925} INFO - DAG(s) 'my_data_pipeline' retrieved from /opt/airflow/dags/dbt_pipeline.py
[2026-10-01T08:40:03.112+0000] {logging_mixin.py:190} INFO - [2026-10-01T08:40:03.111+0000] {dag.py:3239} INFO - Sync 1 DAGs
[2026-10-01T08:40:03.176+0000] {logging_mixin.py:190} INFO - [2026-10-01T08:40:03.175+0000] {dag.py:4180} INFO - Setting next_dagrun for my_data_pipeline to 2026-09-30 10:00:00+00:00, run_after=2026-10-01 10:00:00+00:00
[2026-10-01T08:40:03.222+0000] {processor.py:208} INFO - Processing /opt/airflow/dags/dbt_pipeline.py took 0.409 seconds
[2026-10-01T08:40:33.610+0000] {processor.py:186} INFO - Started process (PID=1666) to work on /opt/airflow/dags/dbt_pipeline.py
[2026-10-01T08:40:33.613+0000] {processor.py:914} INFO - Processing file /opt/airflow/dags/dbt_pipeline.py for tasks to queue
[2026-10-01T08:40:33.619+0000] {logging_mixin.py:190} INFO - [2026-10-01T08:40:33.618+0000] {dagbag.py:588} INFO - Filling up the DagBag from /opt/airflow/dags/dbt_pipeline.py
[2026-10-01T08:40:33.677+0000] {processor.py:925} INFO - DAG(s) 'my_data_pipeline' retrieved from /opt/airflow/dags/dbt_pipeline.py
[2026-10-01T08:40:33.767+0000] {logging_mixin.py:190} INFO - [2026-10-01T08:40:33.767+0000] {dag.py:3239} INFO - Sync 1 DAGs
[2026-10-01T08:40:33.838+0000] {logging_mixin.py:190} INFO - [2026-10-01T08:40:33.838+0000] {dag.py:4180} INFO - Setting next_dagrun for my_data_pipeline to 2026-09-30 10:00:00+00:00, run_after=2026-10-01 10:00:00+00:00
[2026-10-01T08:40:33.885+0000] {processor.py:208} INFO - Processing /opt/airflow/dags/dbt_pipeline.py took 0.291 seconds
[2026-10-01T08:41:04.129+0000] {processor.py:186} INFO - Started process (PID=1671) to work on /opt/airflow/dags/dbt_pipeline.py
[2026-10-01T08:41:04.131+0000] {processor.py:914} INFO - Processing file /opt/airflow/dags/dbt_pipeline.py for tasks to queue
[2026-10-01T08:41:04.134+0000] {logging_mixin.py:190} INFO - [2026-10-01T08:41:04.134+0000] {dagbag.py:588} INFO - Filling up the DagBag from /opt/airflow/dags/dbt_pipeline.py
[2026-10-01T08:41:04.161+0000] {processor.py:925} INFO - DAG(s) 'my_data_pipeline' retrieved from /opt/airflow/dags/dbt_pipeline.py
[2026-10-01T08:41:04.198+0000] {logging_mixin.py:190} INFO - [2026-10-01T08:41:04.197+0000] {dag.py:3239} INFO - Sync 1 DAGs
[2026-10-01T08:41:04.230+0000] {logging_mixin.py:190} INFO - [2026-10-01T08:41:04.230+0000] {dag.py:4180} INFO - Setting next_dagrun for my_data_pipeline to 2026-09-30 10:00:00+00:00, run_after=2026-10-01 10:00:00+00:00
[2026-10-01T08:41:04.264+0000] {processor.py:208} INFO - Processing /opt/airflow/dags/dbt_pipeline.py took 0.145 seconds
[2026-10-01T08:41:34.529+0000] {processor.py:186} INFO - Started process (PID=1676) to work on /opt/airflow/dags/dbt_pipeline.py
[2026-10-01T08:41:34.531+0000] {processor.py:914} INFO - Processing file /opt/airflow/dags/dbt_pipeline.py for tasks to queue
[2026-10-01T08:41:34.535+0000] {logging_mixin.py:190} INFO - [2026-10-01T08:41:34.534+0000] {dagbag.py:588} INFO - Filling up the DagBag from /opt/airflow/dags/dbt_pipeline.py
[2026-10-01T08:41:34.561+0000] {processor.py:925} INFO - DAG(s) 'my_data_pipeline' retrieved from /opt/airflow/dags/dbt_pipeline.py
[2026-10-01T08:41:34.591+0000] {logging_mixin.py:190} INFO - [2026-10-01T08:41:34.590+0000] {dag.py:3239} INFO - Sync 1 DAGs
[2026-10-01T08:41:34.613+0000] {logging_mixin.py:190} INFO - [2026-10-01T08:41:34.613+0000] {dag.py:4180} INFO - Setting next_dagrun for my_data_pipeline to 2026-09-30 10:00:00+00:00, run_after=2026-10-01 10:00:00+00:00
[2026-10-01T08:41:34.636+0000] {processor.py:208} INFO - Processing /opt/airflow/dags/dbt_pipeline.py took 0.111 seconds
[2026-10-01T08:42:04.825+0000] {processor.py:186} INFO - Started process (PID=1681) to work on /opt/airflow/dags/dbt_pipeline.py
[2026-10-01T08:42:04.826+0000] {processor.py:914} INFO - Processing file /opt/airflow/dags/dbt_pipeline.py for tasks to queue
[2026-10-01T08:42:04.828+0000] {logging_mixin.py:190} INFO - [2026-10-01T08:42:04.828+0000] {dagbag.py:588} INFO - Filling up the DagBag from /opt/airflow/dags/dbt_pipeline.py
[2026-10-01T08:42:04.850+0000] {processor.py:925} INFO - DAG(s) 'my_data_pipeline' retrieved from /opt/airflow/dags/dbt_pipeline.py
[2026-10-01T08:42:04.875+0000] {logging_mixin.py:190} INFO - [2026-10-01T08:42:04.875+0000] {dag.py:3239} INFO - Sync 1 DAGs
[2026-10-01T08:42:04.895+0000] {logging_mixin.py:190} INFO - [2026-10-01T08:42:04.895+0000] {dag.py:4180} INFO - Setting next_dagrun for my_data_pipeline to 2026-09-30 10:00:00+00:00, run_after=2026-10-01 10:00:00+00:00
[2026-10-01T08:42:04.920+0000] {processor.py:208} INFO - Processing /opt/airflow/dags/dbt_pipeline.py took 0.101 seconds
[2026-10-01T08:42:35.220+0000] {processor.py:186} INFO - Started process (PID=1686) to work on /opt/airflow/dags/dbt_pipeline.py
[2026-10-01T08:42:35.221+0000] {processor.py:914} INFO - Processing file /opt/airflow/dags/dbt_pipeline.py for tasks to queue
[2026-10-01T08:42:35.223+0000] {logging_mixin.py:190} INFO - [2026-10-01T08:42:35.223+0000] {dagbag.py:588} INFO - Filling up the DagBag from /opt/airflow/dags/dbt_pipeline.py
[2026-10-01T08:42:35.251+0000] {processor.py:925} INFO - DAG(s) 'my_data_pipeline' retrieved from /opt/airflow/dags/dbt_pipeline.py
[2026-10-01T08:42:35.384+0000] {logging_mixin.py:190} INFO - [2026-10-01T08:42:35.384+0000] {dag.py:3239} INFO - Sync 1 DAGs
[2026-10-01T08:42:35.405+0000] {logging_mixin.py:190} INFO - [2026-10-01T08:42:35.405+0000] {dag.py:4180} INFO - Setting next_dagrun for my_data_pipeline to 2026-09-30 10:00:00+00:00, run_after=2026-10-01 10:00:00+00:00
[2026-10-01T08:42:35.425+0000] {processor.py:208} INFO - Processing /opt/airflow/dags/dbt_pipeline.py took 0.211 seconds
[2026-10-01T08:43:05.477+0000] {processor.py:186} INFO - Started process (PID=1691) to work on /opt/airflow/dags/dbt_pipeline.py
[2026-10-01T08:43:05.479+0000] {processor.py:914} INFO - Processing file /opt/airflow/dags/dbt_pipeline.py for tasks to queue
[2026-10-01T08:43:05.481+0000] {logging_mixin.py:190} INFO - [2026-10-01T08:43:05.481+0000] {dagbag.py:588} INFO - Filling up the DagBag from /opt/airflow/dags/dbt_pipeline.py
[2026-10-01T08:43:05.501+0000] {processor.py:925} INFO - DAG(s) 'my_data_pipeline' retrieved from /opt/airflow/dags/dbt_pipeline.py
[2026-10-01T08:43:05.530+0000] {logging_mixin.py:190} INFO - [2026-10-01T08:43:05.530+0000] {dag.py:3239} INFO - Sync 1 DAGs
[2026-10-01T08:43:05.550+0000] {logging_mixin.py:190} INFO - [2026-10-01T08:43:05.550+0000] {dag.py:4180} INFO - Setting next_dagrun for my_data_pipeline to 2026-09-30 10:00:00+00:00, run_after=2026-10-01 10:00:00+00:00
[2026-10-01T08:43:05.577+0000] {processor.py:208} INFO - Processing /opt/airflow/dags/dbt_pipeline.py took 0.104 seconds
[2026-10-01T09:33:39.209+0000] {processor.py:186} INFO - Started process (PID=2191) to work on /opt/airflow/dags/dbt_pipeline.py
[2026-10-01T09:33:39.210+0000] {processor.py:914} INFO - Processing file /opt/airflow/dags/dbt_pipeline.py for tasks to queue
[2026-10-01T09:33:39.213+0000] {logging_mixin.py:190} INFO - [2026-10-01T09:33:39.212+0000] {dagbag.py:588} INFO - Filling up the DagBag from /opt/airflow/dags/dbt_pipeline.py
[2026-10-01T09:33:39.234+0000] {processor.py:925} INFO - DAG(s) 'my_data_pipeline' retrieved from /opt/airflow/dags/dbt_pipeline.py
[2026-10-01T09:33:39.262+0000] {logging_mixin.py:190} INFO - [2026-10-01T09:33:39.262+0000] {dag.py:3239} INFO - Sync 1 DAGs
[2026-10-01T09:33:39.282+0000] {logging_mixin.py:190} INFO - [2026-10-01T09:33:39.282+0000] {dag.py:4180} INFO - Setting next_dagrun for my_data_pipeline to 2026-09-30 10:00:00+00:00, run_after=2026-10-01 10:00:00+00:00
[2026-10-01T09:33:39.303+0000] {processor.py:208} INFO - Processing /opt/airflow/dags/dbt_pipeline.py took 0.100 seconds
[2026-10-01T09:34:09.650+0000] {processor.py:186} INFO - Started process (PID=2196) to work on /opt/airflow/dags/dbt_pipeline.py
[2026-10-01T09:34:09.652+0000] {processor.py:914} INFO - Processing file /opt/airflow/dags/dbt_pipeline.py for tasks to queue
[2026-10-01T09:34:09.654+0000] {logging_mixin.py:190} INFO - [2026-10-01T09:34:09.654+0000] {dagbag.py:588} INFO - Filling up the DagBag from /opt/airflow/dags/dbt_pipeline.py
[2026-10-01T09:34:09.675+0000] {processor.py:925} INFO - DAG(s) 'my_data_pipeline' retrieved from /opt/airflow/dags/dbt_pipeline.py
[2026-10-01T09:34:09.730+0000] {logging_mixin.py:190} INFO - [2026-10-01T09:34:09.730+0000] {dag.py:3239} INFO - Sync 1 DAGs
[2026-10-01T09:34:09.765+0000] {logging_mixin.py:190} INFO - [2026-10-01T09:34:09.765+0000] {dag.py:4180} INFO - Setting next_dagrun for my_data_pipeline to 2026-09-30 10:00:00+00:00, run_after=2026-10-01 10:00:00+00:00
[2026-10-01T09:34:09.792+0000] {processor.py:208} INFO - Processing /opt/airflow/dags/dbt_pipeline.py took 0.146 seconds
[2026-10-01T09:34:40.023+0000] {processor.py:186} INFO - Started process (PID=2201) to work on /opt/airflow/dags/dbt_pipeline.py
[2026-10-01T09:34:40.024+0000] {processor.py:914} INFO - Processing file /opt/airflow/dags/dbt_pipeline.py for tasks to queue
[2026-10-01T09:34:40.026+0000] {logging_mixin.py:190} INFO - [2026-10-01T09:34:40.026+0000] {dagbag.py:588} INFO - Filling up the DagBag from /opt/airflow/dags/dbt_pipeline.py
[2026-10-01T09:34:40.050+0000] {processor.py:925} INFO - DAG(s) 'my_data_pipeline' retrieved from /opt/airflow/dags/dbt_pipeline.py
[2026-10-01T09:34:40.076+0000] {logging_mixin.py:190} INFO - [2026-10-01T09:34:40.076+0000] {dag.py:3239} INFO - Sync 1 DAGs
[2026-10-01T09:34:40.095+0000] {logging_mixin.py:190} INFO - [2026-10-01T09:34:40.094+0000] {dag.py:4180} INFO - Setting next_dagrun for my_data_pipeline to 2026-09-30 10:00:00+00:00, run_after=2026-10-01 10:00:00+00:00
[2026-10-01T09:34:40.121+0000] {processor.py:208} INFO - Processing /opt/airflow/dags/dbt_pipeline.py took 0.103 seconds
[2026-10-01T09:37:11.871+0000] {processor.py:186} INFO - Started process (PID=2226) to work on /opt/airflow/dags/dbt_pipeline.py
[2026-10-01T09:37:11.872+0000] {processor.py:914} INFO - Processing file /opt/airflow/dags/dbt_pipeline.py for tasks to queue
[2026-10-01T09:37:11.875+0000] {logging_mixin.py:190} INFO - [2026-10-01T09:37:11.874+0000] {dagbag.py:588} INFO - Filling up the DagBag from /opt/airflow/dags/dbt_pipeline.py
[2026-10-01T09:37:11.898+0000] {processor.py:925} INFO - DAG(s) 'my_data_pipeline' retrieved from /opt/airflow/dags/dbt_pipeline.py
[2026-10-01T09:37:11.925+0000] {logging_mixin.py:190} INFO - [2026-10-01T09:37:11.925+0000] {dag.py:3239} INFO - Sync 1 DAGs
[2026-10-01T09:37:11.945+0000] {logging_mixin.py:190} INFO - [2026-10-01T09:37:11.945+0000] {dag.py:4180} INFO - Setting next_dagrun for my_data_pipeline to 2026-09-30 10:00:00+00:00, run_after=2026-10-01 10:00:00+00:00
[2026-10-01T09:37:11.976+0000] {processor.py:208} INFO - Processing /opt/airflow/dags/dbt_pipeline.py took 0.109 seconds
[2026-10-01T09:37:42.190+0000] {processor.py:186} INFO - Started process (PID=2231) to work on /opt/airflow/dags/dbt_pipeline.py
[2026-10-01T09:37:42.191+0000] {processor.py:914} INFO - Processing file /opt/airflow/dags/dbt_pipeline.py for tasks to queue
[2026-10-01T09:37:42.194+0000] {logging_mixin.py:190} INFO - [2026-10-01T09:37:42.194+0000] {dagbag.py:588} INFO - Filling up the DagBag from /opt/airflow/dags/dbt_pipeline.py
[2026-10-01T09:37:42.216+0000] {processor.py:925} INFO - DAG(s) 'my_data_pipeline' retrieved from /opt/airflow/dags/dbt_pipeline.py
[2026-10-01T09:37:42.247+0000] {logging_mixin.py:190} INFO - [2026-10-01T09:37:42.246+0000] {dag.py:3239} INFO - Sync 1 DAGs
[2026-10-01T09:37:42.270+0000] {logging_mixin.py:190} INFO - [2026-10-01T09:37:42.269+0000] {dag.py:4180} INFO - Setting next_dagrun for my_data_pipeline to 2026-09-30 10:00:00+00:00, run_after=2026-10-01 10:00:00+00:00
[2026-10-01T09:37:42.289+0000] {processor.py:208} INFO - Processing /opt/airflow/dags/dbt_pipeline.py took 0.104 seconds
[2026-10-01T09:38:12.619+0000] {processor.py:186} INFO - Started process (PID=2236) to work on /opt/airflow/dags/dbt_pipeline.py
[2026-10-01T09:38:12.620+0000] {processor.py:914} INFO - Processing file /opt/airflow/dags/dbt_pipeline.py for tasks to queue
[2026-10-01T09:38:12.623+0000] {logging_mixin.py:190} INFO - [2026-10-01T09:38:12.622+0000] {dagbag.py:588} INFO - Filling up the DagBag from /opt/airflow/dags/dbt_pipeline.py
[2026-10-01T09:38:12.643+0000] {processor.py:925} INFO - DAG(s) 'my_data_pipeline' retrieved from /opt/airflow/dags/dbt_pipeline.py
[2026-10-01T09:38:12.669+0000] {logging_mixin.py:190} INFO - [2026-10-01T09:38:12.669+0000] {dag.py:3239} INFO - Sync 1 DAGs
[2026-10-01T09:38:12.689+0000] {logging_mixin.py:190} INFO - [2026-10-01T09:38:12.689+0000] {dag.py:4180} INFO - Setting next_dagrun for my_data_pipeline to 2026-09-30 10:00:00+00:00, run_after=2026-10-01 10:00:00+00:00
[2026-10-01T09:38:12.709+0000] {processor.py:208} INFO - Processing /opt/airflow/dags/dbt_pipeline.py took 0.094 seconds
[2026-10-01T09:38:42.937+0000] {processor.py:186} INFO - Started process (PID=2241) to work on /opt/airflow/dags/dbt_pipeline.py
[2026-10-01T09:38:42.938+0000] {processor.py:914} INFO - Processing file /opt/airflow/dags/dbt_pipeline.py for tasks to queue
[2026-10-01T09:38:42.940+0000] {logging_mixin.py:190} INFO - [2026-10-01T09:38:42.940+0000] {dagbag.py:588} INFO - Filling up the DagBag from /opt/airflow/dags/dbt_pipeline.py
[2026-10-01T09:38:42.964+0000] {processor.py:925} INFO - DAG(s) 'my_data_pipeline' retrieved from /opt/airflow/dags/dbt_pipeline.py
[2026-10-01T09:38:43.002+0000] {logging_mixin.py:190} INFO - [2026-10-01T09:38:43.002+0000] {dag.py:3239} INFO - Sync 1 DAGs
[2026-10-01T09:38:43.029+0000] {logging_mixin.py:190} INFO - [2026-10-01T09:38:43.029+0000] {dag.py:4180} INFO - Setting next_dagrun for my_data_pipeline to 2026-09-30 10:00:00+00:00, run_after=2026-10-01 10:00:00+00:00
[2026-10-01T09:38:43.051+0000] {processor.py:208} INFO - Processing /opt/airflow/dags/dbt_pipeline.py took 0.120 seconds
[2026-10-01T09:39:13.269+0000] {processor.py:186} INFO - Started process (PID=2246) to work on /opt/airflow/dags/dbt_pipeline.py
[2026-10-01T09:39:13.271+0000] {processor.py:914} INFO - Processing file /opt/airflow/dags/dbt_pipeline.py for tasks to queue
[2026-10-01T09:39:13.273+0000] {logging_mixin.py:190} INFO - [2026-10-01T09:39:13.273+0000] {dagbag.py:588} INFO - Filling up the DagBag from /opt/airflow/dags/dbt_pipeline.py
[2026-10-01T09:39:13.294+0000] {processor.py:925} INFO - DAG(s) 'my_data_pipeline' retrieved from /opt/airflow/dags/dbt_pipeline.py
[2026-10-01T09:39:13.321+0000] {logging_mixin.py:190} INFO - [2026-10-01T09:39:13.320+0000] {dag.py:3239} INFO - Sync 1 DAGs
[2026-10-01T09:39:13.343+0000] {logging_mixin.py:190} INFO - [2026-10-01T09:39:13.342+0000] {dag.py:4180} INFO - Setting next_dagrun for my_data_pipeline to 2026-09-30 10:00:00+00:00, run_after=2026-10-01 10:00:00+00:00
[2026-10-01T09:39:13.363+0000] {processor.py:208} INFO - Processing /opt/airflow/dags/dbt_pipeline.py took 0.099 seconds
[2026-10-01T09:39:43.604+0000] {processor.py:186} INFO - Started process (PID=2251) to work on /opt/airflow/dags/dbt_pipeline.py
[2026-10-01T09:39:43.611+0000] {processor.py:914} INFO - Processing file /opt/airflow/dags/dbt_pipeline.py for tasks to queue
[2026-10-01T09:39:43.615+0000] {logging_mixin.py:190} INFO - [2026-10-01T09:39:43.614+0000] {dagbag.py:588} INFO - Filling up the DagBag from /opt/airflow/dags/dbt_pipeline.py
[2026-10-01T09:39:43.661+0000] {processor.py:925} INFO - DAG(s) 'my_data_pipeline' retrieved from /opt/airflow/dags/dbt_pipeline.py
[2026-10-01T09:39:43.735+0000] {logging_mixin.py:190} INFO - [2026-10-01T09:39:43.735+0000] {dag.py:3239} INFO - Sync 1 DAGs
[2026-10-01T09:39:43.796+0000] {logging_mixin.py:190} INFO - [2026-10-01T09:39:43.795+0000] {dag.py:4180} INFO - Setting next_dagrun for my_data_pipeline to 2026-09-30 10:00:00+00:00, run_after=2026-10-01 10:00:00+00:00
[2026-10-01T09:39:43.867+0000] {processor.py:208} INFO - Processing /opt/airflow/dags/dbt_pipeline.py took 0.278 seconds
[2026-10-01T09:40:14.047+0000] {processor.py:186} INFO - Started process (PID=2256) to work on /opt/airflow/dags/dbt_pipeline.py
[2026-10-01T09:40:14.049+0000] {processor.py:914} INFO - Processing file /opt/airflow/dags/dbt_pipeline.py for tasks to queue
[2026-10-01T09:40:14.051+0000] {logging_mixin.py:190} INFO - [2026-10-01T09:40:14.051+0000] {dagbag.py:588} INFO - Filling up the DagBag from /opt/airflow/dags/dbt_pipeline.py
[2026-10-01T09:40:14.078+0000] {processor.py:925} INFO - DAG(s) 'my_data_pipeline' retrieved from /opt/airflow/dags/dbt_pipeline.py
[2026-10-01T09:40:14.117+0000] {logging_mixin.py:190} INFO - [2026-10-01T09:40:14.116+0000] {dag.py:3239} INFO - Sync 1 DAGs
[2026-10-01T09:40:14.141+0000] {logging_mixin.py:190} INFO - [2026-10-01T09:40:14.141+0000] {dag.py:4180} INFO - Setting next_dagrun for my_data_pipeline to 2026-09-30 10:00:00+00:00, run_after=2026-10-01 10:00:00+00:00
[2026-10-01T09:40:14.162+0000] {processor.py:208} INFO - Processing /opt/airflow/dags/dbt_pipeline.py took 0.121 seconds
[2026-10-01T09:40:44.422+0000] {processor.py:186} INFO - Started process (PID=2261) to work on /opt/airflow/dags/dbt_pipeline.py
[2026-10-01T09:40:44.423+0000] {processor.py:914} INFO - Processing file /opt/airflow/dags/dbt_pipeline.py for tasks to queue
[2026-10-01T09:40:44.426+0000] {logging_mixin.py:190} INFO - [2026-10-01T09:40:44.426+0000] {dagbag.py:588} INFO - Filling up the DagBag from /opt/airflow/dags/dbt_pipeline.py
[2026-10-01T09:40:44.451+0000] {processor.py:925} INFO - DAG(s) 'my_data_pipeline' retrieved from /opt/airflow/dags/dbt_pipeline.py
[2026-10-01T09:40:44.480+0000] {logging_mixin.py:190} INFO - [2026-10-01T09:40:44.480+0000] {dag.py:3239} INFO - Sync 1 DAGs
[2026-10-01T09:40:44.501+0000] {logging_mixin.py:190} INFO - [2026-10-01T09:40:44.501+0000] {dag.py:4180} INFO - Setting next_dagrun for my_data_pipeline to 2026-09-30 10:00:00+00:00, run_after=2026-10-01 10:00:00+00:00
[2026-10-01T09:40:44.521+0000] {processor.py:208} INFO - Processing /opt/airflow/dags/dbt_pipeline.py took 0.104 seconds
[2026-10-01T09:41:14.770+0000] {processor.py:186} INFO - Started process (PID=2266) to work on /opt/airflow/dags/dbt_pipeline.py
[2026-10-01T09:41:14.772+0000] {processor.py:914} INFO - Processing file /opt/airflow/dags/dbt_pipeline.py for tasks to queue
[2026-10-01T09:41:14.774+0000] {logging_mixin.py:190} INFO - [2026-10-01T09:41:14.774+0000] {dagbag.py:588} INFO - Filling up the DagBag from /opt/airflow/dags/dbt_pipeline.py
[2026-10-01T09:41:14.801+0000] {processor.py:925} INFO - DAG(s) 'my_data_pipeline' retrieved from /opt/airflow/dags/dbt_pipeline.py
[2026-10-01T09:41:14.832+0000] {logging_mixin.py:190} INFO - [2026-10-01T09:41:14.832+0000] {dag.py:3239} INFO - Sync 1 DAGs
[2026-10-01T09:41:14.852+0000] {logging_mixin.py:190} INFO - [2026-10-01T09:41:14.852+0000] {dag.py:4180} INFO - Setting next_dagrun for my_data_pipeline to 2026-09-30 10:00:00+00:00, run_after=2026-10-01 10:00:00+00:00
[2026-10-01T09:41:14.880+0000] {processor.py:208} INFO - Processing /opt/airflow/dags/dbt_pipeline.py took 0.115 seconds
[2026-10-01T09:41:45.195+0000] {processor.py:186} INFO - Started process (PID=2271) to work on /opt/airflow/dags/dbt_pipeline.py
[2026-10-01T09:41:45.197+0000] {processor.py:914} INFO - Processing file /opt/airflow/dags/dbt_pipeline.py for tasks to queue
[2026-10-01T09:41:45.199+0000] {logging_mixin.py:190} INFO - [2026-10-01T09:41:45.199+0000] {dagbag.py:588} INFO - Filling up the DagBag from /opt/airflow/dags/dbt_pipeline.py
[2026-10-01T09:41:45.223+0000] {processor.py:925} INFO - DAG(s) 'my_data_pipeline' retrieved from /opt/airflow/dags/dbt_pipeline.py
[2026-10-01T09:41:45.255+0000] {logging_mixin.py:190} INFO - [2026-10-01T09:41:45.254+0000] {dag.py:3239} INFO - Sync 1 DAGs
[2026-10-01T09:41:45.280+0000] {logging_mixin.py:190} INFO - [2026-10-01T09:41:45.280+0000] {dag.py:4180} INFO - Setting next_dagrun for my_data_pipeline to 2026-09-30 10:00:00+00:00, run_after=2026-10-01 10:00:00+00:00
[2026-10-01T09:41:45.314+0000] {processor.py:208} INFO - Processing /opt/airflow/dags/dbt_pipeline.py took 0.123 seconds
[2026-10-01T09:42:15.612+0000] {processor.py:186} INFO - Started process (PID=2276) to work on /opt/airflow/dags/dbt_pipeline.py
[2026-10-01T09:42:15.613+0000] {processor.py:914} INFO - Processing file /opt/airflow/dags/dbt_pipeline.py for tasks to queue
[2026-10-01T09:42:15.615+0000] {logging_mixin.py:190} INFO - [2026-10-01T09:42:15.615+0000] {dagbag.py:588} INFO - Filling up the DagBag from /opt/airflow/dags/dbt_pipeline.py
[2026-10-01T09:42:15.638+0000] {processor.py:925} INFO - DAG(s) 'my_data_pipeline' retrieved from /opt/airflow/dags/dbt_pipeline.py
[2026-10-01T09:42:15.666+0000] {logging_mixin.py:190} INFO - [2026-10-01T09:42:15.666+0000] {dag.py:3239} INFO - Sync 1 DAGs
[2026-10-01T09:42:15.689+0000] {logging_mixin.py:190} INFO - [2026-10-01T09:42:15.688+0000] {dag.py:4180} INFO - Setting next_dagrun for my_data_pipeline to 2026-09-30 10:00:00+00:00, run_after=2026-10-01 10:00:00+00:00
[2026-10-01T09:42:15.711+0000] {processor.py:208} INFO - Processing /opt/airflow/dags/dbt_pipeline.py took 0.104 seconds
[2026-10-01T09:42:45.933+0000] {processor.py:186} INFO - Started process (PID=2281) to work on /opt/airflow/dags/dbt_pipeline.py
[2026-10-01T09:42:45.935+0000] {processor.py:914} INFO - Processing file /opt/airflow/dags/dbt_pipeline.py for tasks to queue
[2026-10-01T09:42:45.937+0000] {logging_mixin.py:190} INFO - [2026-10-01T09:42:45.937+0000] {dagbag.py:588} INFO - Filling up the DagBag from /opt/airflow/dags/dbt_pipeline.py
[2026-10-01T09:42:45.961+0000] {processor.py:925} INFO - DAG(s) 'my_data_pipeline' retrieved from /opt/airflow/dags/dbt_pipeline.py
[2026-10-01T09:42:45.991+0000] {logging_mixin.py:190} INFO - [2026-10-01T09:42:45.990+0000] {dag.py:3239} INFO - Sync 1 DAGs
[2026-10-01T09:42:46.013+0000] {logging_mixin.py:190} INFO - [2026-10-01T09:42:46.013+0000] {dag.py:4180} INFO - Setting next_dagrun for my_data_pipeline to 2026-09-30 10:00:00+00:00, run_after=2026-10-01 10:00:00+00:00
[2026-10-01T09:42:46.037+0000] {processor.py:208} INFO - Processing /opt/airflow/dags/dbt_pipeline.py took 0.109 seconds
[2026-10-01T09:43:16.287+0000] {processor.py:186} INFO - Started process (PID=2286) to work on /opt/airflow/dags/dbt_pipeline.py
[2026-10-01T09:43:16.289+0000] {processor.py:914} INFO - Processing file /opt/airflow/dags/dbt_pipeline.py for tasks to queue
[2026-10-01T09:43:16.292+0000] {logging_mixin.py:190} INFO - [2026-10-01T09:43:16.291+0000] {dagbag.py:588} INFO - Filling up the DagBag from /opt/airflow/dags/dbt_pipeline.py
[2026-10-01T09:43:16.322+0000] {processor.py:925} INFO - DAG(s) 'my_data_pipeline' retrieved from /opt/airflow/dags/dbt_pipeline.py
[2026-10-01T09:43:16.355+0000] {logging_mixin.py:190} INFO - [2026-10-01T09:43:16.354+0000] {dag.py:3239} INFO - Sync 1 DAGs
[2026-10-01T09:43:16.385+0000] {logging_mixin.py:190} INFO - [2026-10-01T09:43:16.385+0000] {dag.py:4180} INFO - Setting next_dagrun for my_data_pipeline to 2026-09-30 10:00:00+00:00, run_after=2026-10-01 10:00:00+00:00
[2026-10-01T09:43:16.409+0000] {processor.py:208} INFO - Processing /opt/airflow/dags/dbt_pipeline.py took 0.130 seconds
[2026-10-01T09:43:46.574+0000] {processor.py:186} INFO - Started process (PID=2291) to work on /opt/airflow/dags/dbt_pipeline.py
[2026-10-01T09:43:46.576+0000] {processor.py:914} INFO - Processing file /opt/airflow/dags/dbt_pipeline.py for tasks to queue
[2026-10-01T09:43:46.578+0000] {logging_mixin.py:190} INFO - [2026-10-01T09:43:46.578+0000] {dagbag.py:588} INFO - Filling up the DagBag from /opt/airflow/dags/dbt_pipeline.py
[2026-10-01T09:43:46.600+0000] {processor.py:925} INFO - DAG(s) 'my_data_pipeline' retrieved from /opt/airflow/dags/dbt_pipeline.py
[2026-10-01T09:43:46.631+0000] {logging_mixin.py:190} INFO - [2026-10-01T09:43:46.631+0000] {dag.py:3239} INFO - Sync 1 DAGs
[2026-10-01T09:43:46.655+0000] {logging_mixin.py:190} INFO - [2026-10-01T09:43:46.655+0000] {dag.py:4180} INFO - Setting next_dagrun for my_data_pipeline to 2026-09-30 10:00:00+00:00, run_after=2026-10-01 10:00:00+00:00
[2026-10-01T09:43:46.680+0000] {processor.py:208} INFO - Processing /opt/airflow/dags/dbt_pipeline.py took 0.111 seconds
[2026-10-01T09:44:16.931+0000] {processor.py:186} INFO - Started process (PID=2296) to work on /opt/airflow/dags/dbt_pipeline.py
[2026-10-01T09:44:16.933+0000] {processor.py:914} INFO - Processing file /opt/airflow/dags/dbt_pipeline.py for tasks to queue
[2026-10-01T09:44:16.937+0000] {logging_mixin.py:190} INFO - [2026-10-01T09:44:16.936+0000] {dagbag.py:588} INFO - Filling up the DagBag from /opt/airflow/dags/dbt_pipeline.py
[2026-10-01T09:44:16.962+0000] {processor.py:925} INFO - DAG(s) 'my_data_pipeline' retrieved from /opt/airflow/dags/dbt_pipeline.py
[2026-10-01T09:44:16.994+0000] {logging_mixin.py:190} INFO - [2026-10-01T09:44:16.994+0000] {dag.py:3239} INFO - Sync 1 DAGs
[2026-10-01T09:44:17.019+0000] {logging_mixin.py:190} INFO - [2026-10-01T09:44:17.018+0000] {dag.py:4180} INFO - Setting next_dagrun for my_data_pipeline to 2026-09-30 10:00:00+00:00, run_after=2026-10-01 10:00:00+00:00
[2026-10-01T09:44:17.052+0000] {processor.py:208} INFO - Processing /opt/airflow/dags/dbt_pipeline.py took 0.126 seconds
[2026-10-01T09:44:47.257+0000] {processor.py:186} INFO - Started process (PID=2301) to work on /opt/airflow/dags/dbt_pipeline.py
[2026-10-01T09:44:47.258+0000] {processor.py:914} INFO - Processing file /opt/airflow/dags/dbt_pipeline.py for tasks to queue
[2026-10-01T09:44:47.260+0000] {logging_mixin.py:190} INFO - [2026-10-01T09:44:47.260+0000] {dagbag.py:588} INFO - Filling up the DagBag from /opt/airflow/dags/dbt_pipeline.py
[2026-10-01T09:44:47.283+0000] {processor.py:925} INFO - DAG(s) 'my_data_pipeline' retrieved from /opt/airflow/dags/dbt_pipeline.py
[2026-10-01T09:44:47.314+0000] {logging_mixin.py:190} INFO - [2026-10-01T09:44:47.314+0000] {dag.py:3239} INFO - Sync 1 DAGs
[2026-10-01T09:44:47.334+0000] {logging_mixin.py:190} INFO - [2026-10-01T09:44:47.334+0000] {dag.py:4180} INFO - Setting next_dagrun for my_data_pipeline to 2026-09-30 10:00:00+00:00, run_after=2026-10-01 10:00:00+00:00
[2026-10-01T09:44:47.354+0000] {processor.py:208} INFO - Processing /opt/airflow/dags/dbt_pipeline.py took 0.103 seconds
[2026-10-01T09:45:17.537+0000] {processor.py:186} INFO - Started process (PID=2306) to work on /opt/airflow/dags/dbt_pipeline.py
[2026-10-01T09:45:17.539+0000] {processor.py:914} INFO - Processing file /opt/airflow/dags/dbt_pipeline.py for tasks to queue
[2026-10-01T09:45:17.541+0000] {logging_mixin.py:190} INFO - [2026-10-01T09:45:17.541+0000] {dagbag.py:588} INFO - Filling up the DagBag from /opt/airflow/dags/dbt_pipeline.py
[2026-10-01T09:45:17.564+0000] {processor.py:925} INFO - DAG(s) 'my_data_pipeline' retrieved from /opt/airflow/dags/dbt_pipeline.py
[2026-10-01T09:45:17.595+0000] {logging_mixin.py:190} INFO - [2026-10-01T09:45:17.594+0000] {dag.py:3239} INFO - Sync 1 DAGs
[2026-10-01T09:45:17.617+0000] {logging_mixin.py:190} INFO - [2026-10-01T09:45:17.617+0000] {dag.py:4180} INFO - Setting next_dagrun for my_data_pipeline to 2026-09-30 10:00:00+00:00, run_after=2026-10-01 10:00:00+00:00
[2026-10-01T09:45:17.638+0000] {processor.py:208} INFO - Processing /opt/airflow/dags/dbt_pipeline.py took 0.108 seconds
[2026-10-01T09:45:47.925+0000] {processor.py:186} INFO - Started process (PID=2311) to work on /opt/airflow/dags/dbt_pipeline.py
[2026-10-01T09:45:47.926+0000] {processor.py:914} INFO - Processing file /opt/airflow/dags/dbt_pipeline.py for tasks to queue
[2026-10-01T09:45:47.928+0000] {logging_mixin.py:190} INFO - [2026-10-01T09:45:47.928+0000] {dagbag.py:588} INFO - Filling up the DagBag from /opt/airflow/dags/dbt_pipeline.py
[2026-10-01T09:45:47.948+0000] {processor.py:925} INFO - DAG(s) 'my_data_pipeline' retrieved from /opt/airflow/dags/dbt_pipeline.py
[2026-10-01T09:45:47.975+0000] {logging_mixin.py:190} INFO - [2026-10-01T09:45:47.975+0000] {dag.py:3239} INFO - Sync 1 DAGs
[2026-10-01T09:45:47.995+0000] {logging_mixin.py:190} INFO - [2026-10-01T09:45:47.995+0000] {dag.py:4180} INFO - Setting next_dagrun for my_data_pipeline to 2026-09-30 10:00:00+00:00, run_after=2026-10-01 10:00:00+00:00
[2026-10-01T09:45:48.021+0000] {processor.py:208} INFO - Processing /opt/airflow/dags/dbt_pipeline.py took 0.102 seconds
[2026-10-01T09:46:18.444+0000] {processor.py:186} INFO - Started process (PID=2316) to work on /opt/airflow/dags/dbt_pipeline.py
[2026-10-01T09:46:18.445+0000] {processor.py:914} INFO - Processing file /opt/airflow/dags/dbt_pipeline.py for tasks to queue
[2026-10-01T09:46:18.447+0000] {logging_mixin.py:190} INFO - [2026-10-01T09:46:18.447+0000] {dagbag.py:588} INFO - Filling up the DagBag from /opt/airflow/dags/dbt_pipeline.py
[2026-10-01T09:46:18.469+0000] {processor.py:925} INFO - DAG(s) 'my_data_pipeline' retrieved from /opt/airflow/dags/dbt_pipeline.py
[2026-10-01T09:46:18.494+0000] {logging_mixin.py:190} INFO - [2026-10-01T09:46:18.494+0000] {dag.py:3239} INFO - Sync 1 DAGs
[2026-10-01T09:46:18.513+0000] {logging_mixin.py:190} INFO - [2026-10-01T09:46:18.513+0000] {dag.py:4180} INFO - Setting next_dagrun for my_data_pipeline to 2026-09-30 10:00:00+00:00, run_after=2026-10-01 10:00:00+00:00
[2026-10-01T09:46:18.539+0000] {processor.py:208} INFO - Processing /opt/airflow/dags/dbt_pipeline.py took 0.100 seconds
[2026-10-01T09:46:48.869+0000] {processor.py:186} INFO - Started process (PID=2321) to work on /opt/airflow/dags/dbt_pipeline.py
[2026-10-01T09:46:48.870+0000] {processor.py:914} INFO - Processing file /opt/airflow/dags/dbt_pipeline.py for tasks to queue
[2026-10-01T09:46:48.873+0000] {logging_mixin.py:190} INFO - [2026-10-01T09:46:48.872+0000] {dagbag.py:588} INFO - Filling up the DagBag from /opt/airflow/dags/dbt_pipeline.py
[2026-10-01T09:46:48.894+0000] {processor.py:925} INFO - DAG(s) 'my_data_pipeline' retrieved from /opt/airflow/dags/dbt_pipeline.py
[2026-10-01T09:46:48.928+0000] {logging_mixin.py:190} INFO - [2026-10-01T09:46:48.928+0000] {dag.py:3239} INFO - Sync 1 DAGs
[2026-10-01T09:46:48.947+0000] {logging_mixin.py:190} INFO - [2026-10-01T09:46:48.946+0000] {dag.py:4180} INFO - Setting next_dagrun for my_data_pipeline to 2026-09-30 10:00:00+00:00, run_after=2026-10-01 10:00:00+00:00
[2026-10-01T09:46:48.968+0000] {processor.py:208} INFO - Processing /opt/airflow/dags/dbt_pipeline.py took 0.103 seconds
[2026-10-01T09:47:19.303+0000] {processor.py:186} INFO - Started process (PID=2326) to work on /opt/airflow/dags/dbt_pipeline.py
[2026-10-01T09:47:19.305+0000] {processor.py:914} INFO - Processing file /opt/airflow/dags/dbt_pipeline.py for tasks to queue
[2026-10-01T09:47:19.307+0000] {logging_mixin.py:190} INFO - [2026-10-01T09:47:19.307+0000] {dagbag.py:588} INFO - Filling up the DagBag from /opt/airflow/dags/dbt_pipeline.py
[2026-10-01T09:47:19.334+0000] {processor.py:925} INFO - DAG(s) 'my_data_pipeline' retrieved from /opt/airflow/dags/dbt_pipeline.py
[2026-10-01T09:47:19.374+0000] {logging_mixin.py:190} INFO - [2026-10-01T09:47:19.374+0000] {dag.py:3239} INFO - Sync 1 DAGs
[2026-10-01T09:47:19.406+0000] {logging_mixin.py:190} INFO - [2026-10-01T09:47:19.406+0000] {dag.py:4180} INFO - Setting next_dagrun for my_data_pipeline to 2026-09-30 10:00:00+00:00, run_after=2026-10-01 10:00:00+00:00
[2026-10-01T09:47:19.439+0000] {processor.py:208} INFO - Processing /opt/airflow/dags/dbt_pipeline.py took 0.141 seconds
[2026-10-01T09:47:49.660+0000] {processor.py:186} INFO - Started process (PID=2331) to work on /opt/airflow/dags/dbt_pipeline.py
[2026-10-01T09:47:49.661+0000] {processor.py:914} INFO - Processing file /opt/airflow/dags/dbt_pipeline.py for tasks to queue
[2026-10-01T09:47:49.663+0000] {logging_mixin.py:190} INFO - [2026-10-01T09:47:49.663+0000] {dagbag.py:588} INFO - Filling up the DagBag from /opt/airflow/dags/dbt_pipeline.py
[2026-10-01T09:47:49.682+0000] {processor.py:925} INFO - DAG(s) 'my_data_pipeline' retrieved from /opt/airflow/dags/dbt_pipeline.py
[2026-10-01T09:47:49.709+0000] {logging_mixin.py:190} INFO - [2026-10-01T09:47:49.709+0000] {dag.py:3239} INFO - Sync 1 DAGs
[2026-10-01T09:47:49.729+0000] {logging_mixin.py:190} INFO - [2026-10-01T09:47:49.728+0000] {dag.py:4180} INFO - Setting next_dagrun for my_data_pipeline to 2026-09-30 10:00:00+00:00, run_after=2026-10-01 10:00:00+00:00
[2026-10-01T09:47:49.746+0000] {processor.py:208} INFO - Processing /opt/airflow/dags/dbt_pipeline.py took 0.091 seconds
[2026-10-01T09:48:20.008+0000] {processor.py:186} INFO - Started process (PID=2336) to work on /opt/airflow/dags/dbt_pipeline.py
[2026-10-01T09:48:20.009+0000] {processor.py:914} INFO - Processing file /opt/airflow/dags/dbt_pipeline.py for tasks to queue
[2026-10-01T09:48:20.012+0000] {logging_mixin.py:190} INFO - [2026-10-01T09:48:20.011+0000] {dagbag.py:588} INFO - Filling up the DagBag from /opt/airflow/dags/dbt_pipeline.py
[2026-10-01T09:48:20.031+0000] {processor.py:925} INFO - DAG(s) 'my_data_pipeline' retrieved from /opt/airflow/dags/dbt_pipeline.py
[2026-10-01T09:48:20.058+0000] {logging_mixin.py:190} INFO - [2026-10-01T09:48:20.058+0000] {dag.py:3239} INFO - Sync 1 DAGs
[2026-10-01T09:48:20.080+0000] {logging_mixin.py:190} INFO - [2026-10-01T09:48:20.080+0000] {dag.py:4180} INFO - Setting next_dagrun for my_data_pipeline to 2026-09-30 10:00:00+00:00, run_after=2026-10-01 10:00:00+00:00
[2026-10-01T09:48:20.109+0000] {processor.py:208} INFO - Processing /opt/airflow/dags/dbt_pipeline.py took 0.106 seconds
[2026-10-01T09:48:50.420+0000] {processor.py:186} INFO - Started process (PID=2341) to work on /opt/airflow/dags/dbt_pipeline.py
[2026-10-01T09:48:50.422+0000] {processor.py:914} INFO - Processing file /opt/airflow/dags/dbt_pipeline.py for tasks to queue
[2026-10-01T09:48:50.424+0000] {logging_mixin.py:190} INFO - [2026-10-01T09:48:50.424+0000] {dagbag.py:588} INFO - Filling up the DagBag from /opt/airflow/dags/dbt_pipeline.py
[2026-10-01T09:48:50.444+0000] {processor.py:925} INFO - DAG(s) 'my_data_pipeline' retrieved from /opt/airflow/dags/dbt_pipeline.py
[2026-10-01T09:48:50.474+0000] {logging_mixin.py:190} INFO - [2026-10-01T09:48:50.474+0000] {dag.py:3239} INFO - Sync 1 DAGs
[2026-10-01T09:48:50.497+0000] {logging_mixin.py:190} INFO - [2026-10-01T09:48:50.497+0000] {dag.py:4180} INFO - Setting next_dagrun for my_data_pipeline to 2026-09-30 10:00:00+00:00, run_after=2026-10-01 10:00:00+00:00
[2026-10-01T09:48:50.518+0000] {processor.py:208} INFO - Processing /opt/airflow/dags/dbt_pipeline.py took 0.102 seconds
[2026-10-01T09:49:20.795+0000] {processor.py:186} INFO - Started process (PID=2346) to work on /opt/airflow/dags/dbt_pipeline.py
[2026-10-01T09:49:20.797+0000] {processor.py:914} INFO - Processing file /opt/airflow/dags/dbt_pipeline.py for tasks to queue
[2026-10-01T09:49:20.799+0000] {logging_mixin.py:190} INFO - [2026-10-01T09:49:20.799+0000] {dagbag.py:588} INFO - Filling up the DagBag from /opt/airflow/dags/dbt_pipeline.py
[2026-10-01T09:49:20.827+0000] {processor.py:925} INFO - DAG(s) 'my_data_pipeline' retrieved from /opt/airflow/dags/dbt_pipeline.py
[2026-10-01T09:49:20.857+0000] {logging_mixin.py:190} INFO - [2026-10-01T09:49:20.857+0000] {dag.py:3239} INFO - Sync 1 DAGs
[2026-10-01T09:49:20.878+0000] {logging_mixin.py:190} INFO - [2026-10-01T09:49:20.878+0000] {dag.py:4180} INFO - Setting next_dagrun for my_data_pipeline to 2026-09-30 10:00:00+00:00, run_after=2026-10-01 10:00:00+00:00
[2026-10-01T09:49:20.898+0000] {processor.py:208} INFO - Processing /opt/airflow/dags/dbt_pipeline.py took 0.109 seconds
[2026-10-01T09:49:51.156+0000] {processor.py:186} INFO - Started process (PID=2351) to work on /opt/airflow/dags/dbt_pipeline.py
[2026-10-01T09:49:51.160+0000] {processor.py:914} INFO - Processing file /opt/airflow/dags/dbt_pipeline.py for tasks to queue
[2026-10-01T09:49:51.165+0000] {logging_mixin.py:190} INFO - [2026-10-01T09:49:51.164+0000] {dagbag.py:588} INFO - Filling up the DagBag from /opt/airflow/dags/dbt_pipeline.py
[2026-10-01T09:49:51.197+0000] {processor.py:925} INFO - DAG(s) 'my_data_pipeline' retrieved from /opt/airflow/dags/dbt_pipeline.py
[2026-10-01T09:49:51.236+0000] {logging_mixin.py:190} INFO - [2026-10-01T09:49:51.235+0000] {dag.py:3239} INFO - Sync 1 DAGs
[2026-10-01T09:49:51.266+0000] {logging_mixin.py:190} INFO - [2026-10-01T09:49:51.266+0000] {dag.py:4180} INFO - Setting next_dagrun for my_data_pipeline to 2026-09-30 10:00:00+00:00, run_after=2026-10-01 10:00:00+00:00
[2026-10-01T09:49:51.286+0000] {processor.py:208} INFO - Processing /opt/airflow/dags/dbt_pipeline.py took 0.143 seconds
[2026-10-01T09:50:21.567+0000] {processor.py:186} INFO - Started process (PID=2356) to work on /opt/airflow/dags/dbt_pipeline.py
[2026-10-01T09:50:21.568+0000] {processor.py:914} INFO - Processing file /opt/airflow/dags/dbt_pipeline.py for tasks to queue
[2026-10-01T09:50:21.576+0000] {logging_mixin.py:190} INFO - [2026-10-01T09:50:21.570+0000] {dagbag.py:588} INFO - Filling up the DagBag from /opt/airflow/dags/dbt_pipeline.py
[2026-10-01T09:50:21.600+0000] {processor.py:925} INFO - DAG(s) 'my_data_pipeline' retrieved from /opt/airflow/dags/dbt_pipeline.py
[2026-10-01T09:50:21.630+0000] {logging_mixin.py:190} INFO - [2026-10-01T09:50:21.629+0000] {dag.py:3239} INFO - Sync 1 DAGs
[2026-10-01T09:50:21.654+0000] {logging_mixin.py:190} INFO - [2026-10-01T09:50:21.653+0000] {dag.py:4180} INFO - Setting next_dagrun for my_data_pipeline to 2026-09-30 10:00:00+00:00, run_after=2026-10-01 10:00:00+00:00
[2026-10-01T09:50:21.673+0000] {processor.py:208} INFO - Processing /opt/airflow/dags/dbt_pipeline.py took 0.112 seconds
[2026-10-01T09:50:51.957+0000] {processor.py:186} INFO - Started process (PID=2361) to work on /opt/airflow/dags/dbt_pipeline.py
[2026-10-01T09:50:51.958+0000] {processor.py:914} INFO - Processing file /opt/airflow/dags/dbt_pipeline.py for tasks to queue
[2026-10-01T09:50:51.961+0000] {logging_mixin.py:190} INFO - [2026-10-01T09:50:51.960+0000] {dagbag.py:588} INFO - Filling up the DagBag from /opt/airflow/dags/dbt_pipeline.py
[2026-10-01T09:50:51.983+0000] {processor.py:925} INFO - DAG(s) 'my_data_pipeline' retrieved from /opt/airflow/dags/dbt_pipeline.py
[2026-10-01T09:50:52.008+0000] {logging_mixin.py:190} INFO - [2026-10-01T09:50:52.008+0000] {dag.py:3239} INFO - Sync 1 DAGs
[2026-10-01T09:50:52.027+0000] {logging_mixin.py:190} INFO - [2026-10-01T09:50:52.027+0000] {dag.py:4180} INFO - Setting next_dagrun for my_data_pipeline to 2026-09-30 10:00:00+00:00, run_after=2026-10-01 10:00:00+00:00
[2026-10-01T09:50:52.053+0000] {processor.py:208} INFO - Processing /opt/airflow/dags/dbt_pipeline.py took 0.102 seconds
[2026-10-01T09:51:22.316+0000] {processor.py:186} INFO - Started process (PID=2366) to work on /opt/airflow/dags/dbt_pipeline.py
[2026-10-01T09:51:22.318+0000] {processor.py:914} INFO - Processing file /opt/airflow/dags/dbt_pipeline.py for tasks to queue
[2026-10-01T09:51:22.321+0000] {logging_mixin.py:190} INFO - [2026-10-01T09:51:22.321+0000] {dagbag.py:588} INFO - Filling up the DagBag from /opt/airflow/dags/dbt_pipeline.py
[2026-10-01T09:51:22.357+0000] {processor.py:925} INFO - DAG(s) 'my_data_pipeline' retrieved from /opt/airflow/dags/dbt_pipeline.py
[2026-10-01T09:51:22.389+0000] {logging_mixin.py:190} INFO - [2026-10-01T09:51:22.389+0000] {dag.py:3239} INFO - Sync 1 DAGs
[2026-10-01T09:51:22.416+0000] {logging_mixin.py:190} INFO - [2026-10-01T09:51:22.416+0000] {dag.py:4180} INFO - Setting next_dagrun for my_data_pipeline to 2026-09-30 10:00:00+00:00, run_after=2026-10-01 10:00:00+00:00
[2026-10-01T09:51:22.436+0000] {processor.py:208} INFO - Processing /opt/airflow/dags/dbt_pipeline.py took 0.126 seconds
[2026-10-01T09:51:52.697+0000] {processor.py:186} INFO - Started process (PID=2371) to work on /opt/airflow/dags/dbt_pipeline.py
[2026-10-01T09:51:52.698+0000] {processor.py:914} INFO - Processing file /opt/airflow/dags/dbt_pipeline.py for tasks to queue
[2026-10-01T09:51:52.700+0000] {logging_mixin.py:190} INFO - [2026-10-01T09:51:52.700+0000] {dagbag.py:588} INFO - Filling up the DagBag from /opt/airflow/dags/dbt_pipeline.py
[2026-10-01T09:51:52.722+0000] {processor.py:925} INFO - DAG(s) 'my_data_pipeline' retrieved from /opt/airflow/dags/dbt_pipeline.py
[2026-10-01T09:51:52.751+0000] {logging_mixin.py:190} INFO - [2026-10-01T09:51:52.750+0000] {dag.py:3239} INFO - Sync 1 DAGs
[2026-10-01T09:51:52.772+0000] {logging_mixin.py:190} INFO - [2026-10-01T09:51:52.772+0000] {dag.py:4180} INFO - Setting next_dagrun for my_data_pipeline to 2026-09-30 10:00:00+00:00, run_after=2026-10-01 10:00:00+00:00
[2026-10-01T09:51:52.811+0000] {processor.py:208} INFO - Processing /opt/airflow/dags/dbt_pipeline.py took 0.122 seconds
[2026-10-01T09:52:23.006+0000] {processor.py:186} INFO - Started process (PID=2376) to work on /opt/airflow/dags/dbt_pipeline.py
[2026-10-01T09:52:23.007+0000] {processor.py:914} INFO - Processing file /opt/airflow/dags/dbt_pipeline.py for tasks to queue
[2026-10-01T09:52:23.014+0000] {logging_mixin.py:190} INFO - [2026-10-01T09:52:23.014+0000] {dagbag.py:588} INFO - Filling up the DagBag from /opt/airflow/dags/dbt_pipeline.py
[2026-10-01T09:52:23.052+0000] {processor.py:925} INFO - DAG(s) 'my_data_pipeline' retrieved from /opt/airflow/dags/dbt_pipeline.py
[2026-10-01T09:52:23.104+0000] {logging_mixin.py:190} INFO - [2026-10-01T09:52:23.103+0000] {dag.py:3239} INFO - Sync 1 DAGs
[2026-10-01T09:52:23.164+0000] {logging_mixin.py:190} INFO - [2026-10-01T09:52:23.164+0000] {dag.py:4180} INFO - Setting next_dagrun for my_data_pipeline to 2026-09-30 10:00:00+00:00, run_after=2026-10-01 10:00:00+00:00
[2026-10-01T09:52:23.219+0000] {processor.py:208} INFO - Processing /opt/airflow/dags/dbt_pipeline.py took 0.221 seconds
[2026-10-01T09:52:53.404+0000] {processor.py:186} INFO - Started process (PID=2381) to work on /opt/airflow/dags/dbt_pipeline.py
[2026-10-01T09:52:53.406+0000] {processor.py:914} INFO - Processing file /opt/airflow/dags/dbt_pipeline.py for tasks to queue
[2026-10-01T09:52:53.408+0000] {logging_mixin.py:190} INFO - [2026-10-01T09:52:53.407+0000] {dagbag.py:588} INFO - Filling up the DagBag from /opt/airflow/dags/dbt_pipeline.py
[2026-10-01T09:52:53.428+0000] {processor.py:925} INFO - DAG(s) 'my_data_pipeline' retrieved from /opt/airflow/dags/dbt_pipeline.py
[2026-10-01T09:52:53.455+0000] {logging_mixin.py:190} INFO - [2026-10-01T09:52:53.455+0000] {dag.py:3239} INFO - Sync 1 DAGs
[2026-10-01T09:52:53.476+0000] {logging_mixin.py:190} INFO - [2026-10-01T09:52:53.476+0000] {dag.py:4180} INFO - Setting next_dagrun for my_data_pipeline to 2026-09-30 10:00:00+00:00, run_after=2026-10-01 10:00:00+00:00
[2026-10-01T09:52:53.497+0000] {processor.py:208} INFO - Processing /opt/airflow/dags/dbt_pipeline.py took 0.098 seconds
[2026-10-01T09:53:23.804+0000] {processor.py:186} INFO - Started process (PID=2386) to work on /opt/airflow/dags/dbt_pipeline.py
[2026-10-01T09:53:23.805+0000] {processor.py:914} INFO - Processing file /opt/airflow/dags/dbt_pipeline.py for tasks to queue
[2026-10-01T09:53:23.807+0000] {logging_mixin.py:190} INFO - [2026-10-01T09:53:23.807+0000] {dagbag.py:588} INFO - Filling up the DagBag from /opt/airflow/dags/dbt_pipeline.py
[2026-10-01T09:53:23.830+0000] {processor.py:925} INFO - DAG(s) 'my_data_pipeline' retrieved from /opt/airflow/dags/dbt_pipeline.py
[2026-10-01T09:53:23.856+0000] {logging_mixin.py:190} INFO - [2026-10-01T09:53:23.856+0000] {dag.py:3239} INFO - Sync 1 DAGs
[2026-10-01T09:53:23.876+0000] {logging_mixin.py:190} INFO - [2026-10-01T09:53:23.876+0000] {dag.py:4180} INFO - Setting next_dagrun for my_data_pipeline to 2026-09-30 10:00:00+00:00, run_after=2026-10-01 10:00:00+00:00
[2026-10-01T09:53:23.894+0000] {processor.py:208} INFO - Processing /opt/airflow/dags/dbt_pipeline.py took 0.096 seconds
[2026-10-01T09:53:54.179+0000] {processor.py:186} INFO - Started process (PID=2391) to work on /opt/airflow/dags/dbt_pipeline.py
[2026-10-01T09:53:54.180+0000] {processor.py:914} INFO - Processing file /opt/airflow/dags/dbt_pipeline.py for tasks to queue
[2026-10-01T09:53:54.182+0000] {logging_mixin.py:190} INFO - [2026-10-01T09:53:54.182+0000] {dagbag.py:588} INFO - Filling up the DagBag from /opt/airflow/dags/dbt_pipeline.py
[2026-10-01T09:53:54.206+0000] {processor.py:925} INFO - DAG(s) 'my_data_pipeline' retrieved from /opt/airflow/dags/dbt_pipeline.py
[2026-10-01T09:53:54.233+0000] {logging_mixin.py:190} INFO - [2026-10-01T09:53:54.233+0000] {dag.py:3239} INFO - Sync 1 DAGs
[2026-10-01T09:53:54.254+0000] {logging_mixin.py:190} INFO - [2026-10-01T09:53:54.253+0000] {dag.py:4180} INFO - Setting next_dagrun for my_data_pipeline to 2026-09-30 10:00:00+00:00, run_after=2026-10-01 10:00:00+00:00
[2026-10-01T09:53:54.283+0000] {processor.py:208} INFO - Processing /opt/airflow/dags/dbt_pipeline.py took 0.109 seconds
[2026-10-01T09:54:24.604+0000] {processor.py:186} INFO - Started process (PID=2396) to work on /opt/airflow/dags/dbt_pipeline.py
[2026-10-01T09:54:24.605+0000] {processor.py:914} INFO - Processing file /opt/airflow/dags/dbt_pipeline.py for tasks to queue
[2026-10-01T09:54:24.607+0000] {logging_mixin.py:190} INFO - [2026-10-01T09:54:24.607+0000] {dagbag.py:588} INFO - Filling up the DagBag from /opt/airflow/dags/dbt_pipeline.py
[2026-10-01T09:54:24.630+0000] {processor.py:925} INFO - DAG(s) 'my_data_pipeline' retrieved from /opt/airflow/dags/dbt_pipeline.py
[2026-10-01T09:54:24.655+0000] {logging_mixin.py:190} INFO - [2026-10-01T09:54:24.655+0000] {dag.py:3239} INFO - Sync 1 DAGs
[2026-10-01T09:54:24.675+0000] {logging_mixin.py:190} INFO - [2026-10-01T09:54:24.675+0000] {dag.py:4180} INFO - Setting next_dagrun for my_data_pipeline to 2026-09-30 10:00:00+00:00, run_after=2026-10-01 10:00:00+00:00
[2026-10-01T09:54:24.701+0000] {processor.py:208} INFO - Processing /opt/airflow/dags/dbt_pipeline.py took 0.102 seconds
[2026-10-01T09:54:54.953+0000] {processor.py:186} INFO - Started process (PID=2401) to work on /opt/airflow/dags/dbt_pipeline.py
[2026-10-01T09:54:54.954+0000] {processor.py:914} INFO - Processing file /opt/airflow/dags/dbt_pipeline.py for tasks to queue
[2026-10-01T09:54:54.957+0000] {logging_mixin.py:190} INFO - [2026-10-01T09:54:54.957+0000] {dagbag.py:588} INFO - Filling up the DagBag from /opt/airflow/dags/dbt_pipeline.py
[2026-10-01T09:54:54.981+0000] {processor.py:925} INFO - DAG(s) 'my_data_pipeline' retrieved from /opt/airflow/dags/dbt_pipeline.py
[2026-10-01T09:54:55.010+0000] {logging_mixin.py:190} INFO - [2026-10-01T09:54:55.010+0000] {dag.py:3239} INFO - Sync 1 DAGs
[2026-10-01T09:54:55.032+0000] {logging_mixin.py:190} INFO - [2026-10-01T09:54:55.032+0000] {dag.py:4180} INFO - Setting next_dagrun for my_data_pipeline to 2026-09-30 10:00:00+00:00, run_after=2026-10-01 10:00:00+00:00
[2026-10-01T09:54:55.053+0000] {processor.py:208} INFO - Processing /opt/airflow/dags/dbt_pipeline.py took 0.106 seconds
[2026-10-01T09:55:25.287+0000] {processor.py:186} INFO - Started process (PID=2406) to work on /opt/airflow/dags/dbt_pipeline.py
[2026-10-01T09:55:25.289+0000] {processor.py:914} INFO - Processing file /opt/airflow/dags/dbt_pipeline.py for tasks to queue
[2026-10-01T09:55:25.291+0000] {logging_mixin.py:190} INFO - [2026-10-01T09:55:25.291+0000] {dagbag.py:588} INFO - Filling up the DagBag from /opt/airflow/dags/dbt_pipeline.py
[2026-10-01T09:55:25.316+0000] {processor.py:925} INFO - DAG(s) 'my_data_pipeline' retrieved from /opt/airflow/dags/dbt_pipeline.py
[2026-10-01T09:55:25.349+0000] {logging_mixin.py:190} INFO - [2026-10-01T09:55:25.349+0000] {dag.py:3239} INFO - Sync 1 DAGs
[2026-10-01T09:55:25.373+0000] {logging_mixin.py:190} INFO - [2026-10-01T09:55:25.373+0000] {dag.py:4180} INFO - Setting next_dagrun for my_data_pipeline to 2026-09-30 10:00:00+00:00, run_after=2026-10-01 10:00:00+00:00
[2026-10-01T09:55:25.396+0000] {processor.py:208} INFO - Processing /opt/airflow/dags/dbt_pipeline.py took 0.116 seconds
[2026-10-01T09:55:55.629+0000] {processor.py:186} INFO - Started process (PID=2411) to work on /opt/airflow/dags/dbt_pipeline.py
[2026-10-01T09:55:55.630+0000] {processor.py:914} INFO - Processing file /opt/airflow/dags/dbt_pipeline.py for tasks to queue
[2026-10-01T09:55:55.633+0000] {logging_mixin.py:190} INFO - [2026-10-01T09:55:55.633+0000] {dagbag.py:588} INFO - Filling up the DagBag from /opt/airflow/dags/dbt_pipeline.py
[2026-10-01T09:55:55.657+0000] {processor.py:925} INFO - DAG(s) 'my_data_pipeline' retrieved from /opt/airflow/dags/dbt_pipeline.py
[2026-10-01T09:55:55.688+0000] {logging_mixin.py:190} INFO - [2026-10-01T09:55:55.688+0000] {dag.py:3239} INFO - Sync 1 DAGs
[2026-10-01T09:55:55.710+0000] {logging_mixin.py:190} INFO - [2026-10-01T09:55:55.710+0000] {dag.py:4180} INFO - Setting next_dagrun for my_data_pipeline to 2026-09-30 10:00:00+00:00, run_after=2026-10-01 10:00:00+00:00
[2026-10-01T09:55:55.734+0000] {processor.py:208} INFO - Processing /opt/airflow/dags/dbt_pipeline.py took 0.110 seconds
[2026-10-01T09:56:26.010+0000] {processor.py:186} INFO - Started process (PID=2416) to work on /opt/airflow/dags/dbt_pipeline.py
[2026-10-01T09:56:26.012+0000] {processor.py:914} INFO - Processing file /opt/airflow/dags/dbt_pipeline.py for tasks to queue
[2026-10-01T09:56:26.014+0000] {logging_mixin.py:190} INFO - [2026-10-01T09:56:26.014+0000] {dagbag.py:588} INFO - Filling up the DagBag from /opt/airflow/dags/dbt_pipeline.py
[2026-10-01T09:56:26.035+0000] {processor.py:925} INFO - DAG(s) 'my_data_pipeline' retrieved from /opt/airflow/dags/dbt_pipeline.py
[2026-10-01T09:56:26.060+0000] {logging_mixin.py:190} INFO - [2026-10-01T09:56:26.060+0000] {dag.py:3239} INFO - Sync 1 DAGs
[2026-10-01T09:56:26.079+0000] {logging_mixin.py:190} INFO - [2026-10-01T09:56:26.079+0000] {dag.py:4180} INFO - Setting next_dagrun for my_data_pipeline to 2026-09-30 10:00:00+00:00, run_after=2026-10-01 10:00:00+00:00
[2026-10-01T09:56:26.099+0000] {processor.py:208} INFO - Processing /opt/airflow/dags/dbt_pipeline.py took 0.093 seconds
[2026-10-01T09:56:56.336+0000] {processor.py:186} INFO - Started process (PID=2421) to work on /opt/airflow/dags/dbt_pipeline.py
[2026-10-01T09:56:56.337+0000] {processor.py:914} INFO - Processing file /opt/airflow/dags/dbt_pipeline.py for tasks to queue
[2026-10-01T09:56:56.340+0000] {logging_mixin.py:190} INFO - [2026-10-01T09:56:56.339+0000] {dagbag.py:588} INFO - Filling up the DagBag from /opt/airflow/dags/dbt_pipeline.py
[2026-10-01T09:56:56.360+0000] {processor.py:925} INFO - DAG(s) 'my_data_pipeline' retrieved from /opt/airflow/dags/dbt_pipeline.py
[2026-10-01T09:56:56.387+0000] {logging_mixin.py:190} INFO - [2026-10-01T09:56:56.386+0000] {dag.py:3239} INFO - Sync 1 DAGs
[2026-10-01T09:56:56.407+0000] {logging_mixin.py:190} INFO - [2026-10-01T09:56:56.407+0000] {dag.py:4180} INFO - Setting next_dagrun for my_data_pipeline to 2026-09-30 10:00:00+00:00, run_after=2026-10-01 10:00:00+00:00
[2026-10-01T09:56:56.443+0000] {processor.py:208} INFO - Processing /opt/airflow/dags/dbt_pipeline.py took 0.112 seconds
[2026-10-01T09:57:26.671+0000] {processor.py:186} INFO - Started process (PID=2426) to work on /opt/airflow/dags/dbt_pipeline.py
[2026-10-01T09:57:26.673+0000] {processor.py:914} INFO - Processing file /opt/airflow/dags/dbt_pipeline.py for tasks to queue
[2026-10-01T09:57:26.675+0000] {logging_mixin.py:190} INFO - [2026-10-01T09:57:26.675+0000] {dagbag.py:588} INFO - Filling up the DagBag from /opt/airflow/dags/dbt_pipeline.py
[2026-10-01T09:57:26.698+0000] {processor.py:925} INFO - DAG(s) 'my_data_pipeline' retrieved from /opt/airflow/dags/dbt_pipeline.py
[2026-10-01T09:57:26.725+0000] {logging_mixin.py:190} INFO - [2026-10-01T09:57:26.725+0000] {dag.py:3239} INFO - Sync 1 DAGs
[2026-10-01T09:57:26.745+0000] {logging_mixin.py:190} INFO - [2026-10-01T09:57:26.745+0000] {dag.py:4180} INFO - Setting next_dagrun for my_data_pipeline to 2026-09-30 10:00:00+00:00, run_after=2026-10-01 10:00:00+00:00
[2026-10-01T09:57:26.771+0000] {processor.py:208} INFO - Processing /opt/airflow/dags/dbt_pipeline.py took 0.104 seconds
[2026-10-01T09:57:57.068+0000] {processor.py:186} INFO - Started process (PID=2431) to work on /opt/airflow/dags/dbt_pipeline.py
[2026-10-01T09:57:57.070+0000] {processor.py:914} INFO - Processing file /opt/airflow/dags/dbt_pipeline.py for tasks to queue
[2026-10-01T09:57:57.072+0000] {logging_mixin.py:190} INFO - [2026-10-01T09:57:57.071+0000] {dagbag.py:588} INFO - Filling up the DagBag from /opt/airflow/dags/dbt_pipeline.py
[2026-10-01T09:57:57.093+0000] {processor.py:925} INFO - DAG(s) 'my_data_pipeline' retrieved from /opt/airflow/dags/dbt_pipeline.py
[2026-10-01T09:57:57.118+0000] {logging_mixin.py:190} INFO - [2026-10-01T09:57:57.118+0000] {dag.py:3239} INFO - Sync 1 DAGs
[2026-10-01T09:57:57.137+0000] {logging_mixin.py:190} INFO - [2026-10-01T09:57:57.137+0000] {dag.py:4180} INFO - Setting next_dagrun for my_data_pipeline to 2026-09-30 10:00:00+00:00, run_after=2026-10-01 10:00:00+00:00
[2026-10-01T09:57:57.155+0000] {processor.py:208} INFO - Processing /opt/airflow/dags/dbt_pipeline.py took 0.092 seconds
[2026-10-01T09:58:27.448+0000] {processor.py:186} INFO - Started process (PID=2436) to work on /opt/airflow/dags/dbt_pipeline.py
[2026-10-01T09:58:27.449+0000] {processor.py:914} INFO - Processing file /opt/airflow/dags/dbt_pipeline.py for tasks to queue
[2026-10-01T09:58:27.451+0000] {logging_mixin.py:190} INFO - [2026-10-01T09:58:27.451+0000] {dagbag.py:588} INFO - Filling up the DagBag from /opt/airflow/dags/dbt_pipeline.py
[2026-10-01T09:58:27.472+0000] {processor.py:925} INFO - DAG(s) 'my_data_pipeline' retrieved from /opt/airflow/dags/dbt_pipeline.py
[2026-10-01T09:58:27.498+0000] {logging_mixin.py:190} INFO - [2026-10-01T09:58:27.498+0000] {dag.py:3239} INFO - Sync 1 DAGs
[2026-10-01T09:58:27.517+0000] {logging_mixin.py:190} INFO - [2026-10-01T09:58:27.516+0000] {dag.py:4180} INFO - Setting next_dagrun for my_data_pipeline to 2026-09-30 10:00:00+00:00, run_after=2026-10-01 10:00:00+00:00
[2026-10-01T09:58:27.535+0000] {processor.py:208} INFO - Processing /opt/airflow/dags/dbt_pipeline.py took 0.092 seconds
[2026-10-01T09:58:57.839+0000] {processor.py:186} INFO - Started process (PID=2441) to work on /opt/airflow/dags/dbt_pipeline.py
[2026-10-01T09:58:57.841+0000] {processor.py:914} INFO - Processing file /opt/airflow/dags/dbt_pipeline.py for tasks to queue
[2026-10-01T09:58:57.843+0000] {logging_mixin.py:190} INFO - [2026-10-01T09:58:57.842+0000] {dagbag.py:588} INFO - Filling up the DagBag from /opt/airflow/dags/dbt_pipeline.py
[2026-10-01T09:58:57.864+0000] {processor.py:925} INFO - DAG(s) 'my_data_pipeline' retrieved from /opt/airflow/dags/dbt_pipeline.py
[2026-10-01T09:58:57.890+0000] {logging_mixin.py:190} INFO - [2026-10-01T09:58:57.890+0000] {dag.py:3239} INFO - Sync 1 DAGs
[2026-10-01T09:58:57.910+0000] {logging_mixin.py:190} INFO - [2026-10-01T09:58:57.910+0000] {dag.py:4180} INFO - Setting next_dagrun for my_data_pipeline to 2026-09-30 10:00:00+00:00, run_after=2026-10-01 10:00:00+00:00
[2026-10-01T09:58:57.936+0000] {processor.py:208} INFO - Processing /opt/airflow/dags/dbt_pipeline.py took 0.102 seconds
[2026-10-01T09:59:28.191+0000] {processor.py:186} INFO - Started process (PID=2446) to work on /opt/airflow/dags/dbt_pipeline.py
[2026-10-01T09:59:28.193+0000] {processor.py:914} INFO - Processing file /opt/airflow/dags/dbt_pipeline.py for tasks to queue
[2026-10-01T09:59:28.195+0000] {logging_mixin.py:190} INFO - [2026-10-01T09:59:28.195+0000] {dagbag.py:588} INFO - Filling up the DagBag from /opt/airflow/dags/dbt_pipeline.py
[2026-10-01T09:59:28.217+0000] {processor.py:925} INFO - DAG(s) 'my_data_pipeline' retrieved from /opt/airflow/dags/dbt_pipeline.py
[2026-10-01T09:59:28.245+0000] {logging_mixin.py:190} INFO - [2026-10-01T09:59:28.245+0000] {dag.py:3239} INFO - Sync 1 DAGs
[2026-10-01T09:59:28.272+0000] {logging_mixin.py:190} INFO - [2026-10-01T09:59:28.267+0000] {dag.py:4180} INFO - Setting next_dagrun for my_data_pipeline to 2026-09-30 10:00:00+00:00, run_after=2026-10-01 10:00:00+00:00
[2026-10-01T09:59:28.293+0000] {processor.py:208} INFO - Processing /opt/airflow/dags/dbt_pipeline.py took 0.106 seconds
[2026-10-01T09:59:58.608+0000] {processor.py:186} INFO - Started process (PID=2451) to work on /opt/airflow/dags/dbt_pipeline.py
[2026-10-01T09:59:58.609+0000] {processor.py:914} INFO - Processing file /opt/airflow/dags/dbt_pipeline.py for tasks to queue
[2026-10-01T09:59:58.612+0000] {logging_mixin.py:190} INFO - [2026-10-01T09:59:58.612+0000] {dagbag.py:588} INFO - Filling up the DagBag from /opt/airflow/dags/dbt_pipeline.py
[2026-10-01T09:59:58.637+0000] {processor.py:925} INFO - DAG(s) 'my_data_pipeline' retrieved from /opt/airflow/dags/dbt_pipeline.py
[2026-10-01T09:59:58.668+0000] {logging_mixin.py:190} INFO - [2026-10-01T09:59:58.668+0000] {dag.py:3239} INFO - Sync 1 DAGs
[2026-10-01T09:59:58.690+0000] {logging_mixin.py:190} INFO - [2026-10-01T09:59:58.690+0000] {dag.py:4180} INFO - Setting next_dagrun for my_data_pipeline to 2026-09-30 10:00:00+00:00, run_after=2026-10-01 10:00:00+00:00
[2026-10-01T09:59:58.710+0000] {processor.py:208} INFO - Processing /opt/airflow/dags/dbt_pipeline.py took 0.107 seconds
[2026-10-01T10:00:28.995+0000] {processor.py:186} INFO - Started process (PID=2470) to work on /opt/airflow/dags/dbt_pipeline.py
[2026-10-01T10:00:28.996+0000] {processor.py:914} INFO - Processing file /opt/airflow/dags/dbt_pipeline.py for tasks to queue
[2026-10-01T10:00:28.998+0000] {logging_mixin.py:190} INFO - [2026-10-01T10:00:28.998+0000] {dagbag.py:588} INFO - Filling up the DagBag from /opt/airflow/dags/dbt_pipeline.py
[2026-10-01T10:00:29.021+0000] {processor.py:925} INFO - DAG(s) 'my_data_pipeline' retrieved from /opt/airflow/dags/dbt_pipeline.py
[2026-10-01T10:00:29.046+0000] {logging_mixin.py:190} INFO - [2026-10-01T10:00:29.046+0000] {dag.py:3239} INFO - Sync 1 DAGs
[2026-10-01T10:00:29.088+0000] {processor.py:208} INFO - Processing /opt/airflow/dags/dbt_pipeline.py took 0.097 seconds
[2026-10-01T10:00:59.355+0000] {processor.py:186} INFO - Started process (PID=2475) to work on /opt/airflow/dags/dbt_pipeline.py
[2026-10-01T10:00:59.357+0000] {processor.py:914} INFO - Processing file /opt/airflow/dags/dbt_pipeline.py for tasks to queue
[2026-10-01T10:00:59.359+0000] {logging_mixin.py:190} INFO - [2026-10-01T10:00:59.359+0000] {dagbag.py:588} INFO - Filling up the DagBag from /opt/airflow/dags/dbt_pipeline.py
[2026-10-01T10:00:59.381+0000] {processor.py:925} INFO - DAG(s) 'my_data_pipeline' retrieved from /opt/airflow/dags/dbt_pipeline.py
[2026-10-01T10:00:59.406+0000] {logging_mixin.py:190} INFO - [2026-10-01T10:00:59.406+0000] {dag.py:3239} INFO - Sync 1 DAGs
[2026-10-01T10:00:59.441+0000] {processor.py:208} INFO - Processing /opt/airflow/dags/dbt_pipeline.py took 0.091 seconds
[2026-10-01T10:01:29.720+0000] {processor.py:186} INFO - Started process (PID=2480) to work on /opt/airflow/dags/dbt_pipeline.py
[2026-10-01T10:01:29.721+0000] {processor.py:914} INFO - Processing file /opt/airflow/dags/dbt_pipeline.py for tasks to queue
[2026-10-01T10:01:29.724+0000] {logging_mixin.py:190} INFO - [2026-10-01T10:01:29.723+0000] {dagbag.py:588} INFO - Filling up the DagBag from /opt/airflow/dags/dbt_pipeline.py
[2026-10-01T10:01:29.746+0000] {processor.py:925} INFO - DAG(s) 'my_data_pipeline' retrieved from /opt/airflow/dags/dbt_pipeline.py
[2026-10-01T10:01:29.773+0000] {logging_mixin.py:190} INFO - [2026-10-01T10:01:29.773+0000] {dag.py:3239} INFO - Sync 1 DAGs
[2026-10-01T10:01:29.812+0000] {processor.py:208} INFO - Processing /opt/airflow/dags/dbt_pipeline.py took 0.096 seconds
[2026-10-01T10:02:00.045+0000] {processor.py:186} INFO - Started process (PID=2485) to work on /opt/airflow/dags/dbt_pipeline.py
[2026-10-01T10:02:00.046+0000] {processor.py:914} INFO - Processing file /opt/airflow/dags/dbt_pipeline.py for tasks to queue
[2026-10-01T10:02:00.048+0000] {logging_mixin.py:190} INFO - [2026-10-01T10:02:00.048+0000] {dagbag.py:588} INFO - Filling up the DagBag from /opt/airflow/dags/dbt_pipeline.py
[2026-10-01T10:02:00.070+0000] {processor.py:925} INFO - DAG(s) 'my_data_pipeline' retrieved from /opt/airflow/dags/dbt_pipeline.py
[2026-10-01T10:02:00.097+0000] {logging_mixin.py:190} INFO - [2026-10-01T10:02:00.097+0000] {dag.py:3239} INFO - Sync 1 DAGs
[2026-10-01T10:02:00.142+0000] {processor.py:208} INFO - Processing /opt/airflow/dags/dbt_pipeline.py took 0.102 seconds
[2026-10-01T10:02:30.413+0000] {processor.py:186} INFO - Started process (PID=2490) to work on /opt/airflow/dags/dbt_pipeline.py
[2026-10-01T10:02:30.419+0000] {processor.py:914} INFO - Processing file /opt/airflow/dags/dbt_pipeline.py for tasks to queue
[2026-10-01T10:02:30.422+0000] {logging_mixin.py:190} INFO - [2026-10-01T10:02:30.422+0000] {dagbag.py:588} INFO - Filling up the DagBag from /opt/airflow/dags/dbt_pipeline.py
[2026-10-01T10:02:30.447+0000] {processor.py:925} INFO - DAG(s) 'my_data_pipeline' retrieved from /opt/airflow/dags/dbt_pipeline.py
[2026-10-01T10:02:30.474+0000] {logging_mixin.py:190} INFO - [2026-10-01T10:02:30.474+0000] {dag.py:3239} INFO - Sync 1 DAGs
[2026-10-01T10:02:30.512+0000] {processor.py:208} INFO - Processing /opt/airflow/dags/dbt_pipeline.py took 0.104 seconds
[2026-10-01T10:03:00.769+0000] {processor.py:186} INFO - Started process (PID=2495) to work on /opt/airflow/dags/dbt_pipeline.py
[2026-10-01T10:03:00.770+0000] {processor.py:914} INFO - Processing file /opt/airflow/dags/dbt_pipeline.py for tasks to queue
[2026-10-01T10:03:00.772+0000] {logging_mixin.py:190} INFO - [2026-10-01T10:03:00.772+0000] {dagbag.py:588} INFO - Filling up the DagBag from /opt/airflow/dags/dbt_pipeline.py
[2026-10-01T10:03:00.792+0000] {processor.py:925} INFO - DAG(s) 'my_data_pipeline' retrieved from /opt/airflow/dags/dbt_pipeline.py
[2026-10-01T10:03:00.820+0000] {logging_mixin.py:190} INFO - [2026-10-01T10:03:00.820+0000] {dag.py:3239} INFO - Sync 1 DAGs
[2026-10-01T10:03:00.860+0000] {processor.py:208} INFO - Processing /opt/airflow/dags/dbt_pipeline.py took 0.095 seconds
[2026-10-01T10:03:31.068+0000] {processor.py:186} INFO - Started process (PID=2500) to work on /opt/airflow/dags/dbt_pipeline.py
[2026-10-01T10:03:31.069+0000] {processor.py:914} INFO - Processing file /opt/airflow/dags/dbt_pipeline.py for tasks to queue
[2026-10-01T10:03:31.071+0000] {logging_mixin.py:190} INFO - [2026-10-01T10:03:31.071+0000] {dagbag.py:588} INFO - Filling up the DagBag from /opt/airflow/dags/dbt_pipeline.py
[2026-10-01T10:03:31.091+0000] {processor.py:925} INFO - DAG(s) 'my_data_pipeline' retrieved from /opt/airflow/dags/dbt_pipeline.py
[2026-10-01T10:03:31.118+0000] {logging_mixin.py:190} INFO - [2026-10-01T10:03:31.118+0000] {dag.py:3239} INFO - Sync 1 DAGs
[2026-10-01T10:03:31.150+0000] {processor.py:208} INFO - Processing /opt/airflow/dags/dbt_pipeline.py took 0.087 seconds
[2026-10-01T10:04:01.449+0000] {processor.py:186} INFO - Started process (PID=2505) to work on /opt/airflow/dags/dbt_pipeline.py
[2026-10-01T10:04:01.451+0000] {processor.py:914} INFO - Processing file /opt/airflow/dags/dbt_pipeline.py for tasks to queue
[2026-10-01T10:04:01.453+0000] {logging_mixin.py:190} INFO - [2026-10-01T10:04:01.453+0000] {dagbag.py:588} INFO - Filling up the DagBag from /opt/airflow/dags/dbt_pipeline.py
[2026-10-01T10:04:01.475+0000] {processor.py:925} INFO - DAG(s) 'my_data_pipeline' retrieved from /opt/airflow/dags/dbt_pipeline.py
[2026-10-01T10:04:01.503+0000] {logging_mixin.py:190} INFO - [2026-10-01T10:04:01.503+0000] {dag.py:3239} INFO - Sync 1 DAGs
[2026-10-01T10:04:01.538+0000] {processor.py:208} INFO - Processing /opt/airflow/dags/dbt_pipeline.py took 0.094 seconds
[2026-10-01T10:04:31.770+0000] {processor.py:186} INFO - Started process (PID=2510) to work on /opt/airflow/dags/dbt_pipeline.py
[2026-10-01T10:04:31.771+0000] {processor.py:914} INFO - Processing file /opt/airflow/dags/dbt_pipeline.py for tasks to queue
[2026-10-01T10:04:31.773+0000] {logging_mixin.py:190} INFO - [2026-10-01T10:04:31.773+0000] {dagbag.py:588} INFO - Filling up the DagBag from /opt/airflow/dags/dbt_pipeline.py
[2026-10-01T10:04:31.795+0000] {processor.py:925} INFO - DAG(s) 'my_data_pipeline' retrieved from /opt/airflow/dags/dbt_pipeline.py
[2026-10-01T10:04:31.822+0000] {logging_mixin.py:190} INFO - [2026-10-01T10:04:31.822+0000] {dag.py:3239} INFO - Sync 1 DAGs
[2026-10-01T10:04:31.866+0000] {processor.py:208} INFO - Processing /opt/airflow/dags/dbt_pipeline.py took 0.102 seconds
[2026-10-01T10:05:02.067+0000] {processor.py:186} INFO - Started process (PID=2515) to work on /opt/airflow/dags/dbt_pipeline.py
[2026-10-01T10:05:02.068+0000] {processor.py:914} INFO - Processing file /opt/airflow/dags/dbt_pipeline.py for tasks to queue
[2026-10-01T10:05:02.070+0000] {logging_mixin.py:190} INFO - [2026-10-01T10:05:02.070+0000] {dagbag.py:588} INFO - Filling up the DagBag from /opt/airflow/dags/dbt_pipeline.py
[2026-10-01T10:05:02.092+0000] {processor.py:925} INFO - DAG(s) 'my_data_pipeline' retrieved from /opt/airflow/dags/dbt_pipeline.py
[2026-10-01T10:05:02.120+0000] {logging_mixin.py:190} INFO - [2026-10-01T10:05:02.120+0000] {dag.py:3239} INFO - Sync 1 DAGs
[2026-10-01T10:05:02.166+0000] {processor.py:208} INFO - Processing /opt/airflow/dags/dbt_pipeline.py took 0.104 seconds
[2026-10-01T10:05:32.473+0000] {processor.py:186} INFO - Started process (PID=2525) to work on /opt/airflow/dags/dbt_pipeline.py
[2026-10-01T10:05:32.475+0000] {processor.py:914} INFO - Processing file /opt/airflow/dags/dbt_pipeline.py for tasks to queue
[2026-10-01T10:05:32.477+0000] {logging_mixin.py:190} INFO - [2026-10-01T10:05:32.477+0000] {dagbag.py:588} INFO - Filling up the DagBag from /opt/airflow/dags/dbt_pipeline.py
[2026-10-01T10:05:32.498+0000] {processor.py:925} INFO - DAG(s) 'my_data_pipeline' retrieved from /opt/airflow/dags/dbt_pipeline.py
[2026-10-01T10:05:32.524+0000] {logging_mixin.py:190} INFO - [2026-10-01T10:05:32.524+0000] {dag.py:3239} INFO - Sync 1 DAGs
[2026-10-01T10:05:32.545+0000] {logging_mixin.py:190} INFO - [2026-10-01T10:05:32.545+0000] {dag.py:4180} INFO - Setting next_dagrun for my_data_pipeline to 2026-10-01 10:00:00+00:00, run_after=2026-10-02 10:00:00+00:00
[2026-10-01T10:05:32.563+0000] {processor.py:208} INFO - Processing /opt/airflow/dags/dbt_pipeline.py took 0.095 seconds
[2026-10-01T10:06:02.746+0000] {processor.py:186} INFO - Started process (PID=2530) to work on /opt/airflow/dags/dbt_pipeline.py
[2026-10-01T10:06:02.748+0000] {processor.py:914} INFO - Processing file /opt/airflow/dags/dbt_pipeline.py for tasks to queue
[2026-10-01T10:06:02.751+0000] {logging_mixin.py:190} INFO - [2026-10-01T10:06:02.750+0000] {dagbag.py:588} INFO - Filling up the DagBag from /opt/airflow/dags/dbt_pipeline.py
[2026-10-01T10:06:02.778+0000] {processor.py:925} INFO - DAG(s) 'my_data_pipeline' retrieved from /opt/airflow/dags/dbt_pipeline.py
[2026-10-01T10:06:02.809+0000] {logging_mixin.py:190} INFO - [2026-10-01T10:06:02.809+0000] {dag.py:3239} INFO - Sync 1 DAGs
[2026-10-01T10:06:02.835+0000] {logging_mixin.py:190} INFO - [2026-10-01T10:06:02.834+0000] {dag.py:4180} INFO - Setting next_dagrun for my_data_pipeline to 2026-10-01 10:00:00+00:00, run_after=2026-10-02 10:00:00+00:00
[2026-10-01T10:06:02.859+0000] {processor.py:208} INFO - Processing /opt/airflow/dags/dbt_pipeline.py took 0.119 seconds
[2026-10-01T10:06:33.031+0000] {processor.py:186} INFO - Started process (PID=2535) to work on /opt/airflow/dags/dbt_pipeline.py
[2026-10-01T10:06:33.033+0000] {processor.py:914} INFO - Processing file /opt/airflow/dags/dbt_pipeline.py for tasks to queue
[2026-10-01T10:06:33.037+0000] {logging_mixin.py:190} INFO - [2026-10-01T10:06:33.037+0000] {dagbag.py:588} INFO - Filling up the DagBag from /opt/airflow/dags/dbt_pipeline.py
[2026-10-01T10:06:33.064+0000] {processor.py:925} INFO - DAG(s) 'my_data_pipeline' retrieved from /opt/airflow/dags/dbt_pipeline.py
[2026-10-01T10:06:33.095+0000] {logging_mixin.py:190} INFO - [2026-10-01T10:06:33.094+0000] {dag.py:3239} INFO - Sync 1 DAGs
[2026-10-01T10:06:33.117+0000] {logging_mixin.py:190} INFO - [2026-10-01T10:06:33.117+0000] {dag.py:4180} INFO - Setting next_dagrun for my_data_pipeline to 2026-10-01 10:00:00+00:00, run_after=2026-10-02 10:00:00+00:00
[2026-10-01T10:06:33.141+0000] {processor.py:208} INFO - Processing /opt/airflow/dags/dbt_pipeline.py took 0.115 seconds
[2026-10-01T10:07:03.292+0000] {processor.py:186} INFO - Started process (PID=2540) to work on /opt/airflow/dags/dbt_pipeline.py
[2026-10-01T10:07:03.294+0000] {processor.py:914} INFO - Processing file /opt/airflow/dags/dbt_pipeline.py for tasks to queue
[2026-10-01T10:07:03.296+0000] {logging_mixin.py:190} INFO - [2026-10-01T10:07:03.296+0000] {dagbag.py:588} INFO - Filling up the DagBag from /opt/airflow/dags/dbt_pipeline.py
[2026-10-01T10:07:03.318+0000] {processor.py:925} INFO - DAG(s) 'my_data_pipeline' retrieved from /opt/airflow/dags/dbt_pipeline.py
[2026-10-01T10:07:03.352+0000] {logging_mixin.py:190} INFO - [2026-10-01T10:07:03.352+0000] {dag.py:3239} INFO - Sync 1 DAGs
[2026-10-01T10:07:03.374+0000] {logging_mixin.py:190} INFO - [2026-10-01T10:07:03.374+0000] {dag.py:4180} INFO - Setting next_dagrun for my_data_pipeline to 2026-10-01 10:00:00+00:00, run_after=2026-10-02 10:00:00+00:00
[2026-10-01T10:07:03.404+0000] {processor.py:208} INFO - Processing /opt/airflow/dags/dbt_pipeline.py took 0.117 seconds
[2026-10-01T10:07:33.588+0000] {processor.py:186} INFO - Started process (PID=2545) to work on /opt/airflow/dags/dbt_pipeline.py
[2026-10-01T10:07:33.590+0000] {processor.py:914} INFO - Processing file /opt/airflow/dags/dbt_pipeline.py for tasks to queue
[2026-10-01T10:07:33.594+0000] {logging_mixin.py:190} INFO - [2026-10-01T10:07:33.593+0000] {dagbag.py:588} INFO - Filling up the DagBag from /opt/airflow/dags/dbt_pipeline.py
[2026-10-01T10:07:33.619+0000] {processor.py:925} INFO - DAG(s) 'my_data_pipeline' retrieved from /opt/airflow/dags/dbt_pipeline.py
[2026-10-01T10:07:33.650+0000] {logging_mixin.py:190} INFO - [2026-10-01T10:07:33.650+0000] {dag.py:3239} INFO - Sync 1 DAGs
[2026-10-01T10:07:33.673+0000] {logging_mixin.py:190} INFO - [2026-10-01T10:07:33.673+0000] {dag.py:4180} INFO - Setting next_dagrun for my_data_pipeline to 2026-10-01 10:00:00+00:00, run_after=2026-10-02 10:00:00+00:00
[2026-10-01T10:07:33.700+0000] {processor.py:208} INFO - Processing /opt/airflow/dags/dbt_pipeline.py took 0.119 seconds
[2026-10-01T10:08:03.944+0000] {processor.py:186} INFO - Started process (PID=2550) to work on /opt/airflow/dags/dbt_pipeline.py
[2026-10-01T10:08:03.946+0000] {processor.py:914} INFO - Processing file /opt/airflow/dags/dbt_pipeline.py for tasks to queue
[2026-10-01T10:08:03.950+0000] {logging_mixin.py:190} INFO - [2026-10-01T10:08:03.950+0000] {dagbag.py:588} INFO - Filling up the DagBag from /opt/airflow/dags/dbt_pipeline.py
[2026-10-01T10:08:03.975+0000] {processor.py:925} INFO - DAG(s) 'my_data_pipeline' retrieved from /opt/airflow/dags/dbt_pipeline.py
[2026-10-01T10:08:04.007+0000] {logging_mixin.py:190} INFO - [2026-10-01T10:08:04.007+0000] {dag.py:3239} INFO - Sync 1 DAGs
[2026-10-01T10:08:04.035+0000] {logging_mixin.py:190} INFO - [2026-10-01T10:08:04.034+0000] {dag.py:4180} INFO - Setting next_dagrun for my_data_pipeline to 2026-10-01 10:00:00+00:00, run_after=2026-10-02 10:00:00+00:00
[2026-10-01T10:08:04.058+0000] {processor.py:208} INFO - Processing /opt/airflow/dags/dbt_pipeline.py took 0.119 seconds
[2026-10-01T10:08:34.284+0000] {processor.py:186} INFO - Started process (PID=2555) to work on /opt/airflow/dags/dbt_pipeline.py
[2026-10-01T10:08:34.285+0000] {processor.py:914} INFO - Processing file /opt/airflow/dags/dbt_pipeline.py for tasks to queue
[2026-10-01T10:08:34.287+0000] {logging_mixin.py:190} INFO - [2026-10-01T10:08:34.287+0000] {dagbag.py:588} INFO - Filling up the DagBag from /opt/airflow/dags/dbt_pipeline.py
[2026-10-01T10:08:34.307+0000] {processor.py:925} INFO - DAG(s) 'my_data_pipeline' retrieved from /opt/airflow/dags/dbt_pipeline.py
[2026-10-01T10:08:34.333+0000] {logging_mixin.py:190} INFO - [2026-10-01T10:08:34.333+0000] {dag.py:3239} INFO - Sync 1 DAGs
[2026-10-01T10:08:34.353+0000] {logging_mixin.py:190} INFO - [2026-10-01T10:08:34.353+0000] {dag.py:4180} INFO - Setting next_dagrun for my_data_pipeline to 2026-10-01 10:00:00+00:00, run_after=2026-10-02 10:00:00+00:00
[2026-10-01T10:08:34.371+0000] {processor.py:208} INFO - Processing /opt/airflow/dags/dbt_pipeline.py took 0.092 seconds
[2026-10-01T10:09:04.652+0000] {processor.py:186} INFO - Started process (PID=2560) to work on /opt/airflow/dags/dbt_pipeline.py
[2026-10-01T10:09:04.653+0000] {processor.py:914} INFO - Processing file /opt/airflow/dags/dbt_pipeline.py for tasks to queue
[2026-10-01T10:09:04.656+0000] {logging_mixin.py:190} INFO - [2026-10-01T10:09:04.656+0000] {dagbag.py:588} INFO - Filling up the DagBag from /opt/airflow/dags/dbt_pipeline.py
[2026-10-01T10:09:04.683+0000] {processor.py:925} INFO - DAG(s) 'my_data_pipeline' retrieved from /opt/airflow/dags/dbt_pipeline.py
[2026-10-01T10:09:04.714+0000] {logging_mixin.py:190} INFO - [2026-10-01T10:09:04.714+0000] {dag.py:3239} INFO - Sync 1 DAGs
[2026-10-01T10:09:04.738+0000] {logging_mixin.py:190} INFO - [2026-10-01T10:09:04.737+0000] {dag.py:4180} INFO - Setting next_dagrun for my_data_pipeline to 2026-10-01 10:00:00+00:00, run_after=2026-10-02 10:00:00+00:00
[2026-10-01T10:09:04.759+0000] {processor.py:208} INFO - Processing /opt/airflow/dags/dbt_pipeline.py took 0.113 seconds
[2026-10-01T10:09:34.890+0000] {processor.py:186} INFO - Started process (PID=2565) to work on /opt/airflow/dags/dbt_pipeline.py
[2026-10-01T10:09:34.892+0000] {processor.py:914} INFO - Processing file /opt/airflow/dags/dbt_pipeline.py for tasks to queue
[2026-10-01T10:09:34.894+0000] {logging_mixin.py:190} INFO - [2026-10-01T10:09:34.894+0000] {dagbag.py:588} INFO - Filling up the DagBag from /opt/airflow/dags/dbt_pipeline.py
[2026-10-01T10:09:34.918+0000] {processor.py:925} INFO - DAG(s) 'my_data_pipeline' retrieved from /opt/airflow/dags/dbt_pipeline.py
[2026-10-01T10:09:34.949+0000] {logging_mixin.py:190} INFO - [2026-10-01T10:09:34.949+0000] {dag.py:3239} INFO - Sync 1 DAGs
[2026-10-01T10:09:34.971+0000] {logging_mixin.py:190} INFO - [2026-10-01T10:09:34.971+0000] {dag.py:4180} INFO - Setting next_dagrun for my_data_pipeline to 2026-10-01 10:00:00+00:00, run_after=2026-10-02 10:00:00+00:00
[2026-10-01T10:09:35.000+0000] {processor.py:208} INFO - Processing /opt/airflow/dags/dbt_pipeline.py took 0.116 seconds
[2026-10-01T10:10:05.297+0000] {processor.py:186} INFO - Started process (PID=2570) to work on /opt/airflow/dags/dbt_pipeline.py
[2026-10-01T10:10:05.299+0000] {processor.py:914} INFO - Processing file /opt/airflow/dags/dbt_pipeline.py for tasks to queue
[2026-10-01T10:10:05.302+0000] {logging_mixin.py:190} INFO - [2026-10-01T10:10:05.301+0000] {dagbag.py:588} INFO - Filling up the DagBag from /opt/airflow/dags/dbt_pipeline.py
[2026-10-01T10:10:05.327+0000] {processor.py:925} INFO - DAG(s) 'my_data_pipeline' retrieved from /opt/airflow/dags/dbt_pipeline.py
[2026-10-01T10:10:05.358+0000] {logging_mixin.py:190} INFO - [2026-10-01T10:10:05.358+0000] {dag.py:3239} INFO - Sync 1 DAGs
[2026-10-01T10:10:05.380+0000] {logging_mixin.py:190} INFO - [2026-10-01T10:10:05.380+0000] {dag.py:4180} INFO - Setting next_dagrun for my_data_pipeline to 2026-10-01 10:00:00+00:00, run_after=2026-10-02 10:00:00+00:00
[2026-10-01T10:10:05.401+0000] {processor.py:208} INFO - Processing /opt/airflow/dags/dbt_pipeline.py took 0.109 seconds
[2026-10-01T10:10:35.705+0000] {processor.py:186} INFO - Started process (PID=2575) to work on /opt/airflow/dags/dbt_pipeline.py
[2026-10-01T10:10:35.706+0000] {processor.py:914} INFO - Processing file /opt/airflow/dags/dbt_pipeline.py for tasks to queue
[2026-10-01T10:10:35.709+0000] {logging_mixin.py:190} INFO - [2026-10-01T10:10:35.709+0000] {dagbag.py:588} INFO - Filling up the DagBag from /opt/airflow/dags/dbt_pipeline.py
[2026-10-01T10:10:35.734+0000] {processor.py:925} INFO - DAG(s) 'my_data_pipeline' retrieved from /opt/airflow/dags/dbt_pipeline.py
[2026-10-01T10:10:35.762+0000] {logging_mixin.py:190} INFO - [2026-10-01T10:10:35.762+0000] {dag.py:3239} INFO - Sync 1 DAGs
[2026-10-01T10:10:35.783+0000] {logging_mixin.py:190} INFO - [2026-10-01T10:10:35.783+0000] {dag.py:4180} INFO - Setting next_dagrun for my_data_pipeline to 2026-10-01 10:00:00+00:00, run_after=2026-10-02 10:00:00+00:00
[2026-10-01T10:10:35.803+0000] {processor.py:208} INFO - Processing /opt/airflow/dags/dbt_pipeline.py took 0.104 seconds
[2026-10-01T10:11:06.046+0000] {processor.py:186} INFO - Started process (PID=2580) to work on /opt/airflow/dags/dbt_pipeline.py
[2026-10-01T10:11:06.047+0000] {processor.py:914} INFO - Processing file /opt/airflow/dags/dbt_pipeline.py for tasks to queue
[2026-10-01T10:11:06.051+0000] {logging_mixin.py:190} INFO - [2026-10-01T10:11:06.050+0000] {dagbag.py:588} INFO - Filling up the DagBag from /opt/airflow/dags/dbt_pipeline.py
[2026-10-01T10:11:06.079+0000] {processor.py:925} INFO - DAG(s) 'my_data_pipeline' retrieved from /opt/airflow/dags/dbt_pipeline.py
[2026-10-01T10:11:06.106+0000] {logging_mixin.py:190} INFO - [2026-10-01T10:11:06.105+0000] {dag.py:3239} INFO - Sync 1 DAGs
[2026-10-01T10:11:06.125+0000] {logging_mixin.py:190} INFO - [2026-10-01T10:11:06.125+0000] {dag.py:4180} INFO - Setting next_dagrun for my_data_pipeline to 2026-10-01 10:00:00+00:00, run_after=2026-10-02 10:00:00+00:00
[2026-10-01T10:11:06.144+0000] {processor.py:208} INFO - Processing /opt/airflow/dags/dbt_pipeline.py took 0.105 seconds
[2026-10-01T10:11:36.425+0000] {processor.py:186} INFO - Started process (PID=2585) to work on /opt/airflow/dags/dbt_pipeline.py
[2026-10-01T10:11:36.426+0000] {processor.py:914} INFO - Processing file /opt/airflow/dags/dbt_pipeline.py for tasks to queue
[2026-10-01T10:11:36.429+0000] {logging_mixin.py:190} INFO - [2026-10-01T10:11:36.429+0000] {dagbag.py:588} INFO - Filling up the DagBag from /opt/airflow/dags/dbt_pipeline.py
[2026-10-01T10:11:36.455+0000] {processor.py:925} INFO - DAG(s) 'my_data_pipeline' retrieved from /opt/airflow/dags/dbt_pipeline.py
[2026-10-01T10:11:36.483+0000] {logging_mixin.py:190} INFO - [2026-10-01T10:11:36.483+0000] {dag.py:3239} INFO - Sync 1 DAGs
[2026-10-01T10:11:36.502+0000] {logging_mixin.py:190} INFO - [2026-10-01T10:11:36.502+0000] {dag.py:4180} INFO - Setting next_dagrun for my_data_pipeline to 2026-10-01 10:00:00+00:00, run_after=2026-10-02 10:00:00+00:00
[2026-10-01T10:11:36.532+0000] {processor.py:208} INFO - Processing /opt/airflow/dags/dbt_pipeline.py took 0.113 seconds
[2026-10-01T10:12:06.736+0000] {processor.py:186} INFO - Started process (PID=2590) to work on /opt/airflow/dags/dbt_pipeline.py
[2026-10-01T10:12:06.738+0000] {processor.py:914} INFO - Processing file /opt/airflow/dags/dbt_pipeline.py for tasks to queue
[2026-10-01T10:12:06.741+0000] {logging_mixin.py:190} INFO - [2026-10-01T10:12:06.741+0000] {dagbag.py:588} INFO - Filling up the DagBag from /opt/airflow/dags/dbt_pipeline.py
[2026-10-01T10:12:06.762+0000] {processor.py:925} INFO - DAG(s) 'my_data_pipeline' retrieved from /opt/airflow/dags/dbt_pipeline.py
[2026-10-01T10:12:06.790+0000] {logging_mixin.py:190} INFO - [2026-10-01T10:12:06.790+0000] {dag.py:3239} INFO - Sync 1 DAGs
[2026-10-01T10:12:06.811+0000] {logging_mixin.py:190} INFO - [2026-10-01T10:12:06.811+0000] {dag.py:4180} INFO - Setting next_dagrun for my_data_pipeline to 2026-10-01 10:00:00+00:00, run_after=2026-10-02 10:00:00+00:00
[2026-10-01T10:12:06.837+0000] {processor.py:208} INFO - Processing /opt/airflow/dags/dbt_pipeline.py took 0.107 seconds
[2026-10-01T10:12:37.184+0000] {processor.py:186} INFO - Started process (PID=2595) to work on /opt/airflow/dags/dbt_pipeline.py
[2026-10-01T10:12:37.186+0000] {processor.py:914} INFO - Processing file /opt/airflow/dags/dbt_pipeline.py for tasks to queue
[2026-10-01T10:12:37.188+0000] {logging_mixin.py:190} INFO - [2026-10-01T10:12:37.188+0000] {dagbag.py:588} INFO - Filling up the DagBag from /opt/airflow/dags/dbt_pipeline.py
[2026-10-01T10:12:37.213+0000] {processor.py:925} INFO - DAG(s) 'my_data_pipeline' retrieved from /opt/airflow/dags/dbt_pipeline.py
[2026-10-01T10:12:37.240+0000] {logging_mixin.py:190} INFO - [2026-10-01T10:12:37.240+0000] {dag.py:3239} INFO - Sync 1 DAGs
[2026-10-01T10:12:37.261+0000] {logging_mixin.py:190} INFO - [2026-10-01T10:12:37.261+0000] {dag.py:4180} INFO - Setting next_dagrun for my_data_pipeline to 2026-10-01 10:00:00+00:00, run_after=2026-10-02 10:00:00+00:00
[2026-10-01T10:12:37.278+0000] {processor.py:208} INFO - Processing /opt/airflow/dags/dbt_pipeline.py took 0.098 seconds
[2026-10-01T10:13:07.513+0000] {processor.py:186} INFO - Started process (PID=2600) to work on /opt/airflow/dags/dbt_pipeline.py
[2026-10-01T10:13:07.514+0000] {processor.py:914} INFO - Processing file /opt/airflow/dags/dbt_pipeline.py for tasks to queue
[2026-10-01T10:13:07.516+0000] {logging_mixin.py:190} INFO - [2026-10-01T10:13:07.516+0000] {dagbag.py:588} INFO - Filling up the DagBag from /opt/airflow/dags/dbt_pipeline.py
[2026-10-01T10:13:07.538+0000] {processor.py:925} INFO - DAG(s) 'my_data_pipeline' retrieved from /opt/airflow/dags/dbt_pipeline.py
[2026-10-01T10:13:07.564+0000] {logging_mixin.py:190} INFO - [2026-10-01T10:13:07.564+0000] {dag.py:3239} INFO - Sync 1 DAGs
[2026-10-01T10:13:07.583+0000] {logging_mixin.py:190} INFO - [2026-10-01T10:13:07.583+0000] {dag.py:4180} INFO - Setting next_dagrun for my_data_pipeline to 2026-10-01 10:00:00+00:00, run_after=2026-10-02 10:00:00+00:00
[2026-10-01T10:13:07.600+0000] {processor.py:208} INFO - Processing /opt/airflow/dags/dbt_pipeline.py took 0.092 seconds
[2026-10-01T10:13:37.918+0000] {processor.py:186} INFO - Started process (PID=2605) to work on /opt/airflow/dags/dbt_pipeline.py
[2026-10-01T10:13:37.920+0000] {processor.py:914} INFO - Processing file /opt/airflow/dags/dbt_pipeline.py for tasks to queue
[2026-10-01T10:13:37.922+0000] {logging_mixin.py:190} INFO - [2026-10-01T10:13:37.922+0000] {dagbag.py:588} INFO - Filling up the DagBag from /opt/airflow/dags/dbt_pipeline.py
[2026-10-01T10:13:37.948+0000] {processor.py:925} INFO - DAG(s) 'my_data_pipeline' retrieved from /opt/airflow/dags/dbt_pipeline.py
[2026-10-01T10:13:37.975+0000] {logging_mixin.py:190} INFO - [2026-10-01T10:13:37.975+0000] {dag.py:3239} INFO - Sync 1 DAGs
[2026-10-01T10:13:37.996+0000] {logging_mixin.py:190} INFO - [2026-10-01T10:13:37.995+0000] {dag.py:4180} INFO - Setting next_dagrun for my_data_pipeline to 2026-10-01 10:00:00+00:00, run_after=2026-10-02 10:00:00+00:00
[2026-10-01T10:13:38.012+0000] {processor.py:208} INFO - Processing /opt/airflow/dags/dbt_pipeline.py took 0.101 seconds
[2026-10-01T10:14:08.241+0000] {processor.py:186} INFO - Started process (PID=2610) to work on /opt/airflow/dags/dbt_pipeline.py
[2026-10-01T10:14:08.243+0000] {processor.py:914} INFO - Processing file /opt/airflow/dags/dbt_pipeline.py for tasks to queue
[2026-10-01T10:14:08.245+0000] {logging_mixin.py:190} INFO - [2026-10-01T10:14:08.245+0000] {dagbag.py:588} INFO - Filling up the DagBag from /opt/airflow/dags/dbt_pipeline.py
[2026-10-01T10:14:08.266+0000] {processor.py:925} INFO - DAG(s) 'my_data_pipeline' retrieved from /opt/airflow/dags/dbt_pipeline.py
[2026-10-01T10:14:08.293+0000] {logging_mixin.py:190} INFO - [2026-10-01T10:14:08.293+0000] {dag.py:3239} INFO - Sync 1 DAGs
[2026-10-01T10:14:08.314+0000] {logging_mixin.py:190} INFO - [2026-10-01T10:14:08.314+0000] {dag.py:4180} INFO - Setting next_dagrun for my_data_pipeline to 2026-10-01 10:00:00+00:00, run_after=2026-10-02 10:00:00+00:00
[2026-10-01T10:14:08.343+0000] {processor.py:208} INFO - Processing /opt/airflow/dags/dbt_pipeline.py took 0.107 seconds
[2026-10-01T10:14:38.621+0000] {processor.py:186} INFO - Started process (PID=2615) to work on /opt/airflow/dags/dbt_pipeline.py
[2026-10-01T10:14:38.622+0000] {processor.py:914} INFO - Processing file /opt/airflow/dags/dbt_pipeline.py for tasks to queue
[2026-10-01T10:14:38.624+0000] {logging_mixin.py:190} INFO - [2026-10-01T10:14:38.624+0000] {dagbag.py:588} INFO - Filling up the DagBag from /opt/airflow/dags/dbt_pipeline.py
[2026-10-01T10:14:38.647+0000] {processor.py:925} INFO - DAG(s) 'my_data_pipeline' retrieved from /opt/airflow/dags/dbt_pipeline.py
[2026-10-01T10:14:38.674+0000] {logging_mixin.py:190} INFO - [2026-10-01T10:14:38.674+0000] {dag.py:3239} INFO - Sync 1 DAGs
[2026-10-01T10:14:38.694+0000] {logging_mixin.py:190} INFO - [2026-10-01T10:14:38.694+0000] {dag.py:4180} INFO - Setting next_dagrun for my_data_pipeline to 2026-10-01 10:00:00+00:00, run_after=2026-10-02 10:00:00+00:00
[2026-10-01T10:14:38.721+0000] {processor.py:208} INFO - Processing /opt/airflow/dags/dbt_pipeline.py took 0.105 seconds
[2026-10-01T10:15:08.874+0000] {processor.py:186} INFO - Started process (PID=2620) to work on /opt/airflow/dags/dbt_pipeline.py
[2026-10-01T10:15:08.876+0000] {processor.py:914} INFO - Processing file /opt/airflow/dags/dbt_pipeline.py for tasks to queue
[2026-10-01T10:15:08.879+0000] {logging_mixin.py:190} INFO - [2026-10-01T10:15:08.879+0000] {dagbag.py:588} INFO - Filling up the DagBag from /opt/airflow/dags/dbt_pipeline.py
[2026-10-01T10:15:08.912+0000] {processor.py:925} INFO - DAG(s) 'my_data_pipeline' retrieved from /opt/airflow/dags/dbt_pipeline.py
[2026-10-01T10:15:08.947+0000] {logging_mixin.py:190} INFO - [2026-10-01T10:15:08.946+0000] {dag.py:3239} INFO - Sync 1 DAGs
[2026-10-01T10:15:08.971+0000] {logging_mixin.py:190} INFO - [2026-10-01T10:15:08.971+0000] {dag.py:4180} INFO - Setting next_dagrun for my_data_pipeline to 2026-10-01 10:00:00+00:00, run_after=2026-10-02 10:00:00+00:00
[2026-10-01T10:15:08.996+0000] {processor.py:208} INFO - Processing /opt/airflow/dags/dbt_pipeline.py took 0.129 seconds
[2026-10-01T10:15:39.204+0000] {processor.py:186} INFO - Started process (PID=2625) to work on /opt/airflow/dags/dbt_pipeline.py
[2026-10-01T10:15:39.206+0000] {processor.py:914} INFO - Processing file /opt/airflow/dags/dbt_pipeline.py for tasks to queue
[2026-10-01T10:15:39.208+0000] {logging_mixin.py:190} INFO - [2026-10-01T10:15:39.208+0000] {dagbag.py:588} INFO - Filling up the DagBag from /opt/airflow/dags/dbt_pipeline.py
[2026-10-01T10:15:39.232+0000] {processor.py:925} INFO - DAG(s) 'my_data_pipeline' retrieved from /opt/airflow/dags/dbt_pipeline.py
[2026-10-01T10:15:39.261+0000] {logging_mixin.py:190} INFO - [2026-10-01T10:15:39.261+0000] {dag.py:3239} INFO - Sync 1 DAGs
[2026-10-01T10:15:39.287+0000] {logging_mixin.py:190} INFO - [2026-10-01T10:15:39.287+0000] {dag.py:4180} INFO - Setting next_dagrun for my_data_pipeline to 2026-10-01 10:00:00+00:00, run_after=2026-10-02 10:00:00+00:00
[2026-10-01T10:15:39.309+0000] {processor.py:208} INFO - Processing /opt/airflow/dags/dbt_pipeline.py took 0.111 seconds
[2026-10-01T10:16:09.433+0000] {processor.py:186} INFO - Started process (PID=2630) to work on /opt/airflow/dags/dbt_pipeline.py
[2026-10-01T10:16:09.436+0000] {processor.py:914} INFO - Processing file /opt/airflow/dags/dbt_pipeline.py for tasks to queue
[2026-10-01T10:16:09.438+0000] {logging_mixin.py:190} INFO - [2026-10-01T10:16:09.438+0000] {dagbag.py:588} INFO - Filling up the DagBag from /opt/airflow/dags/dbt_pipeline.py
[2026-10-01T10:16:09.461+0000] {processor.py:925} INFO - DAG(s) 'my_data_pipeline' retrieved from /opt/airflow/dags/dbt_pipeline.py
[2026-10-01T10:16:09.495+0000] {logging_mixin.py:190} INFO - [2026-10-01T10:16:09.495+0000] {dag.py:3239} INFO - Sync 1 DAGs
[2026-10-01T10:16:09.526+0000] {logging_mixin.py:190} INFO - [2026-10-01T10:16:09.526+0000] {dag.py:4180} INFO - Setting next_dagrun for my_data_pipeline to 2026-10-01 10:00:00+00:00, run_after=2026-10-02 10:00:00+00:00
[2026-10-01T10:16:09.550+0000] {processor.py:208} INFO - Processing /opt/airflow/dags/dbt_pipeline.py took 0.123 seconds
[2026-10-01T10:16:39.763+0000] {processor.py:186} INFO - Started process (PID=2635) to work on /opt/airflow/dags/dbt_pipeline.py
[2026-10-01T10:16:39.765+0000] {processor.py:914} INFO - Processing file /opt/airflow/dags/dbt_pipeline.py for tasks to queue
[2026-10-01T10:16:39.767+0000] {logging_mixin.py:190} INFO - [2026-10-01T10:16:39.767+0000] {dagbag.py:588} INFO - Filling up the DagBag from /opt/airflow/dags/dbt_pipeline.py
[2026-10-01T10:16:39.792+0000] {processor.py:925} INFO - DAG(s) 'my_data_pipeline' retrieved from /opt/airflow/dags/dbt_pipeline.py
[2026-10-01T10:16:39.827+0000] {logging_mixin.py:190} INFO - [2026-10-01T10:16:39.826+0000] {dag.py:3239} INFO - Sync 1 DAGs
[2026-10-01T10:16:39.850+0000] {logging_mixin.py:190} INFO - [2026-10-01T10:16:39.850+0000] {dag.py:4180} INFO - Setting next_dagrun for my_data_pipeline to 2026-10-01 10:00:00+00:00, run_after=2026-10-02 10:00:00+00:00
[2026-10-01T10:16:39.879+0000] {processor.py:208} INFO - Processing /opt/airflow/dags/dbt_pipeline.py took 0.123 seconds
[2026-10-01T10:17:10.018+0000] {processor.py:186} INFO - Started process (PID=2640) to work on /opt/airflow/dags/dbt_pipeline.py
[2026-10-01T10:17:10.020+0000] {processor.py:914} INFO - Processing file /opt/airflow/dags/dbt_pipeline.py for tasks to queue
[2026-10-01T10:17:10.026+0000] {logging_mixin.py:190} INFO - [2026-10-01T10:17:10.025+0000] {dagbag.py:588} INFO - Filling up the DagBag from /opt/airflow/dags/dbt_pipeline.py
[2026-10-01T10:17:10.083+0000] {processor.py:925} INFO - DAG(s) 'my_data_pipeline' retrieved from /opt/airflow/dags/dbt_pipeline.py
[2026-10-01T10:17:10.125+0000] {logging_mixin.py:190} INFO - [2026-10-01T10:17:10.124+0000] {dag.py:3239} INFO - Sync 1 DAGs
[2026-10-01T10:17:10.150+0000] {logging_mixin.py:190} INFO - [2026-10-01T10:17:10.150+0000] {dag.py:4180} INFO - Setting next_dagrun for my_data_pipeline to 2026-10-01 10:00:00+00:00, run_after=2026-10-02 10:00:00+00:00
[2026-10-01T10:17:10.170+0000] {processor.py:208} INFO - Processing /opt/airflow/dags/dbt_pipeline.py took 0.165 seconds
[2026-10-01T10:17:40.333+0000] {processor.py:186} INFO - Started process (PID=2645) to work on /opt/airflow/dags/dbt_pipeline.py
[2026-10-01T10:17:40.334+0000] {processor.py:914} INFO - Processing file /opt/airflow/dags/dbt_pipeline.py for tasks to queue
[2026-10-01T10:17:40.336+0000] {logging_mixin.py:190} INFO - [2026-10-01T10:17:40.336+0000] {dagbag.py:588} INFO - Filling up the DagBag from /opt/airflow/dags/dbt_pipeline.py
[2026-10-01T10:17:40.365+0000] {processor.py:925} INFO - DAG(s) 'my_data_pipeline' retrieved from /opt/airflow/dags/dbt_pipeline.py
[2026-10-01T10:17:40.394+0000] {logging_mixin.py:190} INFO - [2026-10-01T10:17:40.394+0000] {dag.py:3239} INFO - Sync 1 DAGs
[2026-10-01T10:17:40.416+0000] {logging_mixin.py:190} INFO - [2026-10-01T10:17:40.416+0000] {dag.py:4180} INFO - Setting next_dagrun for my_data_pipeline to 2026-10-01 10:00:00+00:00, run_after=2026-10-02 10:00:00+00:00
[2026-10-01T10:17:40.436+0000] {processor.py:208} INFO - Processing /opt/airflow/dags/dbt_pipeline.py took 0.108 seconds
[2026-10-01T10:18:10.616+0000] {processor.py:186} INFO - Started process (PID=2650) to work on /opt/airflow/dags/dbt_pipeline.py
[2026-10-01T10:18:10.617+0000] {processor.py:914} INFO - Processing file /opt/airflow/dags/dbt_pipeline.py for tasks to queue
[2026-10-01T10:18:10.619+0000] {logging_mixin.py:190} INFO - [2026-10-01T10:18:10.619+0000] {dagbag.py:588} INFO - Filling up the DagBag from /opt/airflow/dags/dbt_pipeline.py
[2026-10-01T10:18:10.646+0000] {processor.py:925} INFO - DAG(s) 'my_data_pipeline' retrieved from /opt/airflow/dags/dbt_pipeline.py
[2026-10-01T10:18:10.679+0000] {logging_mixin.py:190} INFO - [2026-10-01T10:18:10.678+0000] {dag.py:3239} INFO - Sync 1 DAGs
[2026-10-01T10:18:10.702+0000] {logging_mixin.py:190} INFO - [2026-10-01T10:18:10.702+0000] {dag.py:4180} INFO - Setting next_dagrun for my_data_pipeline to 2026-10-01 10:00:00+00:00, run_after=2026-10-02 10:00:00+00:00
[2026-10-01T10:18:10.732+0000] {processor.py:208} INFO - Processing /opt/airflow/dags/dbt_pipeline.py took 0.122 seconds
[2026-10-01T10:18:40.884+0000] {processor.py:186} INFO - Started process (PID=2655) to work on /opt/airflow/dags/dbt_pipeline.py
[2026-10-01T10:18:40.885+0000] {processor.py:914} INFO - Processing file /opt/airflow/dags/dbt_pipeline.py for tasks to queue
[2026-10-01T10:18:40.889+0000] {logging_mixin.py:190} INFO - [2026-10-01T10:18:40.889+0000] {dagbag.py:588} INFO - Filling up the DagBag from /opt/airflow/dags/dbt_pipeline.py
[2026-10-01T10:18:40.911+0000] {processor.py:925} INFO - DAG(s) 'my_data_pipeline' retrieved from /opt/airflow/dags/dbt_pipeline.py
[2026-10-01T10:18:40.942+0000] {logging_mixin.py:190} INFO - [2026-10-01T10:18:40.941+0000] {dag.py:3239} INFO - Sync 1 DAGs
[2026-10-01T10:18:40.963+0000] {logging_mixin.py:190} INFO - [2026-10-01T10:18:40.963+0000] {dag.py:4180} INFO - Setting next_dagrun for my_data_pipeline to 2026-10-01 10:00:00+00:00, run_after=2026-10-02 10:00:00+00:00
[2026-10-01T10:18:40.985+0000] {processor.py:208} INFO - Processing /opt/airflow/dags/dbt_pipeline.py took 0.107 seconds
[2026-10-01T10:19:11.203+0000] {processor.py:186} INFO - Started process (PID=2660) to work on /opt/airflow/dags/dbt_pipeline.py
[2026-10-01T10:19:11.205+0000] {processor.py:914} INFO - Processing file /opt/airflow/dags/dbt_pipeline.py for tasks to queue
[2026-10-01T10:19:11.208+0000] {logging_mixin.py:190} INFO - [2026-10-01T10:19:11.207+0000] {dagbag.py:588} INFO - Filling up the DagBag from /opt/airflow/dags/dbt_pipeline.py
[2026-10-01T10:19:11.234+0000] {processor.py:925} INFO - DAG(s) 'my_data_pipeline' retrieved from /opt/airflow/dags/dbt_pipeline.py
[2026-10-01T10:19:11.265+0000] {logging_mixin.py:190} INFO - [2026-10-01T10:19:11.265+0000] {dag.py:3239} INFO - Sync 1 DAGs
[2026-10-01T10:19:11.289+0000] {logging_mixin.py:190} INFO - [2026-10-01T10:19:11.289+0000] {dag.py:4180} INFO - Setting next_dagrun for my_data_pipeline to 2026-10-01 10:00:00+00:00, run_after=2026-10-02 10:00:00+00:00
[2026-10-01T10:19:11.311+0000] {processor.py:208} INFO - Processing /opt/airflow/dags/dbt_pipeline.py took 0.112 seconds
[2026-10-01T10:19:41.446+0000] {processor.py:186} INFO - Started process (PID=2665) to work on /opt/airflow/dags/dbt_pipeline.py
[2026-10-01T10:19:41.447+0000] {processor.py:914} INFO - Processing file /opt/airflow/dags/dbt_pipeline.py for tasks to queue
[2026-10-01T10:19:41.449+0000] {logging_mixin.py:190} INFO - [2026-10-01T10:19:41.449+0000] {dagbag.py:588} INFO - Filling up the DagBag from /opt/airflow/dags/dbt_pipeline.py
[2026-10-01T10:19:41.477+0000] {processor.py:925} INFO - DAG(s) 'my_data_pipeline' retrieved from /opt/airflow/dags/dbt_pipeline.py
[2026-10-01T10:19:41.523+0000] {logging_mixin.py:190} INFO - [2026-10-01T10:19:41.522+0000] {dag.py:3239} INFO - Sync 1 DAGs
[2026-10-01T10:19:41.557+0000] {logging_mixin.py:190} INFO - [2026-10-01T10:19:41.557+0000] {dag.py:4180} INFO - Setting next_dagrun for my_data_pipeline to 2026-10-01 10:00:00+00:00, run_after=2026-10-02 10:00:00+00:00
[2026-10-01T10:19:41.586+0000] {processor.py:208} INFO - Processing /opt/airflow/dags/dbt_pipeline.py took 0.146 seconds
[2026-10-01T10:20:11.773+0000] {processor.py:186} INFO - Started process (PID=2670) to work on /opt/airflow/dags/dbt_pipeline.py
[2026-10-01T10:20:11.775+0000] {processor.py:914} INFO - Processing file /opt/airflow/dags/dbt_pipeline.py for tasks to queue
[2026-10-01T10:20:11.777+0000] {logging_mixin.py:190} INFO - [2026-10-01T10:20:11.776+0000] {dagbag.py:588} INFO - Filling up the DagBag from /opt/airflow/dags/dbt_pipeline.py
[2026-10-01T10:20:11.802+0000] {processor.py:925} INFO - DAG(s) 'my_data_pipeline' retrieved from /opt/airflow/dags/dbt_pipeline.py
[2026-10-01T10:20:11.835+0000] {logging_mixin.py:190} INFO - [2026-10-01T10:20:11.834+0000] {dag.py:3239} INFO - Sync 1 DAGs
[2026-10-01T10:20:11.860+0000] {logging_mixin.py:190} INFO - [2026-10-01T10:20:11.860+0000] {dag.py:4180} INFO - Setting next_dagrun for my_data_pipeline to 2026-10-01 10:00:00+00:00, run_after=2026-10-02 10:00:00+00:00
[2026-10-01T10:20:11.882+0000] {processor.py:208} INFO - Processing /opt/airflow/dags/dbt_pipeline.py took 0.116 seconds
[2026-10-01T10:20:42.106+0000] {processor.py:186} INFO - Started process (PID=2675) to work on /opt/airflow/dags/dbt_pipeline.py
[2026-10-01T10:20:42.108+0000] {processor.py:914} INFO - Processing file /opt/airflow/dags/dbt_pipeline.py for tasks to queue
[2026-10-01T10:20:42.111+0000] {logging_mixin.py:190} INFO - [2026-10-01T10:20:42.110+0000] {dagbag.py:588} INFO - Filling up the DagBag from /opt/airflow/dags/dbt_pipeline.py
[2026-10-01T10:20:42.143+0000] {processor.py:925} INFO - DAG(s) 'my_data_pipeline' retrieved from /opt/airflow/dags/dbt_pipeline.py
[2026-10-01T10:20:42.179+0000] {logging_mixin.py:190} INFO - [2026-10-01T10:20:42.179+0000] {dag.py:3239} INFO - Sync 1 DAGs
[2026-10-01T10:20:42.209+0000] {logging_mixin.py:190} INFO - [2026-10-01T10:20:42.209+0000] {dag.py:4180} INFO - Setting next_dagrun for my_data_pipeline to 2026-10-01 10:00:00+00:00, run_after=2026-10-02 10:00:00+00:00
[2026-10-01T10:20:42.236+0000] {processor.py:208} INFO - Processing /opt/airflow/dags/dbt_pipeline.py took 0.140 seconds
[2026-10-01T10:21:12.348+0000] {processor.py:186} INFO - Started process (PID=2680) to work on /opt/airflow/dags/dbt_pipeline.py
[2026-10-01T10:21:12.349+0000] {processor.py:914} INFO - Processing file /opt/airflow/dags/dbt_pipeline.py for tasks to queue
[2026-10-01T10:21:12.352+0000] {logging_mixin.py:190} INFO - [2026-10-01T10:21:12.351+0000] {dagbag.py:588} INFO - Filling up the DagBag from /opt/airflow/dags/dbt_pipeline.py
[2026-10-01T10:21:12.373+0000] {processor.py:925} INFO - DAG(s) 'my_data_pipeline' retrieved from /opt/airflow/dags/dbt_pipeline.py
[2026-10-01T10:21:12.402+0000] {logging_mixin.py:190} INFO - [2026-10-01T10:21:12.402+0000] {dag.py:3239} INFO - Sync 1 DAGs
[2026-10-01T10:21:12.424+0000] {logging_mixin.py:190} INFO - [2026-10-01T10:21:12.424+0000] {dag.py:4180} INFO - Setting next_dagrun for my_data_pipeline to 2026-10-01 10:00:00+00:00, run_after=2026-10-02 10:00:00+00:00
[2026-10-01T10:21:12.452+0000] {processor.py:208} INFO - Processing /opt/airflow/dags/dbt_pipeline.py took 0.111 seconds
[2026-10-01T10:21:42.759+0000] {processor.py:186} INFO - Started process (PID=2685) to work on /opt/airflow/dags/dbt_pipeline.py
[2026-10-01T10:21:42.760+0000] {processor.py:914} INFO - Processing file /opt/airflow/dags/dbt_pipeline.py for tasks to queue
[2026-10-01T10:21:42.764+0000] {logging_mixin.py:190} INFO - [2026-10-01T10:21:42.763+0000] {dagbag.py:588} INFO - Filling up the DagBag from /opt/airflow/dags/dbt_pipeline.py
[2026-10-01T10:21:42.794+0000] {processor.py:925} INFO - DAG(s) 'my_data_pipeline' retrieved from /opt/airflow/dags/dbt_pipeline.py
[2026-10-01T10:21:42.822+0000] {logging_mixin.py:190} INFO - [2026-10-01T10:21:42.822+0000] {dag.py:3239} INFO - Sync 1 DAGs
[2026-10-01T10:21:42.845+0000] {logging_mixin.py:190} INFO - [2026-10-01T10:21:42.845+0000] {dag.py:4180} INFO - Setting next_dagrun for my_data_pipeline to 2026-10-01 10:00:00+00:00, run_after=2026-10-02 10:00:00+00:00
[2026-10-01T10:21:42.871+0000] {processor.py:208} INFO - Processing /opt/airflow/dags/dbt_pipeline.py took 0.118 seconds
[2026-10-01T10:22:13.095+0000] {processor.py:186} INFO - Started process (PID=2690) to work on /opt/airflow/dags/dbt_pipeline.py
[2026-10-01T10:22:13.096+0000] {processor.py:914} INFO - Processing file /opt/airflow/dags/dbt_pipeline.py for tasks to queue
[2026-10-01T10:22:13.099+0000] {logging_mixin.py:190} INFO - [2026-10-01T10:22:13.098+0000] {dagbag.py:588} INFO - Filling up the DagBag from /opt/airflow/dags/dbt_pipeline.py
[2026-10-01T10:22:13.122+0000] {processor.py:925} INFO - DAG(s) 'my_data_pipeline' retrieved from /opt/airflow/dags/dbt_pipeline.py
[2026-10-01T10:22:13.149+0000] {logging_mixin.py:190} INFO - [2026-10-01T10:22:13.149+0000] {dag.py:3239} INFO - Sync 1 DAGs
[2026-10-01T10:22:13.170+0000] {logging_mixin.py:190} INFO - [2026-10-01T10:22:13.169+0000] {dag.py:4180} INFO - Setting next_dagrun for my_data_pipeline to 2026-10-01 10:00:00+00:00, run_after=2026-10-02 10:00:00+00:00
[2026-10-01T10:22:13.191+0000] {processor.py:208} INFO - Processing /opt/airflow/dags/dbt_pipeline.py took 0.101 seconds
[2026-10-01T10:22:43.411+0000] {processor.py:186} INFO - Started process (PID=2695) to work on /opt/airflow/dags/dbt_pipeline.py
[2026-10-01T10:22:43.413+0000] {processor.py:914} INFO - Processing file /opt/airflow/dags/dbt_pipeline.py for tasks to queue
[2026-10-01T10:22:43.415+0000] {logging_mixin.py:190} INFO - [2026-10-01T10:22:43.415+0000] {dagbag.py:588} INFO - Filling up the DagBag from /opt/airflow/dags/dbt_pipeline.py
[2026-10-01T10:22:43.441+0000] {processor.py:925} INFO - DAG(s) 'my_data_pipeline' retrieved from /opt/airflow/dags/dbt_pipeline.py
[2026-10-01T10:22:43.468+0000] {logging_mixin.py:190} INFO - [2026-10-01T10:22:43.467+0000] {dag.py:3239} INFO - Sync 1 DAGs
[2026-10-01T10:22:43.488+0000] {logging_mixin.py:190} INFO - [2026-10-01T10:22:43.488+0000] {dag.py:4180} INFO - Setting next_dagrun for my_data_pipeline to 2026-10-01 10:00:00+00:00, run_after=2026-10-02 10:00:00+00:00
[2026-10-01T10:22:43.507+0000] {processor.py:208} INFO - Processing /opt/airflow/dags/dbt_pipeline.py took 0.103 seconds
[2026-10-01T10:23:13.702+0000] {processor.py:186} INFO - Started process (PID=2700) to work on /opt/airflow/dags/dbt_pipeline.py
[2026-10-01T10:23:13.703+0000] {processor.py:914} INFO - Processing file /opt/airflow/dags/dbt_pipeline.py for tasks to queue
[2026-10-01T10:23:13.706+0000] {logging_mixin.py:190} INFO - [2026-10-01T10:23:13.706+0000] {dagbag.py:588} INFO - Filling up the DagBag from /opt/airflow/dags/dbt_pipeline.py
[2026-10-01T10:23:13.731+0000] {processor.py:925} INFO - DAG(s) 'my_data_pipeline' retrieved from /opt/airflow/dags/dbt_pipeline.py
[2026-10-01T10:23:13.775+0000] {logging_mixin.py:190} INFO - [2026-10-01T10:23:13.775+0000] {dag.py:3239} INFO - Sync 1 DAGs
[2026-10-01T10:23:13.807+0000] {logging_mixin.py:190} INFO - [2026-10-01T10:23:13.806+0000] {dag.py:4180} INFO - Setting next_dagrun for my_data_pipeline to 2026-10-01 10:00:00+00:00, run_after=2026-10-02 10:00:00+00:00
[2026-10-01T10:23:13.830+0000] {processor.py:208} INFO - Processing /opt/airflow/dags/dbt_pipeline.py took 0.135 seconds
[2026-10-01T10:23:44.078+0000] {processor.py:186} INFO - Started process (PID=2705) to work on /opt/airflow/dags/dbt_pipeline.py
[2026-10-01T10:23:44.080+0000] {processor.py:914} INFO - Processing file /opt/airflow/dags/dbt_pipeline.py for tasks to queue
[2026-10-01T10:23:44.082+0000] {logging_mixin.py:190} INFO - [2026-10-01T10:23:44.082+0000] {dagbag.py:588} INFO - Filling up the DagBag from /opt/airflow/dags/dbt_pipeline.py
[2026-10-01T10:23:44.105+0000] {processor.py:925} INFO - DAG(s) 'my_data_pipeline' retrieved from /opt/airflow/dags/dbt_pipeline.py
[2026-10-01T10:23:44.133+0000] {logging_mixin.py:190} INFO - [2026-10-01T10:23:44.133+0000] {dag.py:3239} INFO - Sync 1 DAGs
[2026-10-01T10:23:44.154+0000] {logging_mixin.py:190} INFO - [2026-10-01T10:23:44.154+0000] {dag.py:4180} INFO - Setting next_dagrun for my_data_pipeline to 2026-10-01 10:00:00+00:00, run_after=2026-10-02 10:00:00+00:00
[2026-10-01T10:23:44.182+0000] {processor.py:208} INFO - Processing /opt/airflow/dags/dbt_pipeline.py took 0.109 seconds
[2026-10-01T10:24:14.450+0000] {processor.py:186} INFO - Started process (PID=2710) to work on /opt/airflow/dags/dbt_pipeline.py
[2026-10-01T10:24:14.451+0000] {processor.py:914} INFO - Processing file /opt/airflow/dags/dbt_pipeline.py for tasks to queue
[2026-10-01T10:24:14.454+0000] {logging_mixin.py:190} INFO - [2026-10-01T10:24:14.454+0000] {dagbag.py:588} INFO - Filling up the DagBag from /opt/airflow/dags/dbt_pipeline.py
[2026-10-01T10:24:14.476+0000] {processor.py:925} INFO - DAG(s) 'my_data_pipeline' retrieved from /opt/airflow/dags/dbt_pipeline.py
[2026-10-01T10:24:14.503+0000] {logging_mixin.py:190} INFO - [2026-10-01T10:24:14.503+0000] {dag.py:3239} INFO - Sync 1 DAGs
[2026-10-01T10:24:14.523+0000] {logging_mixin.py:190} INFO - [2026-10-01T10:24:14.523+0000] {dag.py:4180} INFO - Setting next_dagrun for my_data_pipeline to 2026-10-01 10:00:00+00:00, run_after=2026-10-02 10:00:00+00:00
[2026-10-01T10:24:14.544+0000] {processor.py:208} INFO - Processing /opt/airflow/dags/dbt_pipeline.py took 0.099 seconds
[2026-10-01T10:24:44.784+0000] {processor.py:186} INFO - Started process (PID=2715) to work on /opt/airflow/dags/dbt_pipeline.py
[2026-10-01T10:24:44.785+0000] {processor.py:914} INFO - Processing file /opt/airflow/dags/dbt_pipeline.py for tasks to queue
[2026-10-01T10:24:44.787+0000] {logging_mixin.py:190} INFO - [2026-10-01T10:24:44.787+0000] {dagbag.py:588} INFO - Filling up the DagBag from /opt/airflow/dags/dbt_pipeline.py
[2026-10-01T10:24:44.807+0000] {processor.py:925} INFO - DAG(s) 'my_data_pipeline' retrieved from /opt/airflow/dags/dbt_pipeline.py
[2026-10-01T10:24:44.838+0000] {logging_mixin.py:190} INFO - [2026-10-01T10:24:44.838+0000] {dag.py:3239} INFO - Sync 1 DAGs
[2026-10-01T10:24:44.862+0000] {logging_mixin.py:190} INFO - [2026-10-01T10:24:44.862+0000] {dag.py:4180} INFO - Setting next_dagrun for my_data_pipeline to 2026-10-01 10:00:00+00:00, run_after=2026-10-02 10:00:00+00:00
[2026-10-01T10:24:44.894+0000] {processor.py:208} INFO - Processing /opt/airflow/dags/dbt_pipeline.py took 0.116 seconds
[2026-10-01T10:25:15.173+0000] {processor.py:186} INFO - Started process (PID=2720) to work on /opt/airflow/dags/dbt_pipeline.py
[2026-10-01T10:25:15.175+0000] {processor.py:914} INFO - Processing file /opt/airflow/dags/dbt_pipeline.py for tasks to queue
[2026-10-01T10:25:15.178+0000] {logging_mixin.py:190} INFO - [2026-10-01T10:25:15.177+0000] {dagbag.py:588} INFO - Filling up the DagBag from /opt/airflow/dags/dbt_pipeline.py
[2026-10-01T10:25:15.211+0000] {processor.py:925} INFO - DAG(s) 'my_data_pipeline' retrieved from /opt/airflow/dags/dbt_pipeline.py
[2026-10-01T10:25:15.273+0000] {logging_mixin.py:190} INFO - [2026-10-01T10:25:15.272+0000] {dag.py:3239} INFO - Sync 1 DAGs
[2026-10-01T10:25:15.296+0000] {logging_mixin.py:190} INFO - [2026-10-01T10:25:15.296+0000] {dag.py:4180} INFO - Setting next_dagrun for my_data_pipeline to 2026-10-01 10:00:00+00:00, run_after=2026-10-02 10:00:00+00:00
[2026-10-01T10:25:15.319+0000] {processor.py:208} INFO - Processing /opt/airflow/dags/dbt_pipeline.py took 0.159 seconds
[2026-10-01T10:25:45.550+0000] {processor.py:186} INFO - Started process (PID=2725) to work on /opt/airflow/dags/dbt_pipeline.py
[2026-10-01T10:25:45.552+0000] {processor.py:914} INFO - Processing file /opt/airflow/dags/dbt_pipeline.py for tasks to queue
[2026-10-01T10:25:45.554+0000] {logging_mixin.py:190} INFO - [2026-10-01T10:25:45.554+0000] {dagbag.py:588} INFO - Filling up the DagBag from /opt/airflow/dags/dbt_pipeline.py
[2026-10-01T10:25:45.578+0000] {processor.py:925} INFO - DAG(s) 'my_data_pipeline' retrieved from /opt/airflow/dags/dbt_pipeline.py
[2026-10-01T10:25:45.604+0000] {logging_mixin.py:190} INFO - [2026-10-01T10:25:45.604+0000] {dag.py:3239} INFO - Sync 1 DAGs
[2026-10-01T10:25:45.623+0000] {logging_mixin.py:190} INFO - [2026-10-01T10:25:45.623+0000] {dag.py:4180} INFO - Setting next_dagrun for my_data_pipeline to 2026-10-01 10:00:00+00:00, run_after=2026-10-02 10:00:00+00:00
[2026-10-01T10:25:45.642+0000] {processor.py:208} INFO - Processing /opt/airflow/dags/dbt_pipeline.py took 0.106 seconds
