[2026-10-01T07:05:13.867+0000] {manager.py:483} INFO - Processing files using up to 2 processes at a time 
[2026-10-01T07:05:13.869+0000] {manager.py:484} INFO - Process each file at most once every 30 seconds
[2026-10-01T07:05:13.871+0000] {manager.py:485} INFO - Checking for new files in /opt/airflow/dags every 300 seconds
[2026-10-01T07:05:13.874+0000] {manager.py:821} INFO - Searching for files in /opt/airflow/dags
[2026-10-01T07:05:13.905+0000] {manager.py:824} INFO - There are 1 files in /opt/airflow/dags
[2026-10-01T07:05:14.042+0000] {manager.py:997} INFO - 
================================================================================
DAG File Processing Stats

File Path                            PID  Runtime      # DAGs    # Errors  Last Runtime    Last Run      Last # of DB Queries
---------------------------------  -----  ---------  --------  ----------  --------------  ----------  ----------------------
/opt/airflow/dags/dbt_pipeline.py    171  0.04s             0           0                                                   0
================================================================================
[2026-10-01T07:05:44.281+0000] {manager.py:997} INFO - 
================================================================================
DAG File Processing Stats

File Path                          PID    Runtime      # DAGs    # Errors  Last Runtime    Last Run               Last # of DB Queries
---------------------------------  -----  ---------  --------  ----------  --------------  -------------------  ----------------------
/opt/airflow/dags/dbt_pipeline.py                           1           0  0.55s           2026-10-01T07:05:14                      45
================================================================================
[2026-10-01T07:06:15.129+0000] {manager.py:997} INFO - 
================================================================================
DAG File Processing Stats

File Path                            PID  Runtime      # DAGs    # Errors  Last Runtime    Last Run               Last # of DB Queries
---------------------------------  -----  ---------  --------  ----------  --------------  -------------------  ----------------------
/opt/airflow/dags/dbt_pipeline.py    188  0.00s             1           0  0.16s           2026-10-01T07:05:44                      12
================================================================================
[2026-10-01T07:06:45.560+0000] {manager.py:997} INFO - 
================================================================================
DAG File Processing Stats

File Path                            PID  Runtime      # DAGs    # Errors  Last Runtime    Last Run               Last # of DB Queries
---------------------------------  -----  ---------  --------  ----------  --------------  -------------------  ----------------------
/opt/airflow/dags/dbt_pipeline.py    207  0.00s             1           0  0.16s           2026-10-01T07:06:15                      12
================================================================================
[2026-10-01T07:07:15.905+0000] {manager.py:997} INFO - 
================================================================================
DAG File Processing Stats

File Path                            PID  Runtime      # DAGs    # Errors  Last Runtime    Last Run               Last # of DB Queries
---------------------------------  -----  ---------  --------  ----------  --------------  -------------------  ----------------------
/opt/airflow/dags/dbt_pipeline.py    212  0.00s             1           0  0.16s           2026-10-01T07:06:45                      12
================================================================================
[2026-10-01T07:07:46.330+0000] {manager.py:997} INFO - 
================================================================================
DAG File Processing Stats

File Path                            PID  Runtime      # DAGs    # Errors  Last Runtime    Last Run               Last # of DB Queries
---------------------------------  -----  ---------  --------  ----------  --------------  -------------------  ----------------------
/opt/airflow/dags/dbt_pipeline.py    217  0.00s             1           0  0.13s           2026-10-01T07:07:16                      12
================================================================================
[2026-10-01T07:08:16.719+0000] {manager.py:997} INFO - 
================================================================================
DAG File Processing Stats

File Path                            PID  Runtime      # DAGs    # Errors  Last Runtime    Last Run               Last # of DB Queries
---------------------------------  -----  ---------  --------  ----------  --------------  -------------------  ----------------------
/opt/airflow/dags/dbt_pipeline.py    222  0.00s             1           0  0.14s           2026-10-01T07:07:46                      12
================================================================================
[2026-10-01T07:08:47.083+0000] {manager.py:997} INFO - 
================================================================================
DAG File Processing Stats

File Path                            PID  Runtime      # DAGs    # Errors  Last Runtime    Last Run               Last # of DB Queries
---------------------------------  -----  ---------  --------  ----------  --------------  -------------------  ----------------------
/opt/airflow/dags/dbt_pipeline.py    227  0.00s             1           0  0.14s           2026-10-01T07:08:16                      12
================================================================================
[2026-10-01T07:09:17.392+0000] {manager.py:997} INFO - 
================================================================================
DAG File Processing Stats

File Path                            PID  Runtime      # DAGs    # Errors  Last Runtime    Last Run               Last # of DB Queries
---------------------------------  -----  ---------  --------  ----------  --------------  -------------------  ----------------------
/opt/airflow/dags/dbt_pipeline.py    279  0.00s             1           0  0.14s           2026-10-01T07:08:47                      12
================================================================================
[2026-10-01T07:09:47.668+0000] {manager.py:997} INFO - 
================================================================================
DAG File Processing Stats

File Path                            PID  Runtime      # DAGs    # Errors  Last Runtime    Last Run               Last # of DB Queries
---------------------------------  -----  ---------  --------  ----------  --------------  -------------------  ----------------------
/opt/airflow/dags/dbt_pipeline.py    352  0.00s             1           0  0.19s           2026-10-01T07:09:17                      12
================================================================================
[2026-10-01T07:10:13.963+0000] {manager.py:821} INFO - Searching for files in /opt/airflow/dags
[2026-10-01T07:10:14.002+0000] {manager.py:824} INFO - There are 1 files in /opt/airflow/dags
[2026-10-01T07:10:18.058+0000] {manager.py:997} INFO - 
================================================================================
DAG File Processing Stats

File Path                            PID  Runtime      # DAGs    # Errors  Last Runtime    Last Run               Last # of DB Queries
---------------------------------  -----  ---------  --------  ----------  --------------  -------------------  ----------------------
/opt/airflow/dags/dbt_pipeline.py    364  0.00s             1           0  0.19s           2026-10-01T07:09:47                      12
================================================================================
[2026-10-01T07:10:48.295+0000] {manager.py:997} INFO - 
================================================================================
DAG File Processing Stats

File Path                            PID  Runtime      # DAGs    # Errors  Last Runtime    Last Run               Last # of DB Queries
---------------------------------  -----  ---------  --------  ----------  --------------  -------------------  ----------------------
/opt/airflow/dags/dbt_pipeline.py    369  0.01s             1           0  0.17s           2026-10-01T07:10:18                      12
================================================================================
[2026-10-01T07:11:18.647+0000] {manager.py:997} INFO - 
================================================================================
DAG File Processing Stats

File Path                            PID  Runtime      # DAGs    # Errors  Last Runtime    Last Run               Last # of DB Queries
---------------------------------  -----  ---------  --------  ----------  --------------  -------------------  ----------------------
/opt/airflow/dags/dbt_pipeline.py    389  0.00s             1           0  0.17s           2026-10-01T07:10:48                      12
================================================================================
[2026-10-01T07:11:48.891+0000] {manager.py:997} INFO - 
================================================================================
DAG File Processing Stats

File Path                            PID  Runtime      # DAGs    # Errors  Last Runtime    Last Run               Last # of DB Queries
---------------------------------  -----  ---------  --------  ----------  --------------  -------------------  ----------------------
/opt/airflow/dags/dbt_pipeline.py    394  0.00s             1           0  0.20s           2026-10-01T07:11:18                      12
================================================================================
[2026-10-01T07:12:19.123+0000] {manager.py:997} INFO - 
================================================================================
DAG File Processing Stats

File Path                            PID  Runtime      # DAGs    # Errors  Last Runtime    Last Run               Last # of DB Queries
---------------------------------  -----  ---------  --------  ----------  --------------  -------------------  ----------------------
/opt/airflow/dags/dbt_pipeline.py    406  0.00s             1           0  0.16s           2026-10-01T07:11:49                      12
================================================================================
[2026-10-01T07:12:49.444+0000] {manager.py:997} INFO - 
================================================================================
DAG File Processing Stats

File Path                            PID  Runtime      # DAGs    # Errors  Last Runtime    Last Run               Last # of DB Queries
---------------------------------  -----  ---------  --------  ----------  --------------  -------------------  ----------------------
/opt/airflow/dags/dbt_pipeline.py    411  0.00s             1           0  0.16s           2026-10-01T07:12:19                      12
================================================================================
[2026-10-01T07:13:19.689+0000] {manager.py:997} INFO - 
================================================================================
DAG File Processing Stats

File Path                            PID  Runtime      # DAGs    # Errors  Last Runtime    Last Run               Last # of DB Queries
---------------------------------  -----  ---------  --------  ----------  --------------  -------------------  ----------------------
/opt/airflow/dags/dbt_pipeline.py    416  0.00s             1           0  0.15s           2026-10-01T07:12:49                      12
================================================================================
[2026-10-01T07:13:49.983+0000] {manager.py:997} INFO - 
================================================================================
DAG File Processing Stats

File Path                            PID  Runtime      # DAGs    # Errors  Last Runtime    Last Run               Last # of DB Queries
---------------------------------  -----  ---------  --------  ----------  --------------  -------------------  ----------------------
/opt/airflow/dags/dbt_pipeline.py    424  0.00s             1           0  0.18s           2026-10-01T07:13:19                      12
================================================================================
[2026-10-01T07:14:20.343+0000] {manager.py:997} INFO - 
================================================================================
DAG File Processing Stats

File Path                          PID    Runtime      # DAGs    # Errors  Last Runtime    Last Run               Last # of DB Queries
---------------------------------  -----  ---------  --------  ----------  --------------  -------------------  ----------------------
/opt/airflow/dags/dbt_pipeline.py                           1           0  0.26s           2026-10-01T07:14:09                      34
================================================================================
[2026-10-01T07:14:50.691+0000] {manager.py:997} INFO - 
================================================================================
DAG File Processing Stats

File Path                          PID    Runtime      # DAGs    # Errors  Last Runtime    Last Run               Last # of DB Queries
---------------------------------  -----  ---------  --------  ----------  --------------  -------------------  ----------------------
/opt/airflow/dags/dbt_pipeline.py                           1           0  0.15s           2026-10-01T07:14:39                      12
================================================================================
[2026-10-01T07:15:14.007+0000] {manager.py:821} INFO - Searching for files in /opt/airflow/dags
[2026-10-01T07:15:14.045+0000] {manager.py:824} INFO - There are 1 files in /opt/airflow/dags
[2026-10-01T07:15:20.929+0000] {manager.py:997} INFO - 
================================================================================
DAG File Processing Stats

File Path                          PID    Runtime      # DAGs    # Errors  Last Runtime    Last Run               Last # of DB Queries
---------------------------------  -----  ---------  --------  ----------  --------------  -------------------  ----------------------
/opt/airflow/dags/dbt_pipeline.py                           1           0  0.15s           2026-10-01T07:15:09                      12
================================================================================
[2026-10-01T07:15:51.295+0000] {manager.py:997} INFO - 
================================================================================
DAG File Processing Stats

File Path                          PID    Runtime      # DAGs    # Errors  Last Runtime    Last Run               Last # of DB Queries
---------------------------------  -----  ---------  --------  ----------  --------------  -------------------  ----------------------
/opt/airflow/dags/dbt_pipeline.py                           1           0  0.20s           2026-10-01T07:15:40                      12
================================================================================
[2026-10-01T07:16:21.586+0000] {manager.py:997} INFO - 
================================================================================
DAG File Processing Stats

File Path                          PID    Runtime      # DAGs    # Errors  Last Runtime    Last Run               Last # of DB Queries
---------------------------------  -----  ---------  --------  ----------  --------------  -------------------  ----------------------
/opt/airflow/dags/dbt_pipeline.py                           1           0  0.18s           2026-10-01T07:16:19                      11
================================================================================
[2026-10-01T07:16:51.965+0000] {manager.py:997} INFO - 
================================================================================
DAG File Processing Stats

File Path                          PID    Runtime      # DAGs    # Errors  Last Runtime    Last Run               Last # of DB Queries
---------------------------------  -----  ---------  --------  ----------  --------------  -------------------  ----------------------
/opt/airflow/dags/dbt_pipeline.py                           1           0  0.19s           2026-10-01T07:16:49                      12
================================================================================
[2026-10-01T07:17:22.207+0000] {manager.py:997} INFO - 
================================================================================
DAG File Processing Stats

File Path                          PID    Runtime      # DAGs    # Errors  Last Runtime    Last Run               Last # of DB Queries
---------------------------------  -----  ---------  --------  ----------  --------------  -------------------  ----------------------
/opt/airflow/dags/dbt_pipeline.py                           1           0  0.16s           2026-10-01T07:17:20                      12
================================================================================
[2026-10-01T07:17:52.566+0000] {manager.py:997} INFO - 
================================================================================
DAG File Processing Stats

File Path                          PID    Runtime      # DAGs    # Errors  Last Runtime    Last Run               Last # of DB Queries
---------------------------------  -----  ---------  --------  ----------  --------------  -------------------  ----------------------
/opt/airflow/dags/dbt_pipeline.py                           1           0  0.15s           2026-10-01T07:17:50                      12
================================================================================
[2026-10-01T07:18:22.819+0000] {manager.py:997} INFO - 
================================================================================
DAG File Processing Stats

File Path                          PID    Runtime      # DAGs    # Errors  Last Runtime    Last Run               Last # of DB Queries
---------------------------------  -----  ---------  --------  ----------  --------------  -------------------  ----------------------
/opt/airflow/dags/dbt_pipeline.py                           1           0  0.15s           2026-10-01T07:18:20                      12
================================================================================
[2026-10-01T07:18:53.289+0000] {manager.py:997} INFO - 
================================================================================
DAG File Processing Stats

File Path                          PID    Runtime      # DAGs    # Errors  Last Runtime    Last Run               Last # of DB Queries
---------------------------------  -----  ---------  --------  ----------  --------------  -------------------  ----------------------
/opt/airflow/dags/dbt_pipeline.py                           1           0  0.18s           2026-10-01T07:18:51                      12
================================================================================
[2026-10-01T07:19:23.670+0000] {manager.py:997} INFO - 
================================================================================
DAG File Processing Stats

File Path                          PID    Runtime      # DAGs    # Errors  Last Runtime    Last Run               Last # of DB Queries
---------------------------------  -----  ---------  --------  ----------  --------------  -------------------  ----------------------
/opt/airflow/dags/dbt_pipeline.py                           1           0  0.17s           2026-10-01T07:19:21                      12
================================================================================
[2026-10-01T07:19:54.110+0000] {manager.py:997} INFO - 
================================================================================
DAG File Processing Stats

File Path                          PID    Runtime      # DAGs    # Errors  Last Runtime    Last Run               Last # of DB Queries
---------------------------------  -----  ---------  --------  ----------  --------------  -------------------  ----------------------
/opt/airflow/dags/dbt_pipeline.py                           1           0  0.20s           2026-10-01T07:19:52                      12
================================================================================
[2026-10-01T07:20:14.293+0000] {manager.py:821} INFO - Searching for files in /opt/airflow/dags
[2026-10-01T07:20:14.354+0000] {manager.py:824} INFO - There are 1 files in /opt/airflow/dags
[2026-10-01T07:20:24.505+0000] {manager.py:997} INFO - 
================================================================================
DAG File Processing Stats

File Path                          PID    Runtime      # DAGs    # Errors  Last Runtime    Last Run               Last # of DB Queries
---------------------------------  -----  ---------  --------  ----------  --------------  -------------------  ----------------------
/opt/airflow/dags/dbt_pipeline.py                           1           0  0.18s           2026-10-01T07:20:22                      12
================================================================================
[2026-10-01T07:20:54.958+0000] {manager.py:997} INFO - 
================================================================================
DAG File Processing Stats

File Path                          PID    Runtime      # DAGs    # Errors  Last Runtime    Last Run               Last # of DB Queries
---------------------------------  -----  ---------  --------  ----------  --------------  -------------------  ----------------------
/opt/airflow/dags/dbt_pipeline.py                           1           0  0.19s           2026-10-01T07:20:52                      12
================================================================================
[2026-10-01T07:21:25.321+0000] {manager.py:997} INFO - 
================================================================================
DAG File Processing Stats

File Path                          PID    Runtime      # DAGs    # Errors  Last Runtime    Last Run               Last # of DB Queries
---------------------------------  -----  ---------  --------  ----------  --------------  -------------------  ----------------------
/opt/airflow/dags/dbt_pipeline.py                           1           0  0.24s           2026-10-01T07:21:23                      12
================================================================================
[2026-10-01T07:21:55.633+0000] {manager.py:997} INFO - 
================================================================================
DAG File Processing Stats

File Path                          PID    Runtime      # DAGs    # Errors  Last Runtime    Last Run               Last # of DB Queries
---------------------------------  -----  ---------  --------  ----------  --------------  -------------------  ----------------------
/opt/airflow/dags/dbt_pipeline.py                           1           0  0.14s           2026-10-01T07:21:53                      12
================================================================================
[2026-10-01T07:22:26.022+0000] {manager.py:997} INFO - 
================================================================================
DAG File Processing Stats

File Path                          PID    Runtime      # DAGs    # Errors  Last Runtime    Last Run               Last # of DB Queries
---------------------------------  -----  ---------  --------  ----------  --------------  -------------------  ----------------------
/opt/airflow/dags/dbt_pipeline.py                           1           0  0.19s           2026-10-01T07:22:24                      12
================================================================================
[2026-10-01T07:22:56.427+0000] {manager.py:997} INFO - 
================================================================================
DAG File Processing Stats

File Path                          PID    Runtime      # DAGs    # Errors  Last Runtime    Last Run               Last # of DB Queries
---------------------------------  -----  ---------  --------  ----------  --------------  -------------------  ----------------------
/opt/airflow/dags/dbt_pipeline.py                           1           0  0.25s           2026-10-01T07:22:54                      12
================================================================================
[2026-10-01T07:23:26.769+0000] {manager.py:997} INFO - 
================================================================================
DAG File Processing Stats

File Path                          PID    Runtime      # DAGs    # Errors  Last Runtime    Last Run               Last # of DB Queries
---------------------------------  -----  ---------  --------  ----------  --------------  -------------------  ----------------------
/opt/airflow/dags/dbt_pipeline.py                           1           0  0.13s           2026-10-01T07:23:24                      12
================================================================================
[2026-10-01T07:23:57.150+0000] {manager.py:997} INFO - 
================================================================================
DAG File Processing Stats

File Path                          PID    Runtime      # DAGs    # Errors  Last Runtime    Last Run               Last # of DB Queries
---------------------------------  -----  ---------  --------  ----------  --------------  -------------------  ----------------------
/opt/airflow/dags/dbt_pipeline.py                           1           0  0.25s           2026-10-01T07:23:55                      12
================================================================================
[2026-10-01T07:24:27.509+0000] {manager.py:997} INFO - 
================================================================================
DAG File Processing Stats

File Path                          PID    Runtime      # DAGs    # Errors  Last Runtime    Last Run               Last # of DB Queries
---------------------------------  -----  ---------  --------  ----------  --------------  -------------------  ----------------------
/opt/airflow/dags/dbt_pipeline.py                           1           0  0.19s           2026-10-01T07:24:25                      12
================================================================================
[2026-10-01T07:24:57.771+0000] {manager.py:997} INFO - 
================================================================================
DAG File Processing Stats

File Path                          PID    Runtime      # DAGs    # Errors  Last Runtime    Last Run               Last # of DB Queries
---------------------------------  -----  ---------  --------  ----------  --------------  -------------------  ----------------------
/opt/airflow/dags/dbt_pipeline.py                           1           0  0.15s           2026-10-01T07:24:55                      12
================================================================================
[2026-10-01T07:25:14.879+0000] {manager.py:821} INFO - Searching for files in /opt/airflow/dags
[2026-10-01T07:25:14.913+0000] {manager.py:824} INFO - There are 1 files in /opt/airflow/dags
[2026-10-01T07:25:28.058+0000] {manager.py:997} INFO - 
================================================================================
DAG File Processing Stats

File Path                          PID    Runtime      # DAGs    # Errors  Last Runtime    Last Run               Last # of DB Queries
---------------------------------  -----  ---------  --------  ----------  --------------  -------------------  ----------------------
/opt/airflow/dags/dbt_pipeline.py                           1           0  0.19s           2026-10-01T07:25:26                      12
================================================================================
[2026-10-01T07:25:58.403+0000] {manager.py:997} INFO - 
================================================================================
DAG File Processing Stats

File Path                          PID    Runtime      # DAGs    # Errors  Last Runtime    Last Run               Last # of DB Queries
---------------------------------  -----  ---------  --------  ----------  --------------  -------------------  ----------------------
/opt/airflow/dags/dbt_pipeline.py                           1           0  0.16s           2026-10-01T07:25:56                      12
================================================================================
[2026-10-01T07:26:28.684+0000] {manager.py:997} INFO - 
================================================================================
DAG File Processing Stats

File Path                          PID    Runtime      # DAGs    # Errors  Last Runtime    Last Run               Last # of DB Queries
---------------------------------  -----  ---------  --------  ----------  --------------  -------------------  ----------------------
/opt/airflow/dags/dbt_pipeline.py                           1           0  0.18s           2026-10-01T07:26:26                      12
================================================================================
[2026-10-01T07:26:59.019+0000] {manager.py:997} INFO - 
================================================================================
DAG File Processing Stats

File Path                          PID    Runtime      # DAGs    # Errors  Last Runtime    Last Run               Last # of DB Queries
---------------------------------  -----  ---------  --------  ----------  --------------  -------------------  ----------------------
/opt/airflow/dags/dbt_pipeline.py                           1           0  0.24s           2026-10-01T07:26:57                      12
================================================================================
[2026-10-01T07:27:29.382+0000] {manager.py:997} INFO - 
================================================================================
DAG File Processing Stats

File Path                          PID    Runtime      # DAGs    # Errors  Last Runtime    Last Run               Last # of DB Queries
---------------------------------  -----  ---------  --------  ----------  --------------  -------------------  ----------------------
/opt/airflow/dags/dbt_pipeline.py                           1           0  0.22s           2026-10-01T07:27:27                      12
================================================================================
[2026-10-01T07:27:59.683+0000] {manager.py:997} INFO - 
================================================================================
DAG File Processing Stats

File Path                          PID    Runtime      # DAGs    # Errors  Last Runtime    Last Run               Last # of DB Queries
---------------------------------  -----  ---------  --------  ----------  --------------  -------------------  ----------------------
/opt/airflow/dags/dbt_pipeline.py                           1           0  0.18s           2026-10-01T07:27:57                      12
================================================================================
[2026-10-01T07:28:30.007+0000] {manager.py:997} INFO - 
================================================================================
DAG File Processing Stats

File Path                          PID    Runtime      # DAGs    # Errors  Last Runtime    Last Run               Last # of DB Queries
---------------------------------  -----  ---------  --------  ----------  --------------  -------------------  ----------------------
/opt/airflow/dags/dbt_pipeline.py                           1           0  0.20s           2026-10-01T07:28:28                      12
================================================================================
[2026-10-01T07:29:00.346+0000] {manager.py:997} INFO - 
================================================================================
DAG File Processing Stats

File Path                          PID    Runtime      # DAGs    # Errors  Last Runtime    Last Run               Last # of DB Queries
---------------------------------  -----  ---------  --------  ----------  --------------  -------------------  ----------------------
/opt/airflow/dags/dbt_pipeline.py                           1           0  0.18s           2026-10-01T07:28:58                      12
================================================================================
[2026-10-01T07:29:30.675+0000] {manager.py:997} INFO - 
================================================================================
DAG File Processing Stats

File Path                          PID    Runtime      # DAGs    # Errors  Last Runtime    Last Run               Last # of DB Queries
---------------------------------  -----  ---------  --------  ----------  --------------  -------------------  ----------------------
/opt/airflow/dags/dbt_pipeline.py                           1           0  0.26s           2026-10-01T07:29:28                      12
================================================================================
[2026-10-01T07:30:01.092+0000] {manager.py:997} INFO - 
================================================================================
DAG File Processing Stats

File Path                          PID    Runtime      # DAGs    # Errors  Last Runtime    Last Run               Last # of DB Queries
---------------------------------  -----  ---------  --------  ----------  --------------  -------------------  ----------------------
/opt/airflow/dags/dbt_pipeline.py                           1           0  0.20s           2026-10-01T07:29:59                      12
================================================================================
[2026-10-01T07:30:15.208+0000] {manager.py:821} INFO - Searching for files in /opt/airflow/dags
[2026-10-01T07:30:15.267+0000] {manager.py:824} INFO - There are 1 files in /opt/airflow/dags
[2026-10-01T07:30:31.460+0000] {manager.py:997} INFO - 
================================================================================
DAG File Processing Stats

File Path                          PID    Runtime      # DAGs    # Errors  Last Runtime    Last Run               Last # of DB Queries
---------------------------------  -----  ---------  --------  ----------  --------------  -------------------  ----------------------
/opt/airflow/dags/dbt_pipeline.py                           1           0  0.19s           2026-10-01T07:30:29                      12
================================================================================
[2026-10-01T07:31:01.888+0000] {manager.py:997} INFO - 
================================================================================
DAG File Processing Stats

File Path                          PID    Runtime      # DAGs    # Errors  Last Runtime    Last Run               Last # of DB Queries
---------------------------------  -----  ---------  --------  ----------  --------------  -------------------  ----------------------
/opt/airflow/dags/dbt_pipeline.py                           1           0  0.20s           2026-10-01T07:30:59                      12
================================================================================
[2026-10-01T07:31:32.252+0000] {manager.py:997} INFO - 
================================================================================
DAG File Processing Stats

File Path                          PID    Runtime      # DAGs    # Errors  Last Runtime    Last Run               Last # of DB Queries
---------------------------------  -----  ---------  --------  ----------  --------------  -------------------  ----------------------
/opt/airflow/dags/dbt_pipeline.py                           1           0  0.19s           2026-10-01T07:31:30                      12
================================================================================
[2026-10-01T07:32:02.752+0000] {manager.py:997} INFO - 
================================================================================
DAG File Processing Stats

File Path                          PID    Runtime      # DAGs    # Errors  Last Runtime    Last Run               Last # of DB Queries
---------------------------------  -----  ---------  --------  ----------  --------------  -------------------  ----------------------
/opt/airflow/dags/dbt_pipeline.py                           1           0  0.17s           2026-10-01T07:32:00                      12
================================================================================
[2026-10-01T07:32:33.151+0000] {manager.py:997} INFO - 
================================================================================
DAG File Processing Stats

File Path                          PID    Runtime      # DAGs    # Errors  Last Runtime    Last Run               Last # of DB Queries
---------------------------------  -----  ---------  --------  ----------  --------------  -------------------  ----------------------
/opt/airflow/dags/dbt_pipeline.py                           1           0  0.17s           2026-10-01T07:32:31                      12
================================================================================
[2026-10-01T07:33:03.593+0000] {manager.py:997} INFO - 
================================================================================
DAG File Processing Stats

File Path                          PID    Runtime      # DAGs    # Errors  Last Runtime    Last Run               Last # of DB Queries
---------------------------------  -----  ---------  --------  ----------  --------------  -------------------  ----------------------
/opt/airflow/dags/dbt_pipeline.py                           1           0  0.17s           2026-10-01T07:33:01                      12
================================================================================
[2026-10-01T07:33:33.969+0000] {manager.py:997} INFO - 
================================================================================
DAG File Processing Stats

File Path                          PID    Runtime      # DAGs    # Errors  Last Runtime    Last Run               Last # of DB Queries
---------------------------------  -----  ---------  --------  ----------  --------------  -------------------  ----------------------
/opt/airflow/dags/dbt_pipeline.py                           1           0  0.15s           2026-10-01T07:33:32                      12
================================================================================
[2026-10-01T07:34:04.330+0000] {manager.py:997} INFO - 
================================================================================
DAG File Processing Stats

File Path                          PID    Runtime      # DAGs    # Errors  Last Runtime    Last Run               Last # of DB Queries
---------------------------------  -----  ---------  --------  ----------  --------------  -------------------  ----------------------
/opt/airflow/dags/dbt_pipeline.py                           1           0  0.19s           2026-10-01T07:34:02                      12
================================================================================
[2026-10-01T07:34:34.763+0000] {manager.py:997} INFO - 
================================================================================
DAG File Processing Stats

File Path                          PID    Runtime      # DAGs    # Errors  Last Runtime    Last Run               Last # of DB Queries
---------------------------------  -----  ---------  --------  ----------  --------------  -------------------  ----------------------
/opt/airflow/dags/dbt_pipeline.py                           1           0  0.18s           2026-10-01T07:34:32                      12
================================================================================
[2026-10-01T07:35:05.168+0000] {manager.py:997} INFO - 
================================================================================
DAG File Processing Stats

File Path                          PID    Runtime      # DAGs    # Errors  Last Runtime    Last Run               Last # of DB Queries
---------------------------------  -----  ---------  --------  ----------  --------------  -------------------  ----------------------
/opt/airflow/dags/dbt_pipeline.py                           1           0  0.24s           2026-10-01T07:35:03                      12
================================================================================
[2026-10-01T07:35:15.263+0000] {manager.py:821} INFO - Searching for files in /opt/airflow/dags
[2026-10-01T07:35:15.323+0000] {manager.py:824} INFO - There are 1 files in /opt/airflow/dags
[2026-10-01T07:35:35.577+0000] {manager.py:997} INFO - 
================================================================================
DAG File Processing Stats

File Path                          PID    Runtime      # DAGs    # Errors  Last Runtime    Last Run               Last # of DB Queries
---------------------------------  -----  ---------  --------  ----------  --------------  -------------------  ----------------------
/opt/airflow/dags/dbt_pipeline.py                           1           0  0.17s           2026-10-01T07:35:33                      12
================================================================================
[2026-10-01T07:36:06.008+0000] {manager.py:997} INFO - 
================================================================================
DAG File Processing Stats

File Path                          PID    Runtime      # DAGs    # Errors  Last Runtime    Last Run               Last # of DB Queries
---------------------------------  -----  ---------  --------  ----------  --------------  -------------------  ----------------------
/opt/airflow/dags/dbt_pipeline.py                           1           0  0.19s           2026-10-01T07:36:04                      12
================================================================================
[2026-10-01T07:36:36.409+0000] {manager.py:997} INFO - 
================================================================================
DAG File Processing Stats

File Path                          PID    Runtime      # DAGs    # Errors  Last Runtime    Last Run               Last # of DB Queries
---------------------------------  -----  ---------  --------  ----------  --------------  -------------------  ----------------------
/opt/airflow/dags/dbt_pipeline.py                           1           0  0.17s           2026-10-01T07:36:34                      12
================================================================================
[2026-10-01T07:37:06.859+0000] {manager.py:997} INFO - 
================================================================================
DAG File Processing Stats

File Path                          PID    Runtime      # DAGs    # Errors  Last Runtime    Last Run               Last # of DB Queries
---------------------------------  -----  ---------  --------  ----------  --------------  -------------------  ----------------------
/opt/airflow/dags/dbt_pipeline.py                           1           0  0.17s           2026-10-01T07:37:04                      12
================================================================================
[2026-10-01T07:37:37.316+0000] {manager.py:997} INFO - 
================================================================================
DAG File Processing Stats

File Path                          PID    Runtime      # DAGs    # Errors  Last Runtime    Last Run               Last # of DB Queries
---------------------------------  -----  ---------  --------  ----------  --------------  -------------------  ----------------------
/opt/airflow/dags/dbt_pipeline.py                           1           0  0.16s           2026-10-01T07:37:35                      12
================================================================================
[2026-10-01T07:38:07.757+0000] {manager.py:997} INFO - 
================================================================================
DAG File Processing Stats

File Path                          PID    Runtime      # DAGs    # Errors  Last Runtime    Last Run               Last # of DB Queries
---------------------------------  -----  ---------  --------  ----------  --------------  -------------------  ----------------------
/opt/airflow/dags/dbt_pipeline.py                           1           0  0.18s           2026-10-01T07:38:05                      12
================================================================================
[2026-10-01T07:38:38.289+0000] {manager.py:997} INFO - 
================================================================================
DAG File Processing Stats

File Path                          PID    Runtime      # DAGs    # Errors  Last Runtime    Last Run               Last # of DB Queries
---------------------------------  -----  ---------  --------  ----------  --------------  -------------------  ----------------------
/opt/airflow/dags/dbt_pipeline.py                           1           0  0.17s           2026-10-01T07:38:36                      12
================================================================================
[2026-10-01T07:39:08.639+0000] {manager.py:997} INFO - 
================================================================================
DAG File Processing Stats

File Path                          PID    Runtime      # DAGs    # Errors  Last Runtime    Last Run               Last # of DB Queries
---------------------------------  -----  ---------  --------  ----------  --------------  -------------------  ----------------------
/opt/airflow/dags/dbt_pipeline.py                           1           0  0.26s           2026-10-01T07:39:06                      12
================================================================================
[2026-10-01T07:39:39.192+0000] {manager.py:997} INFO - 
================================================================================
DAG File Processing Stats

File Path                          PID    Runtime      # DAGs    # Errors  Last Runtime    Last Run               Last # of DB Queries
---------------------------------  -----  ---------  --------  ----------  --------------  -------------------  ----------------------
/opt/airflow/dags/dbt_pipeline.py                           1           0  0.22s           2026-10-01T07:39:37                      12
================================================================================
[2026-10-01T07:40:09.604+0000] {manager.py:997} INFO - 
================================================================================
DAG File Processing Stats

File Path                          PID    Runtime      # DAGs    # Errors  Last Runtime    Last Run               Last # of DB Queries
---------------------------------  -----  ---------  --------  ----------  --------------  -------------------  ----------------------
/opt/airflow/dags/dbt_pipeline.py                           1           0  0.20s           2026-10-01T07:40:07                      12
================================================================================
[2026-10-01T07:40:15.651+0000] {manager.py:821} INFO - Searching for files in /opt/airflow/dags
[2026-10-01T07:40:15.709+0000] {manager.py:824} INFO - There are 1 files in /opt/airflow/dags
[2026-10-01T07:40:40.071+0000] {manager.py:997} INFO - 
================================================================================
DAG File Processing Stats

File Path                          PID    Runtime      # DAGs    # Errors  Last Runtime    Last Run               Last # of DB Queries
---------------------------------  -----  ---------  --------  ----------  --------------  -------------------  ----------------------
/opt/airflow/dags/dbt_pipeline.py                           1           0  0.17s           2026-10-01T07:40:38                      12
================================================================================
[2026-10-01T07:41:10.477+0000] {manager.py:997} INFO - 
================================================================================
DAG File Processing Stats

File Path                          PID    Runtime      # DAGs    # Errors  Last Runtime    Last Run               Last # of DB Queries
---------------------------------  -----  ---------  --------  ----------  --------------  -------------------  ----------------------
/opt/airflow/dags/dbt_pipeline.py                           1           0  0.20s           2026-10-01T07:41:08                      12
================================================================================
[2026-10-01T07:41:40.916+0000] {manager.py:997} INFO - 
================================================================================
DAG File Processing Stats

File Path                          PID    Runtime      # DAGs    # Errors  Last Runtime    Last Run               Last # of DB Queries
---------------------------------  -----  ---------  --------  ----------  --------------  -------------------  ----------------------
/opt/airflow/dags/dbt_pipeline.py                           1           0  0.19s           2026-10-01T07:41:38                      12
================================================================================
[2026-10-01T07:42:11.419+0000] {manager.py:997} INFO - 
================================================================================
DAG File Processing Stats

File Path                          PID    Runtime      # DAGs    # Errors  Last Runtime    Last Run               Last # of DB Queries
---------------------------------  -----  ---------  --------  ----------  --------------  -------------------  ----------------------
/opt/airflow/dags/dbt_pipeline.py                           1           0  0.17s           2026-10-01T07:42:09                      12
================================================================================
[2026-10-01T07:42:41.828+0000] {manager.py:997} INFO - 
================================================================================
DAG File Processing Stats

File Path                          PID    Runtime      # DAGs    # Errors  Last Runtime    Last Run               Last # of DB Queries
---------------------------------  -----  ---------  --------  ----------  --------------  -------------------  ----------------------
/opt/airflow/dags/dbt_pipeline.py                           1           0  0.18s           2026-10-01T07:42:39                      12
================================================================================
[2026-10-01T07:43:12.284+0000] {manager.py:997} INFO - 
================================================================================
DAG File Processing Stats

File Path                          PID    Runtime      # DAGs    # Errors  Last Runtime    Last Run               Last # of DB Queries
---------------------------------  -----  ---------  --------  ----------  --------------  -------------------  ----------------------
/opt/airflow/dags/dbt_pipeline.py                           1           0  0.23s           2026-10-01T07:43:10                      12
================================================================================
[2026-10-01T07:43:42.715+0000] {manager.py:997} INFO - 
================================================================================
DAG File Processing Stats

File Path                          PID    Runtime      # DAGs    # Errors  Last Runtime    Last Run               Last # of DB Queries
---------------------------------  -----  ---------  --------  ----------  --------------  -------------------  ----------------------
/opt/airflow/dags/dbt_pipeline.py                           1           0  0.21s           2026-10-01T07:43:40                      12
================================================================================
[2026-10-01T07:44:13.042+0000] {manager.py:997} INFO - 
================================================================================
DAG File Processing Stats

File Path                          PID    Runtime      # DAGs    # Errors  Last Runtime    Last Run               Last # of DB Queries
---------------------------------  -----  ---------  --------  ----------  --------------  -------------------  ----------------------
/opt/airflow/dags/dbt_pipeline.py                           1           0  0.21s           2026-10-01T07:44:11                      12
================================================================================
[2026-10-01T07:44:43.544+0000] {manager.py:997} INFO - 
================================================================================
DAG File Processing Stats

File Path                          PID    Runtime      # DAGs    # Errors  Last Runtime    Last Run               Last # of DB Queries
---------------------------------  -----  ---------  --------  ----------  --------------  -------------------  ----------------------
/opt/airflow/dags/dbt_pipeline.py                           1           0  0.22s           2026-10-01T07:44:41                      12
================================================================================
[2026-10-01T07:45:13.894+0000] {manager.py:997} INFO - 
================================================================================
DAG File Processing Stats

File Path                          PID    Runtime      # DAGs    # Errors  Last Runtime    Last Run               Last # of DB Queries
---------------------------------  -----  ---------  --------  ----------  --------------  -------------------  ----------------------
/opt/airflow/dags/dbt_pipeline.py                           1           0  0.17s           2026-10-01T07:45:12                      12
================================================================================
[2026-10-01T07:45:15.907+0000] {manager.py:821} INFO - Searching for files in /opt/airflow/dags
[2026-10-01T07:45:15.959+0000] {manager.py:824} INFO - There are 1 files in /opt/airflow/dags
[2026-10-01T07:45:44.406+0000] {manager.py:997} INFO - 
================================================================================
DAG File Processing Stats

File Path                          PID    Runtime      # DAGs    # Errors  Last Runtime    Last Run               Last # of DB Queries
---------------------------------  -----  ---------  --------  ----------  --------------  -------------------  ----------------------
/opt/airflow/dags/dbt_pipeline.py                           1           0  0.17s           2026-10-01T07:45:42                      12
================================================================================
[2026-10-01T07:46:14.837+0000] {manager.py:997} INFO - 
================================================================================
DAG File Processing Stats

File Path                          PID    Runtime      # DAGs    # Errors  Last Runtime    Last Run               Last # of DB Queries
---------------------------------  -----  ---------  --------  ----------  --------------  -------------------  ----------------------
/opt/airflow/dags/dbt_pipeline.py                           1           0  0.24s           2026-10-01T07:46:13                      12
================================================================================
[2026-10-01T07:46:45.362+0000] {manager.py:997} INFO - 
================================================================================
DAG File Processing Stats

File Path                          PID    Runtime      # DAGs    # Errors  Last Runtime    Last Run               Last # of DB Queries
---------------------------------  -----  ---------  --------  ----------  --------------  -------------------  ----------------------
/opt/airflow/dags/dbt_pipeline.py                           1           0  0.20s           2026-10-01T07:46:43                      12
================================================================================
[2026-10-01T07:47:15.759+0000] {manager.py:997} INFO - 
================================================================================
DAG File Processing Stats

File Path                          PID    Runtime      # DAGs    # Errors  Last Runtime    Last Run               Last # of DB Queries
---------------------------------  -----  ---------  --------  ----------  --------------  -------------------  ----------------------
/opt/airflow/dags/dbt_pipeline.py                           1           0  0.24s           2026-10-01T07:47:13                      12
================================================================================
[2026-10-01T07:47:46.111+0000] {manager.py:997} INFO - 
================================================================================
DAG File Processing Stats

File Path                          PID    Runtime      # DAGs    # Errors  Last Runtime    Last Run               Last # of DB Queries
---------------------------------  -----  ---------  --------  ----------  --------------  -------------------  ----------------------
/opt/airflow/dags/dbt_pipeline.py                           1           0  0.20s           2026-10-01T07:47:44                      12
================================================================================
[2026-10-01T07:48:16.625+0000] {manager.py:997} INFO - 
================================================================================
DAG File Processing Stats

File Path                          PID    Runtime      # DAGs    # Errors  Last Runtime    Last Run               Last # of DB Queries
---------------------------------  -----  ---------  --------  ----------  --------------  -------------------  ----------------------
/opt/airflow/dags/dbt_pipeline.py                           1           0  0.25s           2026-10-01T07:48:14                      12
================================================================================
[2026-10-01T07:48:46.954+0000] {manager.py:997} INFO - 
================================================================================
DAG File Processing Stats

File Path                          PID    Runtime      # DAGs    # Errors  Last Runtime    Last Run               Last # of DB Queries
---------------------------------  -----  ---------  --------  ----------  --------------  -------------------  ----------------------
/opt/airflow/dags/dbt_pipeline.py                           1           0  0.19s           2026-10-01T07:48:45                      12
================================================================================
[2026-10-01T07:49:17.420+0000] {manager.py:997} INFO - 
================================================================================
DAG File Processing Stats

File Path                          PID    Runtime      # DAGs    # Errors  Last Runtime    Last Run               Last # of DB Queries
---------------------------------  -----  ---------  --------  ----------  --------------  -------------------  ----------------------
/opt/airflow/dags/dbt_pipeline.py                           1           0  0.26s           2026-10-01T07:49:15                      12
================================================================================
[2026-10-01T07:49:47.867+0000] {manager.py:997} INFO - 
================================================================================
DAG File Processing Stats

File Path                          PID    Runtime      # DAGs    # Errors  Last Runtime    Last Run               Last # of DB Queries
---------------------------------  -----  ---------  --------  ----------  --------------  -------------------  ----------------------
/opt/airflow/dags/dbt_pipeline.py                           1           0  0.22s           2026-10-01T07:49:45                      12
================================================================================
[2026-10-01T07:50:16.237+0000] {manager.py:821} INFO - Searching for files in /opt/airflow/dags
[2026-10-01T07:50:16.320+0000] {manager.py:824} INFO - There are 1 files in /opt/airflow/dags
[2026-10-01T07:50:18.389+0000] {manager.py:997} INFO - 
================================================================================
DAG File Processing Stats

File Path                          PID    Runtime      # DAGs    # Errors  Last Runtime    Last Run               Last # of DB Queries
---------------------------------  -----  ---------  --------  ----------  --------------  -------------------  ----------------------
/opt/airflow/dags/dbt_pipeline.py                           1           0  0.16s           2026-10-01T07:50:16                      12
================================================================================
[2026-10-01T07:50:48.856+0000] {manager.py:997} INFO - 
================================================================================
DAG File Processing Stats

File Path                          PID    Runtime      # DAGs    # Errors  Last Runtime    Last Run               Last # of DB Queries
---------------------------------  -----  ---------  --------  ----------  --------------  -------------------  ----------------------
/opt/airflow/dags/dbt_pipeline.py                           1           0  0.20s           2026-10-01T07:50:46                      12
================================================================================
[2026-10-01T07:51:19.198+0000] {manager.py:997} INFO - 
================================================================================
DAG File Processing Stats

File Path                          PID    Runtime      # DAGs    # Errors  Last Runtime    Last Run               Last # of DB Queries
---------------------------------  -----  ---------  --------  ----------  --------------  -------------------  ----------------------
/opt/airflow/dags/dbt_pipeline.py                           1           0  0.20s           2026-10-01T07:51:17                      12
================================================================================
[2026-10-01T07:51:49.689+0000] {manager.py:997} INFO - 
================================================================================
DAG File Processing Stats

File Path                          PID    Runtime      # DAGs    # Errors  Last Runtime    Last Run               Last # of DB Queries
---------------------------------  -----  ---------  --------  ----------  --------------  -------------------  ----------------------
/opt/airflow/dags/dbt_pipeline.py                           1           0  0.20s           2026-10-01T07:51:47                      12
================================================================================
[2026-10-01T07:52:20.028+0000] {manager.py:997} INFO - 
================================================================================
DAG File Processing Stats

File Path                          PID    Runtime      # DAGs    # Errors  Last Runtime    Last Run               Last # of DB Queries
---------------------------------  -----  ---------  --------  ----------  --------------  -------------------  ----------------------
/opt/airflow/dags/dbt_pipeline.py                           1           0  0.19s           2026-10-01T07:52:18                      12
================================================================================
[2026-10-01T07:52:50.452+0000] {manager.py:997} INFO - 
================================================================================
DAG File Processing Stats

File Path                          PID    Runtime      # DAGs    # Errors  Last Runtime    Last Run               Last # of DB Queries
---------------------------------  -----  ---------  --------  ----------  --------------  -------------------  ----------------------
/opt/airflow/dags/dbt_pipeline.py                           1           0  0.23s           2026-10-01T07:52:48                      12
================================================================================
[2026-10-01T07:53:21.053+0000] {manager.py:997} INFO - 
================================================================================
DAG File Processing Stats

File Path                          PID    Runtime      # DAGs    # Errors  Last Runtime    Last Run               Last # of DB Queries
---------------------------------  -----  ---------  --------  ----------  --------------  -------------------  ----------------------
/opt/airflow/dags/dbt_pipeline.py                           1           0  0.19s           2026-10-01T07:53:19                      12
================================================================================
[2026-10-01T07:53:51.430+0000] {manager.py:997} INFO - 
================================================================================
DAG File Processing Stats

File Path                          PID    Runtime      # DAGs    # Errors  Last Runtime    Last Run               Last # of DB Queries
---------------------------------  -----  ---------  --------  ----------  --------------  -------------------  ----------------------
/opt/airflow/dags/dbt_pipeline.py                           1           0  0.20s           2026-10-01T07:53:49                      12
================================================================================
[2026-10-01T07:54:21.937+0000] {manager.py:997} INFO - 
================================================================================
DAG File Processing Stats

File Path                          PID    Runtime      # DAGs    # Errors  Last Runtime    Last Run               Last # of DB Queries
---------------------------------  -----  ---------  --------  ----------  --------------  -------------------  ----------------------
/opt/airflow/dags/dbt_pipeline.py                           1           0  0.20s           2026-10-01T07:54:19                      12
================================================================================
[2026-10-01T07:54:51.948+0000] {manager.py:997} INFO - 
================================================================================
DAG File Processing Stats

File Path                          PID    Runtime      # DAGs    # Errors  Last Runtime    Last Run               Last # of DB Queries
---------------------------------  -----  ---------  --------  ----------  --------------  -------------------  ----------------------
/opt/airflow/dags/dbt_pipeline.py                           1           0  0.55s           2026-10-01T07:54:50                      12
================================================================================
[2026-10-01T07:55:16.354+0000] {manager.py:821} INFO - Searching for files in /opt/airflow/dags
[2026-10-01T07:55:16.483+0000] {manager.py:824} INFO - There are 1 files in /opt/airflow/dags
[2026-10-01T07:55:22.117+0000] {manager.py:997} INFO - 
================================================================================
DAG File Processing Stats

File Path                          PID    Runtime      # DAGs    # Errors  Last Runtime    Last Run               Last # of DB Queries
---------------------------------  -----  ---------  --------  ----------  --------------  -------------------  ----------------------
/opt/airflow/dags/dbt_pipeline.py                           1           0  0.46s           2026-10-01T07:55:22                      12
================================================================================
[2026-10-01T07:55:52.493+0000] {manager.py:997} INFO - 
================================================================================
DAG File Processing Stats

File Path                            PID  Runtime      # DAGs    # Errors  Last Runtime    Last Run               Last # of DB Queries
---------------------------------  -----  ---------  --------  ----------  --------------  -------------------  ----------------------
/opt/airflow/dags/dbt_pipeline.py   1220  0.02s             1           0  0.46s           2026-10-01T07:55:22                      12
================================================================================
[2026-10-01T07:56:22.582+0000] {manager.py:997} INFO - 
================================================================================
DAG File Processing Stats

File Path                          PID    Runtime      # DAGs    # Errors  Last Runtime    Last Run               Last # of DB Queries
---------------------------------  -----  ---------  --------  ----------  --------------  -------------------  ----------------------
/opt/airflow/dags/dbt_pipeline.py                           1           0  0.62s           2026-10-01T07:55:53                      12
================================================================================
[2026-10-01T07:56:53.056+0000] {manager.py:997} INFO - 
================================================================================
DAG File Processing Stats

File Path                          PID    Runtime      # DAGs    # Errors  Last Runtime    Last Run               Last # of DB Queries
---------------------------------  -----  ---------  --------  ----------  --------------  -------------------  ----------------------
/opt/airflow/dags/dbt_pipeline.py                           1           0  0.27s           2026-10-01T07:56:23                      12
================================================================================
[2026-10-01T07:57:23.607+0000] {manager.py:997} INFO - 
================================================================================
DAG File Processing Stats

File Path                          PID    Runtime      # DAGs    # Errors  Last Runtime    Last Run               Last # of DB Queries
---------------------------------  -----  ---------  --------  ----------  --------------  -------------------  ----------------------
/opt/airflow/dags/dbt_pipeline.py                           1           0  0.24s           2026-10-01T07:56:54                      12
================================================================================
[2026-10-01T07:57:53.750+0000] {manager.py:997} INFO - 
================================================================================
DAG File Processing Stats

File Path                          PID    Runtime      # DAGs    # Errors  Last Runtime    Last Run               Last # of DB Queries
---------------------------------  -----  ---------  --------  ----------  --------------  -------------------  ----------------------
/opt/airflow/dags/dbt_pipeline.py                           1           0  0.61s           2026-10-01T07:57:25                      12
================================================================================
[2026-10-01T07:58:24.212+0000] {manager.py:997} INFO - 
================================================================================
DAG File Processing Stats

File Path                          PID    Runtime      # DAGs    # Errors  Last Runtime    Last Run               Last # of DB Queries
---------------------------------  -----  ---------  --------  ----------  --------------  -------------------  ----------------------
/opt/airflow/dags/dbt_pipeline.py                           1           0  0.48s           2026-10-01T07:57:55                      12
================================================================================
[2026-10-01T07:58:54.868+0000] {manager.py:997} INFO - 
================================================================================
DAG File Processing Stats

File Path                          PID    Runtime      # DAGs    # Errors  Last Runtime    Last Run               Last # of DB Queries
---------------------------------  -----  ---------  --------  ----------  --------------  -------------------  ----------------------
/opt/airflow/dags/dbt_pipeline.py                           1           0  0.43s           2026-10-01T07:58:26                      12
================================================================================
[2026-10-01T07:59:25.727+0000] {manager.py:997} INFO - 
================================================================================
DAG File Processing Stats

File Path                          PID    Runtime      # DAGs    # Errors  Last Runtime    Last Run               Last # of DB Queries
---------------------------------  -----  ---------  --------  ----------  --------------  -------------------  ----------------------
/opt/airflow/dags/dbt_pipeline.py                           1           0  0.31s           2026-10-01T07:58:57                      12
================================================================================
[2026-10-01T07:59:56.330+0000] {manager.py:997} INFO - 
================================================================================
DAG File Processing Stats

File Path                          PID    Runtime      # DAGs    # Errors  Last Runtime    Last Run               Last # of DB Queries
---------------------------------  -----  ---------  --------  ----------  --------------  -------------------  ----------------------
/opt/airflow/dags/dbt_pipeline.py                           1           0  0.30s           2026-10-01T07:59:28                      12
================================================================================
[2026-10-01T08:00:16.817+0000] {manager.py:821} INFO - Searching for files in /opt/airflow/dags
[2026-10-01T08:00:16.881+0000] {manager.py:824} INFO - There are 1 files in /opt/airflow/dags
[2026-10-01T08:00:27.012+0000] {manager.py:997} INFO - 
================================================================================
DAG File Processing Stats

File Path                          PID    Runtime      # DAGs    # Errors  Last Runtime    Last Run               Last # of DB Queries
---------------------------------  -----  ---------  --------  ----------  --------------  -------------------  ----------------------
/opt/airflow/dags/dbt_pipeline.py                           1           0  0.41s           2026-10-01T07:59:58                      12
================================================================================
[2026-10-01T08:00:57.690+0000] {manager.py:997} INFO - 
================================================================================
DAG File Processing Stats

File Path                          PID    Runtime      # DAGs    # Errors  Last Runtime    Last Run               Last # of DB Queries
---------------------------------  -----  ---------  --------  ----------  --------------  -------------------  ----------------------
/opt/airflow/dags/dbt_pipeline.py                           1           0  0.50s           2026-10-01T08:00:29                      12
================================================================================
[2026-10-01T08:01:28.465+0000] {manager.py:997} INFO - 
================================================================================
DAG File Processing Stats

File Path                          PID    Runtime      # DAGs    # Errors  Last Runtime    Last Run               Last # of DB Queries
---------------------------------  -----  ---------  --------  ----------  --------------  -------------------  ----------------------
/opt/airflow/dags/dbt_pipeline.py                           1           0  0.29s           2026-10-01T08:01:00                      12
================================================================================
[2026-10-01T08:01:58.982+0000] {manager.py:997} INFO - 
================================================================================
DAG File Processing Stats

File Path                          PID    Runtime      # DAGs    # Errors  Last Runtime    Last Run               Last # of DB Queries
---------------------------------  -----  ---------  --------  ----------  --------------  -------------------  ----------------------
/opt/airflow/dags/dbt_pipeline.py                           1           0  0.47s           2026-10-01T08:01:31                      12
================================================================================
[2026-10-01T08:02:29.481+0000] {manager.py:997} INFO - 
================================================================================
DAG File Processing Stats

File Path                          PID    Runtime      # DAGs    # Errors  Last Runtime    Last Run               Last # of DB Queries
---------------------------------  -----  ---------  --------  ----------  --------------  -------------------  ----------------------
/opt/airflow/dags/dbt_pipeline.py                           1           0  0.36s           2026-10-01T08:02:01                      12
================================================================================
[2026-10-01T08:02:59.974+0000] {manager.py:997} INFO - 
================================================================================
DAG File Processing Stats

File Path                          PID    Runtime      # DAGs    # Errors  Last Runtime    Last Run               Last # of DB Queries
---------------------------------  -----  ---------  --------  ----------  --------------  -------------------  ----------------------
/opt/airflow/dags/dbt_pipeline.py                           1           0  0.20s           2026-10-01T08:02:31                      12
================================================================================
[2026-10-01T08:03:30.619+0000] {manager.py:997} INFO - 
================================================================================
DAG File Processing Stats

File Path                          PID    Runtime      # DAGs    # Errors  Last Runtime    Last Run               Last # of DB Queries
---------------------------------  -----  ---------  --------  ----------  --------------  -------------------  ----------------------
/opt/airflow/dags/dbt_pipeline.py                           1           0  0.45s           2026-10-01T08:03:02                      12
================================================================================
[2026-10-01T08:04:01.357+0000] {manager.py:997} INFO - 
================================================================================
DAG File Processing Stats

File Path                          PID    Runtime      # DAGs    # Errors  Last Runtime    Last Run               Last # of DB Queries
---------------------------------  -----  ---------  --------  ----------  --------------  -------------------  ----------------------
/opt/airflow/dags/dbt_pipeline.py                           1           0  0.35s           2026-10-01T08:03:33                      12
================================================================================
[2026-10-01T08:04:31.939+0000] {manager.py:997} INFO - 
================================================================================
DAG File Processing Stats

File Path                          PID    Runtime      # DAGs    # Errors  Last Runtime    Last Run               Last # of DB Queries
---------------------------------  -----  ---------  --------  ----------  --------------  -------------------  ----------------------
/opt/airflow/dags/dbt_pipeline.py                           1           0  0.40s           2026-10-01T08:04:03                      12
================================================================================
[2026-10-01T08:05:02.752+0000] {manager.py:997} INFO - 
================================================================================
DAG File Processing Stats

File Path                          PID    Runtime      # DAGs    # Errors  Last Runtime    Last Run               Last # of DB Queries
---------------------------------  -----  ---------  --------  ----------  --------------  -------------------  ----------------------
/opt/airflow/dags/dbt_pipeline.py                           1           0  0.46s           2026-10-01T08:04:34                      12
================================================================================
[2026-10-01T08:05:17.147+0000] {manager.py:821} INFO - Searching for files in /opt/airflow/dags
[2026-10-01T08:05:17.274+0000] {manager.py:824} INFO - There are 1 files in /opt/airflow/dags
[2026-10-01T08:05:32.786+0000] {manager.py:997} INFO - 
================================================================================
DAG File Processing Stats

File Path                          PID    Runtime      # DAGs    # Errors  Last Runtime    Last Run               Last # of DB Queries
---------------------------------  -----  ---------  --------  ----------  --------------  -------------------  ----------------------
/opt/airflow/dags/dbt_pipeline.py                           1           0  0.53s           2026-10-01T08:05:05                      12
================================================================================
[2026-10-01T08:06:03.177+0000] {manager.py:997} INFO - 
================================================================================
DAG File Processing Stats

File Path                          PID    Runtime      # DAGs    # Errors  Last Runtime    Last Run               Last # of DB Queries
---------------------------------  -----  ---------  --------  ----------  --------------  -------------------  ----------------------
/opt/airflow/dags/dbt_pipeline.py                           1           0  0.25s           2026-10-01T08:05:35                      12
================================================================================
[2026-10-01T08:06:33.658+0000] {manager.py:997} INFO - 
================================================================================
DAG File Processing Stats

File Path                          PID    Runtime      # DAGs    # Errors  Last Runtime    Last Run               Last # of DB Queries
---------------------------------  -----  ---------  --------  ----------  --------------  -------------------  ----------------------
/opt/airflow/dags/dbt_pipeline.py                           1           0  0.53s           2026-10-01T08:06:06                      12
================================================================================
[2026-10-01T08:07:04.432+0000] {manager.py:997} INFO - 
================================================================================
DAG File Processing Stats

File Path                          PID    Runtime      # DAGs    # Errors  Last Runtime    Last Run               Last # of DB Queries
---------------------------------  -----  ---------  --------  ----------  --------------  -------------------  ----------------------
/opt/airflow/dags/dbt_pipeline.py                           1           0  0.23s           2026-10-01T08:06:37                      12
================================================================================
[2026-10-01T08:07:34.448+0000] {manager.py:997} INFO - 
================================================================================
DAG File Processing Stats

File Path                          PID    Runtime      # DAGs    # Errors  Last Runtime    Last Run               Last # of DB Queries
---------------------------------  -----  ---------  --------  ----------  --------------  -------------------  ----------------------
/opt/airflow/dags/dbt_pipeline.py                           1           0  0.50s           2026-10-01T08:07:08                      12
================================================================================
[2026-10-01T08:08:05.008+0000] {manager.py:997} INFO - 
================================================================================
DAG File Processing Stats

File Path                          PID    Runtime      # DAGs    # Errors  Last Runtime    Last Run               Last # of DB Queries
---------------------------------  -----  ---------  --------  ----------  --------------  -------------------  ----------------------
/opt/airflow/dags/dbt_pipeline.py                           1           0  0.49s           2026-10-01T08:07:38                      12
================================================================================
[2026-10-01T08:08:35.173+0000] {manager.py:997} INFO - 
================================================================================
DAG File Processing Stats

File Path                          PID    Runtime      # DAGs    # Errors  Last Runtime    Last Run               Last # of DB Queries
---------------------------------  -----  ---------  --------  ----------  --------------  -------------------  ----------------------
/opt/airflow/dags/dbt_pipeline.py                           1           0  0.57s           2026-10-01T08:08:09                      12
================================================================================
[2026-10-01T08:09:05.437+0000] {manager.py:997} INFO - 
================================================================================
DAG File Processing Stats

File Path                          PID    Runtime      # DAGs    # Errors  Last Runtime    Last Run               Last # of DB Queries
---------------------------------  -----  ---------  --------  ----------  --------------  -------------------  ----------------------
/opt/airflow/dags/dbt_pipeline.py                           1           0  0.30s           2026-10-01T08:08:40                      12
================================================================================
[2026-10-01T08:09:35.562+0000] {manager.py:997} INFO - 
================================================================================
DAG File Processing Stats

File Path                          PID    Runtime      # DAGs    # Errors  Last Runtime    Last Run               Last # of DB Queries
---------------------------------  -----  ---------  --------  ----------  --------------  -------------------  ----------------------
/opt/airflow/dags/dbt_pipeline.py                           1           0  0.20s           2026-10-01T08:09:10                      12
================================================================================
[2026-10-01T08:10:06.274+0000] {manager.py:997} INFO - 
================================================================================
DAG File Processing Stats

File Path                          PID    Runtime      # DAGs    # Errors  Last Runtime    Last Run               Last # of DB Queries
---------------------------------  -----  ---------  --------  ----------  --------------  -------------------  ----------------------
/opt/airflow/dags/dbt_pipeline.py                           1           0  0.48s           2026-10-01T08:09:41                      12
================================================================================
[2026-10-01T08:10:17.779+0000] {manager.py:821} INFO - Searching for files in /opt/airflow/dags
[2026-10-01T08:10:17.909+0000] {manager.py:824} INFO - There are 1 files in /opt/airflow/dags
[2026-10-01T08:10:36.374+0000] {manager.py:997} INFO - 
================================================================================
DAG File Processing Stats

File Path                          PID    Runtime      # DAGs    # Errors  Last Runtime    Last Run               Last # of DB Queries
---------------------------------  -----  ---------  --------  ----------  --------------  -------------------  ----------------------
/opt/airflow/dags/dbt_pipeline.py                           1           0  0.62s           2026-10-01T08:10:12                      12
================================================================================
[2026-10-01T08:11:06.872+0000] {manager.py:997} INFO - 
================================================================================
DAG File Processing Stats

File Path                          PID    Runtime      # DAGs    # Errors  Last Runtime    Last Run               Last # of DB Queries
---------------------------------  -----  ---------  --------  ----------  --------------  -------------------  ----------------------
/opt/airflow/dags/dbt_pipeline.py                           1           0  0.30s           2026-10-01T08:10:42                      12
================================================================================
[2026-10-01T08:11:37.170+0000] {manager.py:997} INFO - 
================================================================================
DAG File Processing Stats

File Path                          PID    Runtime      # DAGs    # Errors  Last Runtime    Last Run               Last # of DB Queries
---------------------------------  -----  ---------  --------  ----------  --------------  -------------------  ----------------------
/opt/airflow/dags/dbt_pipeline.py                           1           0  0.71s           2026-10-01T08:11:13                      12
================================================================================
[2026-10-01T08:12:07.603+0000] {manager.py:997} INFO - 
================================================================================
DAG File Processing Stats

File Path                          PID    Runtime      # DAGs    # Errors  Last Runtime    Last Run               Last # of DB Queries
---------------------------------  -----  ---------  --------  ----------  --------------  -------------------  ----------------------
/opt/airflow/dags/dbt_pipeline.py                           1           0  0.32s           2026-10-01T08:11:44                      12
================================================================================
[2026-10-01T08:12:38.242+0000] {manager.py:997} INFO - 
================================================================================
DAG File Processing Stats

File Path                          PID    Runtime      # DAGs    # Errors  Last Runtime    Last Run               Last # of DB Queries
---------------------------------  -----  ---------  --------  ----------  --------------  -------------------  ----------------------
/opt/airflow/dags/dbt_pipeline.py                           1           0  0.35s           2026-10-01T08:12:15                      12
================================================================================
[2026-10-01T08:13:08.622+0000] {manager.py:997} INFO - 
================================================================================
DAG File Processing Stats

File Path                          PID    Runtime      # DAGs    # Errors  Last Runtime    Last Run               Last # of DB Queries
---------------------------------  -----  ---------  --------  ----------  --------------  -------------------  ----------------------
/opt/airflow/dags/dbt_pipeline.py                           1           0  0.30s           2026-10-01T08:12:45                      12
================================================================================
[2026-10-01T08:13:39.362+0000] {manager.py:997} INFO - 
================================================================================
DAG File Processing Stats

File Path                          PID    Runtime      # DAGs    # Errors  Last Runtime    Last Run               Last # of DB Queries
---------------------------------  -----  ---------  --------  ----------  --------------  -------------------  ----------------------
/opt/airflow/dags/dbt_pipeline.py                           1           0  0.44s           2026-10-01T08:13:16                      12
================================================================================
[2026-10-01T08:14:10.086+0000] {manager.py:997} INFO - 
================================================================================
DAG File Processing Stats

File Path                          PID    Runtime      # DAGs    # Errors  Last Runtime    Last Run               Last # of DB Queries
---------------------------------  -----  ---------  --------  ----------  --------------  -------------------  ----------------------
/opt/airflow/dags/dbt_pipeline.py                           1           0  0.37s           2026-10-01T08:13:46                      12
================================================================================
[2026-10-01T08:14:40.749+0000] {manager.py:997} INFO - 
================================================================================
DAG File Processing Stats

File Path                          PID    Runtime      # DAGs    # Errors  Last Runtime    Last Run               Last # of DB Queries
---------------------------------  -----  ---------  --------  ----------  --------------  -------------------  ----------------------
/opt/airflow/dags/dbt_pipeline.py                           1           0  0.43s           2026-10-01T08:14:17                      12
================================================================================
[2026-10-01T08:15:10.817+0000] {manager.py:997} INFO - 
================================================================================
DAG File Processing Stats

File Path                          PID    Runtime      # DAGs    # Errors  Last Runtime    Last Run               Last # of DB Queries
---------------------------------  -----  ---------  --------  ----------  --------------  -------------------  ----------------------
/opt/airflow/dags/dbt_pipeline.py                           1           0  0.58s           2026-10-01T08:14:48                      12
================================================================================
[2026-10-01T08:15:17.924+0000] {manager.py:821} INFO - Searching for files in /opt/airflow/dags
[2026-10-01T08:15:17.980+0000] {manager.py:824} INFO - There are 1 files in /opt/airflow/dags
[2026-10-01T08:15:40.877+0000] {manager.py:997} INFO - 
================================================================================
DAG File Processing Stats

File Path                          PID    Runtime      # DAGs    # Errors  Last Runtime    Last Run               Last # of DB Queries
---------------------------------  -----  ---------  --------  ----------  --------------  -------------------  ----------------------
/opt/airflow/dags/dbt_pipeline.py                           1           0  0.30s           2026-10-01T08:15:18                      12
================================================================================
[2026-10-01T08:16:11.661+0000] {manager.py:997} INFO - 
================================================================================
DAG File Processing Stats

File Path                          PID    Runtime      # DAGs    # Errors  Last Runtime    Last Run               Last # of DB Queries
---------------------------------  -----  ---------  --------  ----------  --------------  -------------------  ----------------------
/opt/airflow/dags/dbt_pipeline.py                           1           0  0.43s           2026-10-01T08:15:49                      12
================================================================================
[2026-10-01T08:16:42.140+0000] {manager.py:997} INFO - 
================================================================================
DAG File Processing Stats

File Path                          PID    Runtime      # DAGs    # Errors  Last Runtime    Last Run               Last # of DB Queries
---------------------------------  -----  ---------  --------  ----------  --------------  -------------------  ----------------------
/opt/airflow/dags/dbt_pipeline.py                           1           0  0.33s           2026-10-01T08:16:20                      12
================================================================================
[2026-10-01T08:17:12.236+0000] {manager.py:997} INFO - 
================================================================================
DAG File Processing Stats

File Path                          PID    Runtime      # DAGs    # Errors  Last Runtime    Last Run               Last # of DB Queries
---------------------------------  -----  ---------  --------  ----------  --------------  -------------------  ----------------------
/opt/airflow/dags/dbt_pipeline.py                           1           0  0.61s           2026-10-01T08:16:50                      12
================================================================================
[2026-10-01T08:17:42.265+0000] {manager.py:997} INFO - 
================================================================================
DAG File Processing Stats

File Path                          PID    Runtime      # DAGs    # Errors  Last Runtime    Last Run               Last # of DB Queries
---------------------------------  -----  ---------  --------  ----------  --------------  -------------------  ----------------------
/opt/airflow/dags/dbt_pipeline.py                           1           0  0.29s           2026-10-01T08:17:21                      12
================================================================================
[2026-10-01T08:18:13.040+0000] {manager.py:997} INFO - 
================================================================================
DAG File Processing Stats

File Path                          PID    Runtime      # DAGs    # Errors  Last Runtime    Last Run               Last # of DB Queries
---------------------------------  -----  ---------  --------  ----------  --------------  -------------------  ----------------------
/opt/airflow/dags/dbt_pipeline.py                           1           0  0.30s           2026-10-01T08:17:51                      12
================================================================================
[2026-10-01T08:18:43.591+0000] {manager.py:997} INFO - 
================================================================================
DAG File Processing Stats

File Path                          PID    Runtime      # DAGs    # Errors  Last Runtime    Last Run               Last # of DB Queries
---------------------------------  -----  ---------  --------  ----------  --------------  -------------------  ----------------------
/opt/airflow/dags/dbt_pipeline.py                           1           0  0.42s           2026-10-01T08:18:22                      12
================================================================================
[2026-10-01T08:19:14.075+0000] {manager.py:997} INFO - 
================================================================================
DAG File Processing Stats

File Path                          PID    Runtime      # DAGs    # Errors  Last Runtime    Last Run               Last # of DB Queries
---------------------------------  -----  ---------  --------  ----------  --------------  -------------------  ----------------------
/opt/airflow/dags/dbt_pipeline.py                           1           0  0.32s           2026-10-01T08:18:53                      12
================================================================================
[2026-10-01T08:19:44.863+0000] {manager.py:997} INFO - 
================================================================================
DAG File Processing Stats

File Path                          PID    Runtime      # DAGs    # Errors  Last Runtime    Last Run               Last # of DB Queries
---------------------------------  -----  ---------  --------  ----------  --------------  -------------------  ----------------------
/opt/airflow/dags/dbt_pipeline.py                           1           0  0.48s           2026-10-01T08:19:23                      12
================================================================================
[2026-10-01T08:20:14.968+0000] {manager.py:997} INFO - 
================================================================================
DAG File Processing Stats

File Path                          PID    Runtime      # DAGs    # Errors  Last Runtime    Last Run               Last # of DB Queries
---------------------------------  -----  ---------  --------  ----------  --------------  -------------------  ----------------------
/opt/airflow/dags/dbt_pipeline.py                           1           0  0.56s           2026-10-01T08:19:54                      12
================================================================================
[2026-10-01T08:20:18.013+0000] {manager.py:821} INFO - Searching for files in /opt/airflow/dags
[2026-10-01T08:20:18.146+0000] {manager.py:824} INFO - There are 1 files in /opt/airflow/dags
[2026-10-01T08:20:45.066+0000] {manager.py:997} INFO - 
================================================================================
DAG File Processing Stats

File Path                          PID    Runtime      # DAGs    # Errors  Last Runtime    Last Run               Last # of DB Queries
---------------------------------  -----  ---------  --------  ----------  --------------  -------------------  ----------------------
/opt/airflow/dags/dbt_pipeline.py                           1           0  0.43s           2026-10-01T08:20:25                      12
================================================================================
[2026-10-01T08:21:15.887+0000] {manager.py:997} INFO - 
================================================================================
DAG File Processing Stats

File Path                          PID    Runtime      # DAGs    # Errors  Last Runtime    Last Run               Last # of DB Queries
---------------------------------  -----  ---------  --------  ----------  --------------  -------------------  ----------------------
/opt/airflow/dags/dbt_pipeline.py                           1           0  0.44s           2026-10-01T08:20:55                      12
================================================================================
[2026-10-01T08:21:46.313+0000] {manager.py:997} INFO - 
================================================================================
DAG File Processing Stats

File Path                          PID    Runtime      # DAGs    # Errors  Last Runtime    Last Run               Last # of DB Queries
---------------------------------  -----  ---------  --------  ----------  --------------  -------------------  ----------------------
/opt/airflow/dags/dbt_pipeline.py                           1           0  0.36s           2026-10-01T08:21:26                      12
================================================================================
[2026-10-01T08:22:17.091+0000] {manager.py:997} INFO - 
================================================================================
DAG File Processing Stats

File Path                          PID    Runtime      # DAGs    # Errors  Last Runtime    Last Run               Last # of DB Queries
---------------------------------  -----  ---------  --------  ----------  --------------  -------------------  ----------------------
/opt/airflow/dags/dbt_pipeline.py                           1           0  0.43s           2026-10-01T08:21:56                      12
================================================================================
[2026-10-01T08:22:47.619+0000] {manager.py:997} INFO - 
================================================================================
DAG File Processing Stats

File Path                          PID    Runtime      # DAGs    # Errors  Last Runtime    Last Run               Last # of DB Queries
---------------------------------  -----  ---------  --------  ----------  --------------  -------------------  ----------------------
/opt/airflow/dags/dbt_pipeline.py                           1           0  0.47s           2026-10-01T08:22:27                      12
================================================================================
[2026-10-01T08:23:18.507+0000] {manager.py:997} INFO - 
================================================================================
DAG File Processing Stats

File Path                          PID    Runtime      # DAGs    # Errors  Last Runtime    Last Run               Last # of DB Queries
---------------------------------  -----  ---------  --------  ----------  --------------  -------------------  ----------------------
/opt/airflow/dags/dbt_pipeline.py                           1           0  0.47s           2026-10-01T08:22:58                      12
================================================================================
[2026-10-01T08:23:49.002+0000] {manager.py:997} INFO - 
================================================================================
DAG File Processing Stats

File Path                          PID    Runtime      # DAGs    # Errors  Last Runtime    Last Run               Last # of DB Queries
---------------------------------  -----  ---------  --------  ----------  --------------  -------------------  ----------------------
/opt/airflow/dags/dbt_pipeline.py                           1           0  0.33s           2026-10-01T08:23:29                      12
================================================================================
[2026-10-01T08:24:19.739+0000] {manager.py:997} INFO - 
================================================================================
DAG File Processing Stats

File Path                          PID    Runtime      # DAGs    # Errors  Last Runtime    Last Run               Last # of DB Queries
---------------------------------  -----  ---------  --------  ----------  --------------  -------------------  ----------------------
/opt/airflow/dags/dbt_pipeline.py                           1           0  0.42s           2026-10-01T08:23:59                      12
================================================================================
[2026-10-01T08:24:50.264+0000] {manager.py:997} INFO - 
================================================================================
DAG File Processing Stats

File Path                          PID    Runtime      # DAGs    # Errors  Last Runtime    Last Run               Last # of DB Queries
---------------------------------  -----  ---------  --------  ----------  --------------  -------------------  ----------------------
/opt/airflow/dags/dbt_pipeline.py                           1           0  0.41s           2026-10-01T08:24:30                      12
================================================================================
[2026-10-01T08:25:18.183+0000] {manager.py:821} INFO - Searching for files in /opt/airflow/dags
[2026-10-01T08:25:18.263+0000] {manager.py:824} INFO - There are 1 files in /opt/airflow/dags
[2026-10-01T08:25:20.320+0000] {manager.py:997} INFO - 
================================================================================
DAG File Processing Stats

File Path                          PID    Runtime      # DAGs    # Errors  Last Runtime    Last Run               Last # of DB Queries
---------------------------------  -----  ---------  --------  ----------  --------------  -------------------  ----------------------
/opt/airflow/dags/dbt_pipeline.py                           1           0  0.49s           2026-10-01T08:25:00                      12
================================================================================
[2026-10-01T08:25:50.772+0000] {manager.py:997} INFO - 
================================================================================
DAG File Processing Stats

File Path                          PID    Runtime      # DAGs    # Errors  Last Runtime    Last Run               Last # of DB Queries
---------------------------------  -----  ---------  --------  ----------  --------------  -------------------  ----------------------
/opt/airflow/dags/dbt_pipeline.py                           1           0  0.33s           2026-10-01T08:25:31                      12
================================================================================
[2026-10-01T08:26:21.281+0000] {manager.py:997} INFO - 
================================================================================
DAG File Processing Stats

File Path                          PID    Runtime      # DAGs    # Errors  Last Runtime    Last Run               Last # of DB Queries
---------------------------------  -----  ---------  --------  ----------  --------------  -------------------  ----------------------
/opt/airflow/dags/dbt_pipeline.py                           1           0  0.36s           2026-10-01T08:26:02                      12
================================================================================
[2026-10-01T08:26:52.048+0000] {manager.py:997} INFO - 
================================================================================
DAG File Processing Stats

File Path                          PID    Runtime      # DAGs    # Errors  Last Runtime    Last Run               Last # of DB Queries
---------------------------------  -----  ---------  --------  ----------  --------------  -------------------  ----------------------
/opt/airflow/dags/dbt_pipeline.py                           1           0  0.41s           2026-10-01T08:26:32                      12
================================================================================
[2026-10-01T08:27:22.680+0000] {manager.py:997} INFO - 
================================================================================
DAG File Processing Stats

File Path                          PID    Runtime      # DAGs    # Errors  Last Runtime    Last Run               Last # of DB Queries
---------------------------------  -----  ---------  --------  ----------  --------------  -------------------  ----------------------
/opt/airflow/dags/dbt_pipeline.py                           1           0  0.40s           2026-10-01T08:27:03                      12
================================================================================
[2026-10-01T08:27:52.788+0000] {manager.py:997} INFO - 
================================================================================
DAG File Processing Stats

File Path                          PID    Runtime      # DAGs    # Errors  Last Runtime    Last Run               Last # of DB Queries
---------------------------------  -----  ---------  --------  ----------  --------------  -------------------  ----------------------
/opt/airflow/dags/dbt_pipeline.py                           1           0  0.60s           2026-10-01T08:27:34                      12
================================================================================
[2026-10-01T08:28:23.301+0000] {manager.py:997} INFO - 
================================================================================
DAG File Processing Stats

File Path                          PID    Runtime      # DAGs    # Errors  Last Runtime    Last Run               Last # of DB Queries
---------------------------------  -----  ---------  --------  ----------  --------------  -------------------  ----------------------
/opt/airflow/dags/dbt_pipeline.py                           1           0  0.52s           2026-10-01T08:28:05                      12
================================================================================
[2026-10-01T08:28:53.927+0000] {manager.py:997} INFO - 
================================================================================
DAG File Processing Stats

File Path                          PID    Runtime      # DAGs    # Errors  Last Runtime    Last Run               Last # of DB Queries
---------------------------------  -----  ---------  --------  ----------  --------------  -------------------  ----------------------
/opt/airflow/dags/dbt_pipeline.py                           1           0  0.54s           2026-10-01T08:28:36                      12
================================================================================
[2026-10-01T08:29:24.758+0000] {manager.py:997} INFO - 
================================================================================
DAG File Processing Stats

File Path                          PID    Runtime      # DAGs    # Errors  Last Runtime    Last Run               Last # of DB Queries
---------------------------------  -----  ---------  --------  ----------  --------------  -------------------  ----------------------
/opt/airflow/dags/dbt_pipeline.py                           1           0  0.51s           2026-10-01T08:29:06                      12
================================================================================
[2026-10-01T08:29:55.415+0000] {manager.py:997} INFO - 
================================================================================
DAG File Processing Stats

File Path                          PID    Runtime      # DAGs    # Errors  Last Runtime    Last Run               Last # of DB Queries
---------------------------------  -----  ---------  --------  ----------  --------------  -------------------  ----------------------
/opt/airflow/dags/dbt_pipeline.py                           1           0  0.40s           2026-10-01T08:29:37                      12
================================================================================
[2026-10-01T08:30:18.996+0000] {manager.py:821} INFO - Searching for files in /opt/airflow/dags
[2026-10-01T08:30:19.131+0000] {manager.py:824} INFO - There are 1 files in /opt/airflow/dags
[2026-10-01T08:30:26.301+0000] {manager.py:997} INFO - 
================================================================================
DAG File Processing Stats

File Path                          PID    Runtime      # DAGs    # Errors  Last Runtime    Last Run               Last # of DB Queries
---------------------------------  -----  ---------  --------  ----------  --------------  -------------------  ----------------------
/opt/airflow/dags/dbt_pipeline.py                           1           0  0.27s           2026-10-01T08:30:07                      12
================================================================================
[2026-10-01T08:30:56.784+0000] {manager.py:997} INFO - 
================================================================================
DAG File Processing Stats

File Path                          PID    Runtime      # DAGs    # Errors  Last Runtime    Last Run               Last # of DB Queries
---------------------------------  -----  ---------  --------  ----------  --------------  -------------------  ----------------------
/opt/airflow/dags/dbt_pipeline.py                           1           0  0.28s           2026-10-01T08:30:38                      12
================================================================================
[2026-10-01T08:31:27.547+0000] {manager.py:997} INFO - 
================================================================================
DAG File Processing Stats

File Path                          PID    Runtime      # DAGs    # Errors  Last Runtime    Last Run               Last # of DB Queries
---------------------------------  -----  ---------  --------  ----------  --------------  -------------------  ----------------------
/opt/airflow/dags/dbt_pipeline.py                           1           0  0.45s           2026-10-01T08:31:09                      12
================================================================================
[2026-10-01T08:31:57.555+0000] {manager.py:997} INFO - 
================================================================================
DAG File Processing Stats

File Path                          PID    Runtime      # DAGs    # Errors  Last Runtime    Last Run               Last # of DB Queries
---------------------------------  -----  ---------  --------  ----------  --------------  -------------------  ----------------------
/opt/airflow/dags/dbt_pipeline.py                           1           0  0.52s           2026-10-01T08:31:40                      12
================================================================================
[2026-10-01T08:32:28.024+0000] {manager.py:997} INFO - 
================================================================================
DAG File Processing Stats

File Path                          PID    Runtime      # DAGs    # Errors  Last Runtime    Last Run               Last # of DB Queries
---------------------------------  -----  ---------  --------  ----------  --------------  -------------------  ----------------------
/opt/airflow/dags/dbt_pipeline.py                           1           0  0.37s           2026-10-01T08:32:10                      12
================================================================================
[2026-10-01T08:32:58.551+0000] {manager.py:997} INFO - 
================================================================================
DAG File Processing Stats

File Path                          PID    Runtime      # DAGs    # Errors  Last Runtime    Last Run               Last # of DB Queries
---------------------------------  -----  ---------  --------  ----------  --------------  -------------------  ----------------------
/opt/airflow/dags/dbt_pipeline.py                           1           0  0.34s           2026-10-01T08:32:41                      12
================================================================================
[2026-10-01T08:33:28.610+0000] {manager.py:997} INFO - 
================================================================================
DAG File Processing Stats

File Path                          PID    Runtime      # DAGs    # Errors  Last Runtime    Last Run               Last # of DB Queries
---------------------------------  -----  ---------  --------  ----------  --------------  -------------------  ----------------------
/opt/airflow/dags/dbt_pipeline.py                           1           0  0.59s           2026-10-01T08:33:12                      12
================================================================================
[2026-10-01T08:33:59.108+0000] {manager.py:997} INFO - 
================================================================================
DAG File Processing Stats

File Path                          PID    Runtime      # DAGs    # Errors  Last Runtime    Last Run               Last # of DB Queries
---------------------------------  -----  ---------  --------  ----------  --------------  -------------------  ----------------------
/opt/airflow/dags/dbt_pipeline.py                           1           0  0.49s           2026-10-01T08:33:43                      12
================================================================================
[2026-10-01T08:34:29.745+0000] {manager.py:997} INFO - 
================================================================================
DAG File Processing Stats

File Path                          PID    Runtime      # DAGs    # Errors  Last Runtime    Last Run               Last # of DB Queries
---------------------------------  -----  ---------  --------  ----------  --------------  -------------------  ----------------------
/opt/airflow/dags/dbt_pipeline.py                           1           0  0.40s           2026-10-01T08:34:13                      12
================================================================================
[2026-10-01T08:35:00.484+0000] {manager.py:997} INFO - 
================================================================================
DAG File Processing Stats

File Path                          PID    Runtime      # DAGs    # Errors  Last Runtime    Last Run               Last # of DB Queries
---------------------------------  -----  ---------  --------  ----------  --------------  -------------------  ----------------------
/opt/airflow/dags/dbt_pipeline.py                           1           0  0.50s           2026-10-01T08:34:44                      12
================================================================================
[2026-10-01T08:35:19.029+0000] {manager.py:821} INFO - Searching for files in /opt/airflow/dags
[2026-10-01T08:35:19.157+0000] {manager.py:824} INFO - There are 1 files in /opt/airflow/dags
[2026-10-01T08:35:31.115+0000] {manager.py:997} INFO - 
================================================================================
DAG File Processing Stats

File Path                          PID    Runtime      # DAGs    # Errors  Last Runtime    Last Run               Last # of DB Queries
---------------------------------  -----  ---------  --------  ----------  --------------  -------------------  ----------------------
/opt/airflow/dags/dbt_pipeline.py                           1           0  0.69s           2026-10-01T08:35:27                      12
================================================================================
[2026-10-01T08:36:01.884+0000] {manager.py:997} INFO - 
================================================================================
DAG File Processing Stats

File Path                          PID    Runtime      # DAGs    # Errors  Last Runtime    Last Run               Last # of DB Queries
---------------------------------  -----  ---------  --------  ----------  --------------  -------------------  ----------------------
/opt/airflow/dags/dbt_pipeline.py                           1           0  0.46s           2026-10-01T08:35:57                      12
================================================================================
[2026-10-01T08:36:32.498+0000] {manager.py:997} INFO - 
================================================================================
DAG File Processing Stats

File Path                          PID    Runtime      # DAGs    # Errors  Last Runtime    Last Run               Last # of DB Queries
---------------------------------  -----  ---------  --------  ----------  --------------  -------------------  ----------------------
/opt/airflow/dags/dbt_pipeline.py                           1           0  0.44s           2026-10-01T08:36:28                      12
================================================================================
[2026-10-01T08:37:03.201+0000] {manager.py:997} INFO - 
================================================================================
DAG File Processing Stats

File Path                          PID    Runtime      # DAGs    # Errors  Last Runtime    Last Run               Last # of DB Queries
---------------------------------  -----  ---------  --------  ----------  --------------  -------------------  ----------------------
/opt/airflow/dags/dbt_pipeline.py                           1           0  0.39s           2026-10-01T08:36:59                      12
================================================================================
[2026-10-01T08:37:33.695+0000] {manager.py:997} INFO - 
================================================================================
DAG File Processing Stats

File Path                          PID    Runtime      # DAGs    # Errors  Last Runtime    Last Run               Last # of DB Queries
---------------------------------  -----  ---------  --------  ----------  --------------  -------------------  ----------------------
/opt/airflow/dags/dbt_pipeline.py                           1           0  0.38s           2026-10-01T08:37:29                      12
================================================================================
[2026-10-01T08:38:04.427+0000] {manager.py:997} INFO - 
================================================================================
DAG File Processing Stats

File Path                          PID    Runtime      # DAGs    # Errors  Last Runtime    Last Run               Last # of DB Queries
---------------------------------  -----  ---------  --------  ----------  --------------  -------------------  ----------------------
/opt/airflow/dags/dbt_pipeline.py                           1           0  0.41s           2026-10-01T08:38:00                      12
================================================================================
[2026-10-01T08:38:35.023+0000] {manager.py:997} INFO - 
================================================================================
DAG File Processing Stats

File Path                          PID    Runtime      # DAGs    # Errors  Last Runtime    Last Run               Last # of DB Queries
---------------------------------  -----  ---------  --------  ----------  --------------  -------------------  ----------------------
/opt/airflow/dags/dbt_pipeline.py                           1           0  0.50s           2026-10-01T08:38:31                      12
================================================================================
[2026-10-01T08:39:05.834+0000] {manager.py:997} INFO - 
================================================================================
DAG File Processing Stats

File Path                          PID    Runtime      # DAGs    # Errors  Last Runtime    Last Run               Last # of DB Queries
---------------------------------  -----  ---------  --------  ----------  --------------  -------------------  ----------------------
/opt/airflow/dags/dbt_pipeline.py                           1           0  0.49s           2026-10-01T08:39:01                      12
================================================================================
[2026-10-01T08:39:36.351+0000] {manager.py:997} INFO - 
================================================================================
DAG File Processing Stats

File Path                          PID    Runtime      # DAGs    # Errors  Last Runtime    Last Run               Last # of DB Queries
---------------------------------  -----  ---------  --------  ----------  --------------  -------------------  ----------------------
/opt/airflow/dags/dbt_pipeline.py                           1           0  0.39s           2026-10-01T08:39:32                      12
================================================================================
[2026-10-01T08:40:07.058+0000] {manager.py:997} INFO - 
================================================================================
DAG File Processing Stats

File Path                          PID    Runtime      # DAGs    # Errors  Last Runtime    Last Run               Last # of DB Queries
---------------------------------  -----  ---------  --------  ----------  --------------  -------------------  ----------------------
/opt/airflow/dags/dbt_pipeline.py                           1           0  0.51s           2026-10-01T08:40:03                      12
================================================================================
[2026-10-01T08:40:19.210+0000] {manager.py:821} INFO - Searching for files in /opt/airflow/dags
[2026-10-01T08:40:19.274+0000] {manager.py:824} INFO - There are 1 files in /opt/airflow/dags
[2026-10-01T08:40:37.811+0000] {manager.py:997} INFO - 
================================================================================
DAG File Processing Stats

File Path                          PID    Runtime      # DAGs    # Errors  Last Runtime    Last Run               Last # of DB Queries
---------------------------------  -----  ---------  --------  ----------  --------------  -------------------  ----------------------
/opt/airflow/dags/dbt_pipeline.py                           1           0  0.37s           2026-10-01T08:40:33                      12
================================================================================
[2026-10-01T08:41:08.262+0000] {manager.py:997} INFO - 
================================================================================
DAG File Processing Stats

File Path                          PID    Runtime      # DAGs    # Errors  Last Runtime    Last Run               Last # of DB Queries
---------------------------------  -----  ---------  --------  ----------  --------------  -------------------  ----------------------
/opt/airflow/dags/dbt_pipeline.py                           1           0  0.18s           2026-10-01T08:41:04                      12
================================================================================
[2026-10-01T08:41:38.560+0000] {manager.py:997} INFO - 
================================================================================
DAG File Processing Stats

File Path                          PID    Runtime      # DAGs    # Errors  Last Runtime    Last Run               Last # of DB Queries
---------------------------------  -----  ---------  --------  ----------  --------------  -------------------  ----------------------
/opt/airflow/dags/dbt_pipeline.py                           1           0  0.14s           2026-10-01T08:41:34                      12
================================================================================
[2026-10-01T08:42:08.916+0000] {manager.py:997} INFO - 
================================================================================
DAG File Processing Stats

File Path                          PID    Runtime      # DAGs    # Errors  Last Runtime    Last Run               Last # of DB Queries
---------------------------------  -----  ---------  --------  ----------  --------------  -------------------  ----------------------
/opt/airflow/dags/dbt_pipeline.py                           1           0  0.13s           2026-10-01T08:42:04                      12
================================================================================
[2026-10-01T08:42:39.239+0000] {manager.py:997} INFO - 
================================================================================
DAG File Processing Stats

File Path                          PID    Runtime      # DAGs    # Errors  Last Runtime    Last Run               Last # of DB Queries
---------------------------------  -----  ---------  --------  ----------  --------------  -------------------  ----------------------
/opt/airflow/dags/dbt_pipeline.py                           1           0  0.24s           2026-10-01T08:42:35                      12
================================================================================
[2026-10-01T08:43:09.494+0000] {manager.py:997} INFO - 
================================================================================
DAG File Processing Stats

File Path                          PID    Runtime      # DAGs    # Errors  Last Runtime    Last Run               Last # of DB Queries
---------------------------------  -----  ---------  --------  ----------  --------------  -------------------  ----------------------
/opt/airflow/dags/dbt_pipeline.py                           1           0  0.13s           2026-10-01T08:43:05                      12
================================================================================
